[2025-10-04T13:27:25.383698] https://www.uit.edu.vn status=None
[2025-10-04T13:27:29.347670] https://fit.uit.edu.vn status=None
[2025-10-04T13:27:31.173593] https://oep.uit.edu.vn status=None
[2025-10-04T13:27:31.462885] https://daa.uit.edu.vn status=None
[2025-10-04T13:32:49.686017] https://www.uit.edu.vn status=None
[2025-10-04T13:32:53.344113] https://fit.uit.edu.vn status=None
[2025-10-04T13:32:54.689268] https://oep.uit.edu.vn status=None
[2025-10-04T13:32:55.034895] https://daa.uit.edu.vn status=None
[2025-10-04T13:44:13.006011] https://www.uit.edu.vn status=None
[2025-10-04T13:44:17.402449] https://fit.uit.edu.vn status=None
[2025-10-04T13:44:19.717924] https://oep.uit.edu.vn status=None
[2025-10-04T13:44:22.979008] https://daa.uit.edu.vn status=None
[2025-10-04T13:44:28.216549] https://www.uit.edu.vn/sitemap.xml?page=1 status=None
[2025-10-04T13:44:59.570712] https://www.uit.edu.vn/sitemap.xml?page=2 status=None
[2025-10-06T14:21:42.733923] https://daa.uit.edu.vn/thong-bao status=None
[2025-10-06T14:21:43.314279] https://daa.uit.edu.vn/van-ban status=None
[2025-10-06T14:21:43.877534] https://daa.uit.edu.vn/van-ban/quy-dinh status=None
[2025-10-06T14:21:44.464293] https://daa.uit.edu.vn/van-ban/quy-che status=None
[2025-10-06T14:21:45.282547] https://oep.uit.edu.vn/thong-bao status=None
[2025-10-06T14:21:48.928017] https://www.uit.edu.vn/tin-tuc status=None
[2025-10-06T14:21:59.115176] DirectFileError https://fit.uit.edu.vn/vi/thong-bao
[2025-10-06T14:45:12.019524] https://daa.uit.edu.vn/thong-bao status=None
[2025-10-06T14:45:12.592702] https://daa.uit.edu.vn/van-ban status=None
[2025-10-06T14:45:13.178526] https://daa.uit.edu.vn/van-ban/quy-dinh status=None
[2025-10-06T14:45:13.733579] https://daa.uit.edu.vn/van-ban/quy-che status=None
[2025-10-06T14:45:14.481880] https://oep.uit.edu.vn/thong-bao status=None
[2025-10-06T14:45:18.207831] https://www.uit.edu.vn/tin-tuc status=None
[2025-10-06T14:45:27.289953] DirectFileError https://fit.uit.edu.vn/vi/thong-bao
[2025-10-06T14:48:03.741944] https://daa.uit.edu.vn/thong-bao status=None
[2025-10-06T14:48:04.305763] https://daa.uit.edu.vn/van-ban status=None
[2025-10-06T14:48:04.880403] https://daa.uit.edu.vn/van-ban/quy-dinh status=None
[2025-10-06T14:48:05.568739] https://daa.uit.edu.vn/van-ban/quy-che status=None
[2025-10-06T14:48:06.301709] https://oep.uit.edu.vn/thong-bao status=None
[2025-10-06T14:48:10.177739] https://www.uit.edu.vn/tin-tuc status=None
[2025-10-06T14:48:13.537369] https://fit.uit.edu.vn status=None
[2025-10-14T01:34:57.291974] https://daa.uit.edu.vn/van-ban/huong-dan status=None
[2025-10-14T01:34:57.869217] https://daa.uit.edu.vn/van-ban/thong-bao status=None
[2025-10-14T01:34:58.427755] https://daa.uit.edu.vn/dao-tao status=None
[2025-10-14T01:34:58.984868] https://daa.uit.edu.vn/dao-tao/chuong-trinh-dao-tao status=None
[2025-10-14T01:34:59.547035] https://daa.uit.edu.vn/sinh-vien status=None
[2025-10-14T01:35:00.717258] https://oep.uit.edu.vn/bieu-mau status=None
[2025-10-14T01:35:04.848932] https://www.uit.edu.vn/thong-bao status=None
[2025-10-14T01:35:07.858744] https://www.uit.edu.vn/tuyen-sinh status=None
[2025-10-14T01:35:23.412658] DirectFileError https://fit.uit.edu.vn/thong-bao
[2025-10-14T01:35:23.704421] https://fit.uit.edu.vn/tin-tuc status=None
[2025-10-14T01:35:30.170448] https://ce.uit.edu.vn status=None
[2025-10-14T01:35:33.353616] https://ce.uit.edu.vn/thong-bao status=None
[2025-10-14T01:35:35.993011] https://ce.uit.edu.vn/tin-tuc status=None
[2025-10-14T01:35:39.003568] https://www.uit.edu.vn/nghien-cuu-khoa-hoc status=None
[2025-10-14T01:35:39.529830] DirectFileError https://grad.uit.edu.vn/thong-bao
[2025-10-14T01:35:43.183886] https://iro.uit.edu.vn/thong-bao status=None
[2025-10-14T01:35:45.923889] https://fce.uit.edu.vn/post-sitemap.xml status=None
[2025-10-14T01:35:48.078159] https://fce.uit.edu.vn/page-sitemap.xml status=None
[2025-10-14T01:35:50.043134] https://fce.uit.edu.vn/lecturer-info-sitemap.xml status=None
[2025-10-14T01:35:51.889989] https://fce.uit.edu.vn/category-sitemap.xml status=None
[2025-10-14T01:35:53.800253] https://fce.uit.edu.vn/post_tag-sitemap.xml status=None
[2025-10-14T01:35:55.715383] https://fce.uit.edu.vn/author-sitemap.xml status=None
[2025-10-14T01:52:13.829678] https://daa.uit.edu.vn/thong-bao?page=1 status=None
[2025-10-14T01:52:14.376974] https://daa.uit.edu.vn/thong-bao?page=2 status=None
[2025-10-14T01:52:14.925866] https://daa.uit.edu.vn/thong-bao?page=3 status=None
[2025-10-14T01:52:15.498655] https://daa.uit.edu.vn/van-ban status=None
[2025-10-14T01:52:16.066107] https://daa.uit.edu.vn/van-ban?page=1 status=None
[2025-10-14T01:52:16.617232] https://daa.uit.edu.vn/van-ban?page=2 status=None
[2025-10-14T01:52:17.200204] https://daa.uit.edu.vn/van-ban/quy-dinh status=None
[2025-10-14T01:52:17.761342] https://daa.uit.edu.vn/van-ban/quy-dinh?page=1 status=None
[2025-10-14T01:52:18.308172] https://daa.uit.edu.vn/van-ban/quy-dinh?page=2 status=None
[2025-10-14T01:52:18.855301] https://daa.uit.edu.vn/van-ban/quy-che status=None
[2025-10-14T01:52:19.394732] https://daa.uit.edu.vn/van-ban/quy-che?page=1 status=None
[2025-10-14T01:52:19.958307] https://daa.uit.edu.vn/van-ban/quy-che?page=2 status=None
[2025-10-14T01:52:20.516582] https://daa.uit.edu.vn/van-ban/huong-dan status=None
[2025-10-14T01:52:21.087952] https://daa.uit.edu.vn/van-ban/thong-bao status=None
[2025-10-14T01:52:21.647379] https://daa.uit.edu.vn/dao-tao status=None
[2025-10-14T01:52:22.192863] https://daa.uit.edu.vn/dao-tao/chuong-trinh-dao-tao status=None
[2025-10-14T01:52:22.750238] https://daa.uit.edu.vn/sinh-vien status=None
[2025-10-14T01:52:23.293939] https://daa.uit.edu.vn/sinh-vien?page=1 status=None
[2025-10-14T01:52:23.855754] https://daa.uit.edu.vn/sinh-vien?page=2 status=None
[2025-10-14T01:52:24.568977] https://oep.uit.edu.vn/thong-bao status=None
[2025-10-14T01:52:25.146227] https://oep.uit.edu.vn/thong-bao?page=1 status=None
[2025-10-14T01:52:25.690695] https://oep.uit.edu.vn/thong-bao?page=2 status=None
[2025-10-14T01:52:26.170520] https://oep.uit.edu.vn/bieu-mau status=None
[2025-10-14T01:52:28.867401] https://www.uit.edu.vn/tin-tuc status=None
[2025-10-14T01:52:29.627433] https://www.uit.edu.vn/tin-tuc?page=1 status=None
[2025-10-14T01:52:30.398188] https://www.uit.edu.vn/tin-tuc?page=2 status=None
[2025-10-14T01:52:31.195461] https://www.uit.edu.vn/tin-tuc?page=3 status=None
[2025-10-14T01:52:32.148878] https://www.uit.edu.vn/thong-bao status=None
[2025-10-14T01:52:33.160386] https://www.uit.edu.vn/thong-bao?page=1 status=None
[2025-10-14T01:52:34.132357] https://www.uit.edu.vn/thong-bao?page=2 status=None
[2025-10-14T01:52:34.960880] https://www.uit.edu.vn/tuyen-sinh status=None
[2025-10-14T01:52:38.350071] https://fit.uit.edu.vn status=None
[2025-10-14T01:52:47.019883] DirectFileError https://fit.uit.edu.vn/thong-bao
[2025-10-14T01:52:47.320022] https://fit.uit.edu.vn/tin-tuc status=None
[2025-10-14T01:52:47.610085] https://fit.uit.edu.vn/tin-tuc?page=1 status=None
[2025-10-14T01:52:47.908852] https://fit.uit.edu.vn/tin-tuc?page=2 status=None
[2025-10-14T01:52:54.824102] https://ce.uit.edu.vn status=None
[2025-10-14T01:52:57.439971] https://ce.uit.edu.vn/thong-bao status=None
[2025-10-14T01:53:00.021275] https://ce.uit.edu.vn/tin-tuc status=None
[2025-10-14T01:53:00.927168] https://www.uit.edu.vn/nghien-cuu-khoa-hoc status=None
[2025-10-14T01:53:01.847049] https://www.uit.edu.vn/nghien-cuu-khoa-hoc?page=1 status=None
[2025-10-14T01:53:03.556845] https://iro.uit.edu.vn/thong-bao status=None
[2025-10-14T01:53:06.018325] https://fce.uit.edu.vn/post-sitemap.xml status=None
[2025-10-14T01:53:08.351265] https://fce.uit.edu.vn/page-sitemap.xml status=None
[2025-10-14T01:53:10.708981] https://fce.uit.edu.vn/lecturer-info-sitemap.xml status=None
[2025-10-14T01:53:13.973136] https://fce.uit.edu.vn/category-sitemap.xml status=None
[2025-10-14T01:53:16.422476] https://fce.uit.edu.vn/post_tag-sitemap.xml status=None
[2025-10-14T01:53:18.723922] https://fce.uit.edu.vn/author-sitemap.xml status=None
[2025-10-14T01:53:19.262043] https://daa.uit.edu.vn/internal status=None
[2025-10-14T01:53:19.812609] https://daa.uit.edu.vn/external status=None
[2025-10-14T01:53:20.006966] https://daa.uit.edu.vn/favicon.ico status=None
[2025-10-14T01:53:23.096261] https://daa.uit.edu.vn/ status=None
[2025-10-14T01:53:23.283676] https://daa.uit.edu.vn/sites/daa/files/css/css_xE-rWrJf-fncB6ztZfd2huxqgxu4WO-qwma6Xer30m4.css status=None
[2025-10-14T01:53:23.473849] https://daa.uit.edu.vn/sites/daa/files/css/css_EUodAfQUchgFA1EIiF-YeePgQsO5VJUOSwm8VVoDFdw.css status=None
[2025-10-14T01:53:23.682139] https://daa.uit.edu.vn/sites/daa/files/css/css_g8SYssn2qudUBbU_0GH89Q5tc4rMFsWtZiYwqLgI6zE.css status=None
[2025-10-14T01:53:23.886718] https://daa.uit.edu.vn/sites/daa/files/css/css_Uhfvkw_PzkyMD7Va2qLAfm0rk1z1mxVus_aZaIRqqAE.css status=None
[2025-10-14T01:53:24.063938] https://daa.uit.edu.vn/sites/daa/files/css/css_nGZ0EUi6HATidAf3pITrpLdyTGtTsmfVAzXLpUp2gr4.css status=None
[2025-10-14T01:53:24.280855] https://daa.uit.edu.vn/sites/daa/files/js/js_Pt6OpwTd6jcHLRIjrE-eSPLWMxWDkcyYrPTIrXDSON0.js status=None
[2025-10-14T01:53:24.480556] https://daa.uit.edu.vn/sites/daa/files/js/js_f6licut2OF8GwJFcp1_7jzdQUrsoB8v0YItsjHTZDQ0.js status=None
[2025-10-14T01:53:24.676338] https://daa.uit.edu.vn/sites/daa/files/js/js_nuX7DqHyLvecZ1pZo5_FJZAsG25oBapWuNqJ5AQjaIw.js status=None
[2025-10-14T01:53:24.864780] https://daa.uit.edu.vn/sites/daa/files/js/js_qliIo4RLKMMYYL9Z4gCyyd6pjWQOuj4bIg2GTI64r78.js status=None
[2025-10-14T01:53:25.091432] https://daa.uit.edu.vn/sites/daa/files/js/js_t8ghy_wZmMaBclAwRf1K7QCHvLKc0uE0Yejimx2ZDeA.js status=None
[2025-10-14T01:53:25.284129] https://daa.uit.edu.vn/sites/daa/files/js/js_NyZIcR_cytJG066_ZOVMQYIiRBvRjpe0OiU3rrflcbs.js status=None
[2025-10-14T01:53:25.470833] https://daa.uit.edu.vn/sites/all/themes/open_framework/js/html5shiv.js status=None
[2025-10-14T01:53:26.046109] https://daa.uit.edu.vn/thong-bao?page=1#main status=None
[2025-10-14T01:53:26.237612] https://daa.uit.edu.vn/sites/daa/files/banner.png status=None
[2025-10-14T01:53:26.415490] https://daa.uit.edu.vn/sites/all/themes/open_framework/images/searchbutton.png status=None
[2025-10-14T01:53:26.968428] https://daa.uit.edu.vn/thong-bao?page=2#main status=None
[2025-10-14T01:53:27.538072] https://daa.uit.edu.vn/thong-bao?page=3#main status=None
[2025-10-14T01:53:28.099134] https://daa.uit.edu.vn/van-ban#main status=None
[2025-10-14T01:53:28.658132] https://daa.uit.edu.vn/van-ban?page=1#main status=None
[2025-10-14T01:53:29.235600] https://daa.uit.edu.vn/van-ban?page=2#main status=None
[2025-10-14T01:53:29.792452] https://daa.uit.edu.vn/van-ban/internal status=None
[2025-10-14T01:53:30.337567] https://daa.uit.edu.vn/van-ban/external status=None
[2025-10-14T01:53:30.869050] https://daa.uit.edu.vn/van-ban/quy-dinh#main status=None
[2025-10-14T01:53:31.413998] https://daa.uit.edu.vn/van-ban/quy-dinh?page=1#main status=None
[2025-10-14T01:53:31.980376] https://daa.uit.edu.vn/van-ban/quy-dinh?page=2#main status=None
[2025-10-14T01:53:32.526096] https://daa.uit.edu.vn/van-ban/quy-che#main status=None
[2025-10-14T01:53:33.073864] https://daa.uit.edu.vn/van-ban/quy-che?page=1#main status=None
[2025-10-14T01:53:33.604001] https://daa.uit.edu.vn/van-ban/quy-che?page=2#main status=None
[2025-10-14T01:53:34.171460] https://daa.uit.edu.vn/van-ban/huong-dan#main status=None
[2025-10-14T01:53:34.695880] https://daa.uit.edu.vn/van-ban/thong-bao#main status=None
[2025-10-14T01:53:35.229757] https://daa.uit.edu.vn/dao-tao#main status=None
[2025-10-14T01:53:35.779042] https://daa.uit.edu.vn/dao-tao/internal status=None
[2025-10-14T01:53:36.319802] https://daa.uit.edu.vn/dao-tao/external status=None
[2025-10-14T01:53:36.882801] https://daa.uit.edu.vn/dao-tao/chuong-trinh-dao-tao#main status=None
[2025-10-14T01:53:37.444370] https://daa.uit.edu.vn/sinh-vien#main status=None
[2025-10-14T01:53:38.018069] https://daa.uit.edu.vn/sinh-vien?page=1#main status=None
[2025-10-14T01:53:38.579461] https://daa.uit.edu.vn/sinh-vien?page=2#main status=None
[2025-10-14T01:53:39.028920] https://oep.uit.edu.vn/internal status=None
[2025-10-14T01:53:39.464450] https://oep.uit.edu.vn/external status=None
[2025-10-14T01:53:39.647184] https://oep.uit.edu.vn/favicon.ico status=None
[2025-10-14T01:53:40.175797] https://oep.uit.edu.vn/vi/thong-bao status=None
[2025-10-14T01:53:40.708943] https://oep.uit.edu.vn/vi/taxonomy/term/68 status=None
[2025-10-14T01:53:40.892071] https://oep.uit.edu.vn/sites/oep/files/css/css_xE-rWrJf-fncB6ztZfd2huxqgxu4WO-qwma6Xer30m4.css status=None
[2025-10-14T01:53:41.083702] https://oep.uit.edu.vn/sites/oep/files/css/css_OGmNe463XzqJZ6OqBK3UVz9_TNTtBB9NElfZxy08MNU.css status=None
[2025-10-14T01:53:41.294984] https://oep.uit.edu.vn/sites/oep/files/css/css_2TRxn0w3hHAnnUpg8X5J3T6T1ATgCcrg3t5WhB1HK-I.css status=None
[2025-10-14T01:53:41.498426] https://oep.uit.edu.vn/sites/oep/files/css/css_j3ORe7IIHj_T59QHReImtGuNcr5neVpjvaLwRxiTozw.css status=None
[2025-10-14T01:53:41.675270] https://oep.uit.edu.vn/sites/oep/files/css/css_nGZ0EUi6HATidAf3pITrpLdyTGtTsmfVAzXLpUp2gr4.css status=None
[2025-10-14T01:53:41.891260] https://oep.uit.edu.vn/sites/oep/files/js/js_Pt6OpwTd6jcHLRIjrE-eSPLWMxWDkcyYrPTIrXDSON0.js status=None
[2025-10-14T01:53:42.102294] https://oep.uit.edu.vn/sites/oep/files/js/js_f6licut2OF8GwJFcp1_7jzdQUrsoB8v0YItsjHTZDQ0.js status=None
[2025-10-14T01:53:42.284837] https://oep.uit.edu.vn/sites/oep/files/js/js_kMg7W1sZANW-JVt-y1p4g6o0k68QXbUoYrBuKkRfQvo.js status=None
[2025-10-14T01:53:42.474622] https://oep.uit.edu.vn/sites/oep/files/js/js_QThnZYHVeacItyMdjG-t8bfRfBQip99HHMqiP-235NA.js status=None
[2025-10-14T01:53:42.716892] https://oep.uit.edu.vn/sites/oep/files/js/js_PhIHfnNnChkmBNCUdLsGOVsWAaZNML9Cwh1mxNWaJ4k.js status=None
[2025-10-14T01:53:42.908112] https://oep.uit.edu.vn/sites/oep/files/js/js_bL1gwemNA64uDbzMF2N_zUuuznpEXZ13zuN256dUCSA.js status=None
[2025-10-14T01:53:43.107511] https://oep.uit.edu.vn/sites/all/themes/open_framework/js/html5shiv.js status=None
[2025-10-14T01:53:43.652346] https://oep.uit.edu.vn/thong-bao#main status=None
[2025-10-14T01:53:44.177659] https://oep.uit.edu.vn/thong-bao#main-nav status=None
[2025-10-14T01:53:44.987729] https://oep.uit.edu.vn/vi status=None
[2025-10-14T01:53:45.171234] https://oep.uit.edu.vn/sites/oep/files/oepwebheader2.png status=None
[2025-10-14T01:53:45.357589] https://oep.uit.edu.vn/sites/oep/modules/contrib/languageicons/flags/vi.png status=None
[2025-10-14T01:53:45.996250] https://oep.uit.edu.vn/en/announcement status=None
[2025-10-14T01:53:46.182432] https://oep.uit.edu.vn/sites/oep/modules/contrib/languageicons/flags/en.png status=None
[2025-10-14T01:53:46.795091] https://oep.uit.edu.vn/vi/lien-he status=None
[2025-10-14T01:53:46.965674] https://oep.uit.edu.vn/sites/oep/files/202503/logowebheader3-01.png status=None
[2025-10-14T01:53:47.473297] https://oep.uit.edu.vn/vi/tong-quan status=None
[2025-10-14T01:53:48.032552] https://oep.uit.edu.vn/vi/gallery-category/hoc-tap status=None
[2025-10-14T01:53:48.565883] https://oep.uit.edu.vn/vi/gallery-category/hoat-dong status=None
[2025-10-14T01:53:49.114697] https://oep.uit.edu.vn/vi/doi-ngu-giang-vien status=None
[2025-10-14T01:53:49.644267] https://oep.uit.edu.vn/vi/chuong-trinh-tien-tien status=None
[2025-10-14T01:53:50.175746] https://oep.uit.edu.vn/vi/truong-dh-oklahoma status=None
[2025-10-14T01:53:50.707451] https://oep.uit.edu.vn/vi/tong-quan-ve-chuong-trinh-chat-luong-cao status=None
[2025-10-14T01:53:51.266567] https://oep.uit.edu.vn/vi/tong-quan-nganh-ky-thuat-may-tinh status=None
[2025-10-14T01:53:51.793451] https://oep.uit.edu.vn/vi/tong-quan-nganh-ky-thuat-phan-mem status=None
[2025-10-14T01:53:52.395495] https://oep.uit.edu.vn/vi/tong-quan-nganh-he-thong-thong-tin status=None
[2025-10-14T01:53:52.927744] https://oep.uit.edu.vn/vi/tong-quan-nganh-toan-thong-tin status=None
[2025-10-14T01:53:53.459337] https://oep.uit.edu.vn/vi/tong-quan-nganh-mang-may-tinh-truyen-thong-du-lieu status=None
[2025-10-14T01:53:54.017781] https://oep.uit.edu.vn/vi/tong-quan-nganh-khoa-hoc-may-tinh status=None
[2025-10-14T01:53:54.546120] https://oep.uit.edu.vn/vi/nganh-cong-nghe-thong-tin-chat-luong-cao-dinh-huong-nhat-ban status=None
[2025-10-14T01:53:55.137451] https://oep.uit.edu.vn/vi/tong-quan-nganh-thuong-mai-dien-tu status=None
[2025-10-14T01:53:55.667605] https://oep.uit.edu.vn/vi/tong-quan-ve-chuong-trinh-tai-nang status=None
[2025-10-14T01:53:56.195471] https://oep.uit.edu.vn/vi/cu-nhan-tai-nang-nganh-toan-thong-tin status=None
[2025-10-14T01:53:56.728772] https://oep.uit.edu.vn/vi/cu-nhan-tai-nang-nganh-khoa-hoc-may-tinh status=None
[2025-10-14T01:53:57.274235] https://oep.uit.edu.vn/vi/cu-nhan-tai-nang-thiet-ke-vi-mach status=None
[2025-10-14T01:53:57.786985] https://oep.uit.edu.vn/vi/tong-quan-ve-chuong-trinh-lien-ket status=None
[2025-10-14T01:53:58.323957] https://oep.uit.edu.vn/vi/tong-quan-ve-chuong-trinh-lien-ket-bcu status=None
[2025-10-14T01:53:58.844919] https://oep.uit.edu.vn/vi/chuong-trinh-lien-ket-dai-hoc-newcastle status=None
[2025-10-14T01:53:59.343457] https://oep.uit.edu.vn/vi/qdbm-quy-che-quy-dinh status=None
[2025-10-14T01:53:59.866405] https://oep.uit.edu.vn/vi/qdbm-bieu-mau status=None
[2025-10-14T01:54:00.491038] https://daa.uit.edu.vn/chuong-trinh-dao-tao-tu-khoa-7-tro-di status=None
[2025-10-14T01:54:01.130226] https://oep.uit.edu.vn/vi/ke-hoach-giang-day status=None
[2025-10-14T01:54:01.737492] https://oep.uit.edu.vn/vi/ke-hoach-giang-day-chuong-trinh-tien-tien status=None
[2025-10-14T01:54:02.305216] https://oep.uit.edu.vn/vi/nganh-cong-nghe-thong-tin-chat-luong-cao-dinh-huong-nhat-ban-1 status=None
[2025-10-14T01:54:02.856312] https://oep.uit.edu.vn/vi/ke-hoach-giang-day-chat-luong-cao-nganh-khoa-hoc-may-tinh status=None
[2025-10-14T01:54:03.393476] https://oep.uit.edu.vn/vi/ke-hoach-giang-day-chat-luong-cao-nganh-ky-thuat-may-tinh status=None
[2025-10-14T01:54:04.143979] https://oep.uit.edu.vn/vi/ke-hoach-giang-day-chat-luong-cao-nganh-ky-thuat-phan-mem status=None
[2025-10-14T01:54:04.687847] https://oep.uit.edu.vn/vi/ke-hoach-giang-day-chat-luong-cao-nganh-he-thong-thong-tin-du-kien status=None
[2025-10-14T01:54:05.233906] https://oep.uit.edu.vn/vi/ke-hoach-giang-day-chat-luong-cao-nganh-toan-thong-tin status=None
[2025-10-14T01:54:05.814757] https://oep.uit.edu.vn/vi/ke-hoach-giang-day-nganh-mang-may-tinh-va-truyen-thong-du-lieu status=None
[2025-10-14T01:54:06.427415] https://oep.uit.edu.vn/vi/ke-hoach-giang-day-chat-luong-cao-nganh-thuong-mai-dien-tu status=None
[2025-10-14T01:54:06.994336] https://oep.uit.edu.vn/vi/ky-su-tai-nang-toan-thong-tin-0 status=None
[2025-10-14T01:54:07.517357] https://oep.uit.edu.vn/vi/ke-hoach-giang-day-cu-nhan-tai-nang-khoa-hoc-may-tinh status=None
[2025-10-14T01:54:08.120208] https://oep.uit.edu.vn/vi/ke-hoach-giang-day-nganh-khoa-hoc-may-tinh-bcu-nam-2019 status=None
[2025-10-14T01:54:08.682746] https://oep.uit.edu.vn/vi/ke-hoach-giang-day-nganh-mang-may-tinh-va-toan-thong-tin-bcu-nam-2019 status=None
[2025-10-14T01:54:09.243781] https://oep.uit.edu.vn/vi/ke-hoach-giang-day-nganh-khoa-hoc-may-tinh-bcu-nam-2022 status=None
[2025-10-14T01:54:09.801903] https://oep.uit.edu.vn/vi/ke-hoach-giang-day-nganh-mang-may-tinh-va-toan-thong-tin-bcu-nam-2022 status=None
[2025-10-14T01:54:10.372645] https://oep.uit.edu.vn/vi/ke-hoach-giang-day-chuong-trinh-lien-ket-newcastle status=None
[2025-10-14T01:54:12.073073] https://oep.uit.edu.vn/vi/huong-dan-danh-cho-sv status=None
[2025-10-14T01:54:12.622220] https://oep.uit.edu.vn/vi/category/thong-tin-tuyen-sinh status=None
[2025-10-14T01:54:13.966171] https://oep.uit.edu.vn/vi/thong-bao-bieu-mau status=None
[2025-10-14T01:54:14.523758] https://oep.uit.edu.vn/vi/cau-hoi-thuong-gap status=None
[2025-10-14T01:54:15.030776] https://oep.uit.edu.vn/vi/category/clb-tieng-anh status=None
[2025-10-14T01:54:15.537063] https://oep.uit.edu.vn/vi/gallery/ban-ket-cuoc-thi-uits-got-talent-2018 status=None
[2025-10-14T01:54:16.079995] https://oep.uit.edu.vn/vi/gallery/cuoc-thi-infinity-choice-clb-english-home status=None
[2025-10-14T01:54:16.580615] https://oep.uit.edu.vn/vi/gallery/buoi-tuyen-thanh-vien-clb-tieng-anh-e-home-2018 status=None
[2025-10-14T01:54:17.115093] https://oep.uit.edu.vn/vi/gallery/chung-ket-cuoc-thi-uits-got-talent-2018 status=None
[2025-10-14T01:54:17.627975] https://oep.uit.edu.vn/vi/category/clb-tieng-nhat status=None
[2025-10-14T01:54:18.151150] https://oep.uit.edu.vn/vi/category/goc-nho-sinh-vien status=None
[2025-10-14T01:54:18.667990] https://oep.uit.edu.vn/vi/gallery/tour-tham-quan-cong-ty-zalo-ngay-21052018 status=None
[2025-10-14T01:54:19.180660] https://oep.uit.edu.vn/vi/gallery/giai-bong-da-oep-mo-rong-lan-6-2018 status=None
[2025-10-14T01:54:19.688662] https://oep.uit.edu.vn/vi/gallery/buoi-gioi-thieu-ve-truong-dai-hoc-saga-danh-cho-sinh-vien-clc-nganh-cong-nghe-thong-tin-dinh status=None
[2025-10-14T01:54:20.189263] https://oep.uit.edu.vn/vi/gallery/buoi-khai-mac-giai-bong-da-oep-mo-rong-lan-7-nam-2019 status=None
[2025-10-14T01:54:20.700697] https://oep.uit.edu.vn/vi/gallery/hinh-anh-buoi-dinh-huong-nghien-cuu-khoa-hoc-uit status=None
[2025-10-14T01:54:21.216103] https://oep.uit.edu.vn/vi/gallery/hinh-anh-ve-lop-hoc-cua-giao-su-john-f-hurdle-dai-hoc-utah-hoa-ky status=None
[2025-10-14T01:54:21.781563] https://oep.uit.edu.vn/vi/sinh-vien-uit-tham-du-hoi-nghi-mang-luoi-cong-tac-sinh-vien-aun-lan-iv-va-dien-dan-thu-linh-sinh status=None
[2025-10-14T01:54:22.301710] https://oep.uit.edu.vn/vi/gallery/teambuilding-2018 status=None
[2025-10-14T01:54:22.491170] https://oep.uit.edu.vn/vi/tien-si-giao-duc-dh-my-hoc-cach-hoc-la-ki-nang-quan-trong-nhat-trong-cuoc-doi status=None
[2025-10-14T01:54:22.681870] https://oep.uit.edu.vn/vi/gallery/tour-tham-quan-cong-ty-kms-ngay-24102018 status=None
[2025-10-14T01:54:22.867069] https://oep.uit.edu.vn/vi/category/hoc-bong status=None
[2025-10-14T01:54:23.055016] https://oep.uit.edu.vn/vi/category/thong-tin-thu-vien status=None
[2025-10-14T01:54:23.244921] https://oep.uit.edu.vn/vi/category/co-hoi-du-hoc status=None
[2025-10-14T01:54:23.770497] https://oep.uit.edu.vn/vi/category/hoc-bong-du-hoc status=None
[2025-10-14T01:54:24.287431] https://oep.uit.edu.vn/vi/category/chuyen-tiep-nuoc-ngoai status=None
[2025-10-14T01:54:24.924279] https://oep.uit.edu.vn/vi/giao-trinh/danh-muc-sach status=None
[2025-10-14T01:54:25.117844] https://oep.uit.edu.vn/sites/all/themes/open_framework/images/searchbutton.png status=None
[2025-10-14T01:54:25.638403] https://oep.uit.edu.vn/home-bang-vang status=None
[2025-10-14T01:54:25.818766] https://oep.uit.edu.vn/sites/oep/files/uploads/bangvang.png status=None
[2025-10-14T01:54:26.010497] https://oep.uit.edu.vn/sites/oep/files/201509/studyabroad_landing.jpg status=None
[2025-10-14T01:54:26.196207] https://oep.uit.edu.vn/sites/oep/files/201509/library_0.jpg status=None
[2025-10-14T01:54:27.805912] https://www.uit.edu.vn status=None
[2025-10-14T01:54:28.997589] https://tuyensinh.uit.edu.vn/ status=None
[2025-10-14T01:54:29.223350] https://courses.uit.edu.vn/oep/ status=None
[2025-10-14T01:54:29.793055] https://oep.uit.edu.vn/vi/danh-sach-sinh-vien-du-dieu-kien-xet-tot-nghiep-dot-22015 status=None
[2025-10-14T01:54:30.346930] https://oep.uit.edu.vn/vi/thong-bao-nop-de-cuong-de-tai-kltn status=None
[2025-10-14T01:54:31.202273] https://oep.uit.edu.vn/vi/thong-bao-tuyen-sinh-chuong-trinh-tai-nang-nam-2015 status=None
[2025-10-14T01:54:31.994167] https://oep.uit.edu.vn/vi/lich-bao-ve-khoa-luan-tot-nghiep-cttt-1592015 status=None
[2025-10-14T01:54:32.552830] https://oep.uit.edu.vn/vi/muc-thu-hoc-phi-cac-he-dao-tao-dai-hoc-chinh-quy-cac-chuong-trinh-dac-biet-nam-hoc-2015-2016 status=None
[2025-10-14T01:54:33.097193] https://oep.uit.edu.vn/vi/bang-vang-thanh-tich-nam-hoc-2014-2015 status=None
[2025-10-14T01:54:33.628829] https://oep.uit.edu.vn/vi/bang-vang-thanh-tich-nam-hoc-2013-2014 status=None
[2025-10-14T01:54:34.194171] https://oep.uit.edu.vn/vi/hoc-bong-amcham-2015-ngay-hoi-thong-tin-danh-cho-sinh-vien-khoi-ky-thuat status=None
[2025-10-14T01:54:34.753114] https://oep.uit.edu.vn/vi/bao-cao-tien-do-giua-ky-cua-kltn-dot-2-nam-hoc-2014-2015 status=None
[2025-10-14T01:54:35.290928] https://oep.uit.edu.vn/vi/thong-bao?page=1 status=None
[2025-10-14T01:54:35.806821] https://oep.uit.edu.vn/vi/thong-bao?page=2 status=None
[2025-10-14T01:54:36.351921] https://oep.uit.edu.vn/vi/thong-bao?page=3 status=None
[2025-10-14T01:54:36.883829] https://oep.uit.edu.vn/vi/thong-bao?page=4 status=None
[2025-10-14T01:54:37.445665] https://oep.uit.edu.vn/vi/thong-bao?page=5 status=None
[2025-10-14T01:54:37.990126] https://oep.uit.edu.vn/vi/thong-bao?page=6 status=None
[2025-10-14T01:54:38.561763] https://oep.uit.edu.vn/vi/thong-bao?page=7 status=None
[2025-10-14T01:54:39.109998] https://oep.uit.edu.vn/vi/thong-bao?page=8 status=None
[2025-10-14T01:54:39.635438] https://oep.uit.edu.vn/vi/thong-bao?page=38 status=None
[2025-10-14T01:54:40.170515] https://oep.uit.edu.vn/thong-bao?page=1#main status=None
[2025-10-14T01:54:40.701833] https://oep.uit.edu.vn/thong-bao?page=1#main-nav status=None
[2025-10-14T01:54:41.630620] FileError http://aep.uit.edu.vn/images/38_QD_DHCNTT_DTDH_ngay_26_3_2015_moi.PDF -> empty/failed
[2025-10-14T01:54:41.631620] https://oep.uit.edu.vn/vi/cap-nhat-danh-sach-giang-vien-huong-dan-khoa-luan-tot-nghiep-cho-sinh-vien-chuong-trinh-tien-tien status=None
[2025-10-14T01:54:42.399174] FileError http://aep.uit.edu.vn/images/DS_HOI_DONG_KLTN_CTTT_CO_STT_DOT_1_2014_2015_SV_2.xlsx -> empty/failed
[2025-10-14T01:54:42.572860] FileError http://aep.uit.edu.vn/images/Phan_cong_phan_bien_KLTN_CTTT_HTTT.pdf -> empty/failed
[2025-10-14T01:54:42.572860] https://oep.uit.edu.vn/vi/cap-nhat-lich-phan-bien-va-danh-sach-phan-cong-giang-vien-phan-bien-kltn-cua-cttt status=None
[2025-10-14T01:54:43.108104] https://oep.uit.edu.vn/vi/thu-vien status=None
[2025-10-14T01:54:43.672743] https://oep.uit.edu.vn/vi/thong-tin-ve-chuong-trinh-4th-asian-youth-leaders-travel-and-learning-camp-singapore status=None
[2025-10-14T01:54:44.211563] https://oep.uit.edu.vn/vi/danh-sach-hoc-phan-chuong-trinh-tai-nang status=None
[2025-10-14T01:54:44.722337] https://oep.uit.edu.vn/vi/danh-sach-hoc-phan-chuong-trinh-chat-luong-cao status=None
[2025-10-14T01:54:45.238358] https://oep.uit.edu.vn/vi/quy-che-quy-dinh-ve-dao-tao status=None
[2025-10-14T01:54:45.773221] https://oep.uit.edu.vn/vi/thong-tin-tuyen-sinh-chuong-trinh-tien-tien status=None
[2025-10-14T01:54:46.347132] https://oep.uit.edu.vn/vi/chuong-trinh-summer-camp-lan-thu-4-4th-nida-summer-camp-duoc-chuc-tai-thai-lan-tu-ngay-16-25-thang status=None
[2025-10-14T01:54:46.904159] https://oep.uit.edu.vn/vi/dang-ky-tham-gia-chuong-trinh-giao-luu-voi-ong-bruno-georges-redhat-director status=None
[2025-10-14T01:54:47.444467] https://oep.uit.edu.vn/thong-bao?page=2#main status=None
[2025-10-14T01:54:47.978345] https://oep.uit.edu.vn/thong-bao?page=2#main-nav status=None
[2025-10-14T01:54:48.590182] https://oep.uit.edu.vn/vi/danh-sach-sinh-vien-cttt-du-kien-tot-nghiep-dot-2-nam-2014 status=None
[2025-10-14T01:54:49.334907] https://oep.uit.edu.vn/vi/content/thong-bao-hoc-bong-toan-phan-tai-singapore-2015 status=None
[2025-10-14T01:54:50.450184] https://oep.uit.edu.vn/vi/content/thong-bao-ve-viec-giao-de-tai-kltn-cho-sinh-vien-chuong-trinh-tien-tien-bo-sung-dot-1-nam status=None
[2025-10-14T01:54:50.949300] https://oep.uit.edu.vn/vi/content/thong-bao-ve-viec-giao-de-tai-kltn-bo-sung-cho-sinh-vien-chuong-trinh-tien-tien-dot-1-nam status=None
[2025-10-14T01:54:51.889650] https://oep.uit.edu.vn/vi/content/thong-bao-nop-don-cuu-xet-va-nop-don-gia-han-thoi-gian-dao-tao status=None
[2025-10-14T01:54:52.464947] https://oep.uit.edu.vn/vi/content/thong-bao-ve-viec-giao-de-tai-kltn-cho-sinh-vien-chuong-trinh-tien-tien-dot-1-nam-hoc-2014 status=None
[2025-10-14T01:54:53.228093] https://oep.uit.edu.vn/vi/content/thong-bao-vv-xet-tot-nghiep-cttt-dot-2nam-2014 status=None
[2025-10-14T01:54:53.819183] https://oep.uit.edu.vn/vi/content/thong-bao-hop-ban-can-su-cac-lop-ctttclc-luc-11h45-thu-5-ngay-16102014 status=None
[2025-10-14T01:54:54.572904] https://oep.uit.edu.vn/vi/content/thong-bao-lich-thi-giua-ky-1-chinh-thuc-cua-ctttclc status=None
[2025-10-14T01:54:55.344676] https://oep.uit.edu.vn/vi/content/thong-bao-ve-ky-tuc-xa-chat-luong-cao status=None
[2025-10-14T01:54:55.563960] https://oep.uit.edu.vn/sites/oep/files/css/css_AKHYMj_3S1SYYB-a5gfyBT36LqCYI3HhOkQrVtbbvcw.css status=None
[2025-10-14T01:54:56.024579] https://oep.uit.edu.vn/bieu-mau#main status=None
[2025-10-14T01:54:56.476779] https://oep.uit.edu.vn/vi/bieu-mau status=None
[2025-10-14T01:54:56.944917] https://oep.uit.edu.vn/en/bieu-mau status=None
[2025-10-14T01:54:57.844554] https://www.uit.edu.vn/internal status=None
[2025-10-14T01:54:58.770470] https://www.uit.edu.vn/external status=None
[2025-10-14T01:54:58.970132] https://www.uit.edu.vn/sites/vi/files/favicon.ico status=None
[2025-10-14T01:54:59.740791] https://www.uit.edu.vn/taxonomy/term/82 status=None
[2025-10-14T01:54:59.930836] https://www.uit.edu.vn/sites/vi/files/css/css_xE-rWrJf-fncB6ztZfd2huxqgxu4WO-qwma6Xer30m4.css status=None
[2025-10-14T01:55:00.118336] https://www.uit.edu.vn/sites/vi/files/css/css_xw7gVYYd5mDaKz8X3b1clJKFckx4t-ekvPXVBszqRHw.css status=None
[2025-10-14T01:55:00.305584] https://www.uit.edu.vn/sites/vi/files/css/css_TVctrc-teFA9IK1pZzFtGHgmnTvUGNYmzWyhfx-bzFs.css status=None
[2025-10-14T01:55:00.516062] https://www.uit.edu.vn/sites/vi/files/css/css_r6g3jNcQgn6e-x6XrUf4bnUNywmeOqVqT0wt_mQ7MPM.css status=None
[2025-10-14T01:55:00.698088] https://www.uit.edu.vn/sites/vi/files/css/css_4zr_QKO_V_8qThKszrF4_ZcB6OJpsJIPAJrF_5RNmFc.css status=None
[2025-10-14T01:55:00.909957] https://www.uit.edu.vn/sites/vi/files/css/css_Y18_lBqw2vBHVvc9sgKazPFccxP6_lu9LgInOCQGDeQ.css status=None
[2025-10-14T01:55:01.129514] https://www.uit.edu.vn/sites/vi/files/css/css_2iZ-uqwUGnPUT7vzfZ8Fiqfc0lEbkrEO7fAT3oxfNf0.css status=None
[2025-10-14T01:55:01.312835] https://www.uit.edu.vn/sites/vi/files/css/css_nGZ0EUi6HATidAf3pITrpLdyTGtTsmfVAzXLpUp2gr4.css status=None
[2025-10-14T01:55:01.527117] https://www.uit.edu.vn/sites/vi/files/js/js_Pt6OpwTd6jcHLRIjrE-eSPLWMxWDkcyYrPTIrXDSON0.js status=None
[2025-10-14T01:55:01.721657] https://www.uit.edu.vn/sites/vi/files/js/js_NaWnmLRn_oLakq5a60IFTfYZm_LJr7QZfBZkBPCRDXY.js status=None
[2025-10-14T01:55:01.903133] https://www.uit.edu.vn/sites/vi/files/js/js_qrf44QUDL_YTtRm1c_V_5DthK1dj0B5pBTFSfp1hfmk.js status=None
[2025-10-14T01:55:02.109576] https://www.uit.edu.vn/sites/vi/files/js/js_2DExIraCa4RwkQrprPcRLYrHRAERPrA0O62uXNL29GE.js status=None
[2025-10-14T01:55:02.322983] https://www.uit.edu.vn/sites/vi/files/js/js_6GjMtMznVHMjZiVOgmNu9EaioBJjKEwzLg23Hr8blTI.js status=None
[2025-10-14T01:55:02.518982] https://www.uit.edu.vn/sites/vi/files/js/js_u4XSOECaGr1a8Fa2FPqj_vTuG3CFbzRpTCUtXcworFc.js status=None
[2025-10-14T01:55:02.716412] https://www.uit.edu.vn/sites/all/themes/open_framework/js/html5shiv.js status=None
[2025-10-14T01:55:04.318163] https://www.uit.edu.vn/ status=None
[2025-10-14T01:55:05.069380] https://www.uit.edu.vn/user status=None
[2025-10-14T01:55:05.805026] https://www.uit.edu.vn/tin-tuc#mm-1 status=None
[2025-10-14T01:55:06.543957] https://www.uit.edu.vn/tin-tuc#mm-4 status=None
[2025-10-14T01:55:07.309848] https://www.uit.edu.vn/tin-tuc#mm-7 status=None
[2025-10-14T01:55:08.395308] https://tuyensinh.uit.edu.vn status=None
[2025-10-14T01:55:09.194478] https://www.uit.edu.vn/tin-tuc#mm-11 status=None
[2025-10-14T01:55:09.943150] https://www.uit.edu.vn/tin-tuc#mm-15 status=None
[2025-10-14T01:55:10.721868] https://www.uit.edu.vn/tin-tuc#mm-16 status=None
[2025-10-14T01:55:11.461086] https://www.uit.edu.vn/tin-tuc#mm-21 status=None
[2025-10-14T01:55:12.223580] https://www.uit.edu.vn/tin-tuc#mm-22 status=None
[2025-10-14T01:55:13.018657] https://www.uit.edu.vn/tuyen-dung status=None
[2025-10-14T01:55:13.762136] https://www.uit.edu.vn/tin-tuc#mm-0 status=None
[2025-10-14T01:55:14.555429] https://www.uit.edu.vn/tin-tuc#mm-2 status=None
[2025-10-14T01:55:15.352652] https://www.uit.edu.vn/tin-tuc#mm-3 status=None
[2025-10-14T01:55:16.185153] https://www.uit.edu.vn/thong-tin-thong-bao status=None
[2025-10-14T01:55:16.946703] https://www.uit.edu.vn/thong-tin-tuyen-sinh-dh-sdh status=None
[2025-10-14T01:55:17.770797] https://www.uit.edu.vn/tin-uit status=None
[2025-10-14T01:55:18.678040] https://www.uit.edu.vn/hoc-tap-nghien-cuu status=None
[2025-10-14T01:55:19.634966] https://www.uit.edu.vn/hoat-dong-sinh-vien status=None
[2025-10-14T01:55:20.462696] https://www.uit.edu.vn/tin-xet-duyet-chuc-danh-gs-pgs status=None
[2025-10-14T01:55:20.772308] https://www.uit.edu.vn/taxonomy/term/83/feed status=None
[2025-10-14T01:55:21.100710] https://www.uit.edu.vn/taxonomy/term/87/feed status=None
[2025-10-14T01:55:21.445360] https://www.uit.edu.vn/taxonomy/term/202/feed status=None
[2025-10-14T01:55:21.826536] https://www.uit.edu.vn/taxonomy/term/201/feed status=None
[2025-10-14T01:55:22.656365] https://www.uit.edu.vn/tong-quan-ve-truong-dh-cong-nghe-thong-tin status=None
[2025-10-14T01:55:23.440768] https://www.uit.edu.vn/tam-nhin-su-mang-va-gia-tri-cot-loi status=None
[2025-10-14T01:55:24.182696] https://www.uit.edu.vn/tin-tuc#mm-5 status=None
[2025-10-14T01:55:24.988521] https://www.uit.edu.vn/nhan-dien-thuong-hieu status=None
[2025-10-14T01:55:25.835503] https://www.uit.edu.vn/thong-tin-quy-hoach-truong-dh-cntt-dhqg-hcm status=None
[2025-10-14T01:55:29.190266] https://www.uit.edu.vn/dam-bao-chat-luong status=None
[2025-10-14T01:55:29.973801] https://www.uit.edu.vn/tin-tuc#mm-6 status=None
[2025-10-14T01:55:30.763038] https://www.uit.edu.vn/lien-he status=None
[2025-10-14T01:55:31.528953] https://www.uit.edu.vn/ban-giam-hieu status=None
[2025-10-14T01:55:32.313904] https://www.uit.edu.vn/co-cau-to-chuc status=None
[2025-10-14T01:55:33.352539] https://www.uit.edu.vn/hoi-dong-truong status=None
[2025-10-14T01:55:34.112352] https://www.uit.edu.vn/hoi-dong-khoa-hoc status=None
[2025-10-14T01:55:34.898768] https://www.uit.edu.vn/ban-chap-hanh-dang-bo status=None
[2025-10-14T01:55:35.695754] https://www.uit.edu.vn/tin-tuc#mm-8 status=None
[2025-10-14T01:55:36.513063] https://www.uit.edu.vn/tin-tuc#mm-9 status=None
[2025-10-14T01:55:37.263588] https://www.uit.edu.vn/tin-tuc#mm-10 status=None
[2025-10-14T01:55:37.969383] https://tuyensinh.uit.edu.vn/diem-chuan-cua-truong-dh-cong-nghe-thong-tin-qua-cac-nam status=None
[2025-10-14T01:55:39.253771] https://forum.uit.edu.vn/c/cong-dong-it/tu-van-tuyen-sinh-2022/14 status=None
[2025-10-14T01:55:39.791083] https://oep.uit.edu.vn/vi/ts2021-thong-bao-tuyen-sinh-chuong-trinh-lien-ket-voi-dai-hoc-birmingham-city-vuong-quoc-anh-nam status=None
[2025-10-14T01:55:40.632456] https://tuyensinh.uit.edu.vn/tuyen-sinh-van-bang-2 status=None
[2025-10-14T01:55:41.342180] http://sdh.uit.edu.vn/thong-tin-tuyen-sinh status=None
[2025-10-14T01:55:42.101105] https://www.uit.edu.vn/tin-tuc#mm-12 status=None
[2025-10-14T01:55:42.867728] https://www.uit.edu.vn/tin-tuc#mm-13 status=None
[2025-10-14T01:55:43.632956] https://www.uit.edu.vn/tin-tuc#mm-14 status=None
[2025-10-14T01:55:44.299620] https://tuyensinh.uit.edu.vn/tong-quan-nganh-cong-nghe-thong-tin status=None
[2025-10-14T01:55:45.045725] https://tuyensinh.uit.edu.vn/tong-quan-nganh-he-thong-thong-tin status=None
[2025-10-14T01:55:45.736402] https://tuyensinh.uit.edu.vn/tong-quan-nganh-khoa-hoc-may-tinh status=None
[2025-10-14T01:55:46.475811] https://tuyensinh.uit.edu.vn/tong-quan-nganh-ky-thuat-may-tinh status=None
[2025-10-14T01:55:47.204209] https://tuyensinh.uit.edu.vn/tong-quan-nganh-ky-thuat-phan-mem status=None
[2025-10-14T01:55:47.947044] https://tuyensinh.uit.edu.vn/tong-quan-nganh-mang-may-tinh-va-truyen-thong-du-lieu status=None
[2025-10-14T01:55:48.681501] https://tuyensinh.uit.edu.vn/tong-quan-nganh-an-toan-thong-tin status=None
[2025-10-14T01:55:49.363717] https://tuyensinh.uit.edu.vn/tong-quan-nganh-thuong-mai-dien-tu status=None
[2025-10-14T01:55:50.075906] https://tuyensinh.uit.edu.vn/tong-quan-nganh-khoa-hoc-du-lieu status=None
[2025-10-14T01:55:50.804884] https://tuyensinh.uit.edu.vn/tong-quan-nganh-tri-tue-nhan-tao status=None
[2025-10-14T01:55:51.520827] https://tuyensinh.uit.edu.vn/tong-quan-nganh-thiet-ke-vi-mach status=None
[2025-10-14T01:55:52.367563] https://www.uit.edu.vn/cu-nhan-tai-nang status=None
[2025-10-14T01:55:53.242016] https://www.uit.edu.vn/chuong-trinh-tien-tien status=None
[2025-10-14T01:55:54.094987] https://www.uit.edu.vn/tong-quan-ve-chuong-trinh-lien-ket-dai-hoc-birmingham-city status=None
[2025-10-14T01:55:54.935387] https://www.uit.edu.vn/tong-quan-ve-chuong-trinh-lien-ket-dai-hoc-newcastle status=None
[2025-10-14T01:55:55.639544] https://www.uit.edu.vn/danh-muc-huong-nghien-cuu status=None
[2025-10-14T01:55:56.557580] https://www.uit.edu.vn/dao-tao-thac-si-khoa-hoc-may-tinh status=None
[2025-10-14T01:55:57.425104] https://www.uit.edu.vn/dao-tao-tien-si-khoa-hoc-may-tinh status=None
[2025-10-14T01:55:58.314207] https://www.uit.edu.vn/dao-tao-thac-si-cong-nghe-thong-tin status=None
[2025-10-14T01:55:59.231385] https://www.uit.edu.vn/dao-tao-tien-si-cong-nghe-thong-tin status=None
[2025-10-14T01:56:00.088374] https://www.uit.edu.vn/dao-tao-thac-si-he-thong-thong-tin status=None
[2025-10-14T01:56:00.952869] https://www.uit.edu.vn/dao-tao-thac-si-ky-thuat-may-tinh status=None
[2025-10-14T01:56:01.842626] https://www.uit.edu.vn/dao-tao-thac-si-toan-thong-tin status=None
[2025-10-14T01:56:02.334968] https://khcn.uit.edu.vn/hoi-nghi-hoi-thao status=None
[2025-10-14T01:56:03.151713] https://www.uit.edu.vn/hop-tac-quoc-te status=None
[2025-10-14T01:56:03.455861] https://khcn.uit.edu.vn/ status=None
[2025-10-14T01:56:04.206681] https://www.uit.edu.vn/danh-muc-cac-giai-phap-huu-ich-sang-che-kieu-dang-cong-nghiep status=None
[2025-10-14T01:56:04.981688] https://www.uit.edu.vn/tin-tuc#mm-17 status=None
[2025-10-14T01:56:05.789167] https://www.uit.edu.vn/tin-tuc#mm-18 status=None
[2025-10-14T01:56:06.528803] https://www.uit.edu.vn/tin-tuc#mm-19 status=None
[2025-10-14T01:56:07.293013] https://www.uit.edu.vn/tin-tuc#mm-20 status=None
[2025-10-14T01:56:08.486906] http://se.uit.edu.vn/ status=None
[2025-10-14T01:56:09.592304] https://httt.uit.edu.vn/ status=None
[2025-10-14T01:56:09.779671] https://fce.uit.edu.vn/ status=None
[2025-10-14T01:56:10.045043] https://nc.uit.edu.vn/ status=None
[2025-10-14T01:56:10.343145] https://cs.uit.edu.vn/ status=None
[2025-10-14T01:56:10.536115] https://fit.uit.edu.vn/ status=None
[2025-10-14T01:56:10.740870] https://www.uit.edu.vn/bo-mon-toan-ly status=None
[2025-10-14T01:56:10.941953] https://www.uit.edu.vn/phong-to-chuc-hanh-chinh status=None
[2025-10-14T01:56:11.126484] https://www.uit.edu.vn/phong-ke-hoach-tai-chinh status=None
[2025-10-14T01:56:11.317182] https://www.uit.edu.vn/phong-dao-tao-dai-hoc status=None
[2025-10-14T01:56:11.501060] https://www.uit.edu.vn/phong-dao-tao-sdh-khcn status=None
[2025-10-14T01:56:11.685921] https://www.uit.edu.vn/phong-quan-he-doi-ngoai status=None
[2025-10-14T01:56:11.875871] https://www.uit.edu.vn/phong-quan-tri-thiet-bi status=None
[2025-10-14T01:56:12.063768] https://www.uit.edu.vn/phong-cong-tac-sinh-vien status=None
[2025-10-14T01:56:12.248075] https://www.uit.edu.vn/phong-phap-che-dam-bao-chat-luong status=None
[2025-10-14T01:56:12.436746] https://www.uit.edu.vn/ban-quan-ly-co-so status=None
[2025-10-14T01:56:12.624429] https://www.uit.edu.vn/phong-du-lieu-cntt status=None
[2025-10-14T01:56:12.813956] https://www.uit.edu.vn/phong-truyen-thong-va-tu-van-tuyen-sinh status=None
[2025-10-14T01:56:13.002441] https://www.uit.edu.vn/van-phong-cac-chuong-trinh-dac-biet status=None
[2025-10-14T01:56:13.189797] https://www.uit.edu.vn/thu-vien status=None
[2025-10-14T01:56:13.390511] https://www.uit.edu.vn/ptn-truyen-thong-da-phuong-tien status=None
[2025-10-14T01:56:13.582270] https://www.uit.edu.vn/ptn-he-thong-thong-tin status=None
[2025-10-14T01:56:14.419181] https://www.uit.edu.vn/ptn-an-toan-thong-tin status=None
[2025-10-14T01:56:15.183855] http://cnsc.uit.edu.vn/ status=None
[2025-10-14T01:56:15.636720] https://danguy.uit.edu.vn/ status=None
[2025-10-14T01:56:15.938164] https://congdoan.uit.edu.vn/ status=None
[2025-10-14T01:56:16.202920] https://tuoitre.uit.edu.vn/ status=None
[2025-10-14T01:56:16.391348] https://www.uit.edu.vn/cong-bo-ba-cong-khai status=None
[2025-10-14T01:56:16.583075] https://www.uit.edu.vn/tra-cuu/van-bang status=None
[2025-10-14T01:56:16.772459] https://www.uit.edu.vn/bang-vang-sinh-vien status=None
[2025-10-14T01:56:16.955378] https://www.uit.edu.vn/tin-tuc#mm-23 status=None
[2025-10-14T01:56:17.139557] https://www.uit.edu.vn/tin-tuc#mm-24 status=None
[2025-10-14T01:56:17.328909] https://www.uit.edu.vn/tin-tuc#mm-25 status=None
[2025-10-14T01:56:18.783162] http://mail.gm.uit.edu.vn/ status=None
[2025-10-14T01:56:19.207770] http://sdh.uit.edu.vn status=None
[2025-10-14T01:56:20.929039] https://student.uit.edu.vn/ status=None
[2025-10-14T01:56:21.699618] http://ctsv.uit.edu.vn/ status=None
[2025-10-14T01:56:21.889242] https://forum.uit.edu.vn/ status=None
[2025-10-14T01:56:22.123723] http://courses.uit.edu.vn/sdh status=None
[2025-10-14T01:56:22.312409] http://courses.uit.edu.vn/ status=None
[2025-10-14T01:56:27.172917] http://dreamspark.uit.edu.vn/ status=None
[2025-10-14T01:56:27.472714] https://chungthuc.uit.edu.vn/ status=None
[2025-10-14T01:56:28.982499] https://alumni.uit.edu.vn/ status=None
[2025-10-14T01:56:30.428470] http://mail.uit.edu.vn/ status=None
[2025-10-14T01:56:30.978274] http://tchc.uit.edu.vn/ status=None
[2025-10-14T01:56:31.275889] http://khtc.uit.edu.vn/ status=None
[2025-10-14T01:56:31.682183] http://qttb.uit.edu.vn/ status=None
[2025-10-14T01:56:31.989714] http://phongdl.uit.edu.vn/ status=None
[2025-10-14T01:56:32.258495] https://dbcl.uit.edu.vn/vi status=None
[2025-10-14T01:56:32.529967] http://banqlcs.uit.edu.vn/ status=None
[2025-10-14T01:56:32.835432] https://auth.uit.edu.vn/ status=None
[2025-10-14T01:56:33.434672] http://portal.uit.edu.vn/ status=None
[2025-10-14T01:56:33.717267] http://ctgt.uit.edu.vn/ status=None
[2025-10-14T01:56:33.993946] http://khcn.uit.edu.vn status=None
[2025-10-14T01:56:34.183035] https://sdh.uit.edu.vn/ status=None
[2025-10-14T01:56:34.387129] https://www.uit.edu.vn/tin-tuc#main status=None
[2025-10-14T01:56:34.569653] https://www.uit.edu.vn/sites/all/modules/contrib/languageicons/flags/vi.png status=None
[2025-10-14T01:56:34.831398] https://en.uit.edu.vn/news status=None
[2025-10-14T01:56:35.019584] https://www.uit.edu.vn/sites/all/modules/contrib/languageicons/flags/en.png status=None
[2025-10-14T01:56:35.313935] http://thuvien.uit.edu.vn status=None
[2025-10-14T01:56:35.500082] https://www.uit.edu.vn/sites/vi/files/banner_uit.png status=None
[2025-10-14T01:56:35.686223] https://www.uit.edu.vn/sites/all/themes/open_framework/images/searchbutton.png status=None
[2025-10-14T01:56:35.875156] https://www.uit.edu.vn/sites/vi/files/uploads/images/hcld.png status=None
[2025-10-14T01:56:36.061709] https://www.uit.edu.vn/phong-truyen-thong-va-tu-van-tuyen-sinh-uit-tuyen-ctv-truyen-thong-nam-hoc-2025-2026 status=None
[2025-10-14T01:56:36.251061] https://www.uit.edu.vn/sites/vi/files/styles/uit_thumb/public/uploads/images/thumbs/202510/558886463_1098813952451816_874420679836165875_n.jpg?itok=PGhldmtj status=None
[2025-10-14T01:56:36.437251] https://www.uit.edu.vn/quan-quan-mon-bong-ban-uit-sport-2025-can-bang-dam-me-thao-giua-nhip-song-cong-nghe status=None
[2025-10-14T01:56:36.623059] https://www.uit.edu.vn/sites/vi/files/styles/uit_thumb/public/uploads/images/thumbs/202510/bt2.jpg?itok=SSm9V09C status=None
[2025-10-14T01:56:36.807728] https://www.uit.edu.vn/co-hoi-nghe-nghiep-toan-cau-cung-chuong-trinh-lien-ket-22-uit-uon status=None
[2025-10-14T01:56:36.980377] https://www.uit.edu.vn/sites/vi/files/styles/uit_thumb/public/uploads/images/thumbs/202510/uit-lkqt-cohoinghenghiep.jpg?itok=eYGVpWFP status=None
[2025-10-14T01:56:38.130107] https://www.uit.edu.vn/bai-giang-dai-chung-tri-tue-nhan-tao-co-trach-nhiem-trong-linh-vuc-kinh-te-co-hoi-vang-cho-sinh-vien-uit status=None
[2025-10-14T01:56:38.307167] https://www.uit.edu.vn/sites/vi/files/styles/uit_thumb/public/uploads/images/thumbs/202510/557281183_1274994647999870_8650478663956051383_n.jpg?itok=DKYDlqVj status=None
[2025-10-14T01:56:39.550534] https://www.uit.edu.vn/tan-binh-nam-nhat-vo-dich-bong-ban-uit-2025 status=None
[2025-10-14T01:56:39.732446] https://www.uit.edu.vn/sites/vi/files/styles/uit_thumb/public/uploads/images/thumbs/202510/556829366_1273889568110378_4753471122986082362_n.jpg?itok=Gh43h9m9 status=None
[2025-10-14T01:56:39.918646] https://www.uit.edu.vn/sites/vi/files/uploads/images/banner_footer.png status=None
[2025-10-14T01:56:40.679738] https://oep.uit.edu.vn/ status=None
[2025-10-14T01:56:41.227536] https://ctsv.uit.edu.vn/ status=None
[2025-10-14T01:56:41.663802] FileError https://www.vnulib.edu.vn/images/content/311221/PVDG_Tai%20lieu%20huong%20dan_VNHCM%20Libraries.pdf -> empty/failed
[2025-10-14T01:56:41.663802] http://thuvien.uit.edu.vn/ status=None
[2025-10-14T01:56:42.427144] https://www.uit.edu.vn/tin-tuc?page=1#mm-1 status=None
[2025-10-14T01:56:43.173086] https://www.uit.edu.vn/tin-tuc?page=1#mm-4 status=None
[2025-10-14T01:56:43.919042] https://www.uit.edu.vn/tin-tuc?page=1#mm-7 status=None
[2025-10-14T01:56:44.650590] https://www.uit.edu.vn/tin-tuc?page=1#mm-11 status=None
[2025-10-14T01:56:45.437697] https://www.uit.edu.vn/tin-tuc?page=1#mm-15 status=None
[2025-10-14T01:56:46.190074] https://www.uit.edu.vn/tin-tuc?page=1#mm-16 status=None
[2025-10-14T01:56:46.938675] https://www.uit.edu.vn/tin-tuc?page=1#mm-21 status=None
[2025-10-14T01:56:47.761087] https://www.uit.edu.vn/tin-tuc?page=1#mm-22 status=None
[2025-10-14T01:56:48.512480] https://www.uit.edu.vn/tin-tuc?page=1#mm-0 status=None
[2025-10-14T01:56:49.266633] https://www.uit.edu.vn/tin-tuc?page=1#mm-2 status=None
[2025-10-14T01:56:50.009974] https://www.uit.edu.vn/tin-tuc?page=1#mm-3 status=None
[2025-10-14T01:56:50.777801] https://www.uit.edu.vn/tin-tuc?page=1#mm-5 status=None
[2025-10-14T01:56:51.523426] https://www.uit.edu.vn/tin-tuc?page=1#mm-6 status=None
[2025-10-14T01:56:52.297755] https://www.uit.edu.vn/tin-tuc?page=1#mm-8 status=None
[2025-10-14T01:56:53.031482] https://www.uit.edu.vn/tin-tuc?page=1#mm-9 status=None
[2025-10-14T01:56:53.785871] https://www.uit.edu.vn/tin-tuc?page=1#mm-10 status=None
[2025-10-14T01:56:54.568892] https://www.uit.edu.vn/tin-tuc?page=1#mm-12 status=None
[2025-10-14T01:56:55.330920] https://www.uit.edu.vn/tin-tuc?page=1#mm-13 status=None
[2025-10-14T01:56:56.098548] https://www.uit.edu.vn/tin-tuc?page=1#mm-14 status=None
[2025-10-14T01:56:56.860510] https://www.uit.edu.vn/tin-tuc?page=1#mm-17 status=None
[2025-10-14T01:56:57.672342] https://www.uit.edu.vn/tin-tuc?page=1#mm-18 status=None
[2025-10-14T01:56:58.435915] https://www.uit.edu.vn/tin-tuc?page=1#mm-19 status=None
[2025-10-14T01:56:59.185863] https://www.uit.edu.vn/tin-tuc?page=1#mm-20 status=None
[2025-10-14T01:56:59.979861] https://www.uit.edu.vn/tin-tuc?page=1#mm-23 status=None
[2025-10-14T01:57:00.714306] https://www.uit.edu.vn/tin-tuc?page=1#mm-24 status=None
[2025-10-14T01:57:01.493654] https://www.uit.edu.vn/tin-tuc?page=1#mm-25 status=None
[2025-10-14T01:57:02.241284] https://www.uit.edu.vn/tin-tuc?page=1#main status=None
[2025-10-14T01:57:03.022467] https://www.uit.edu.vn/tin-tuc?page=2#mm-1 status=None
[2025-10-14T01:57:03.767671] https://www.uit.edu.vn/tin-tuc?page=2#mm-4 status=None
[2025-10-14T01:57:04.513833] https://www.uit.edu.vn/tin-tuc?page=2#mm-7 status=None
[2025-10-14T01:57:05.261740] https://www.uit.edu.vn/tin-tuc?page=2#mm-11 status=None
[2025-10-14T01:57:06.032107] https://www.uit.edu.vn/tin-tuc?page=2#mm-15 status=None
[2025-10-14T01:57:06.781040] https://www.uit.edu.vn/tin-tuc?page=2#mm-16 status=None
[2025-10-14T01:57:07.536331] https://www.uit.edu.vn/tin-tuc?page=2#mm-21 status=None
[2025-10-14T01:57:08.296095] https://www.uit.edu.vn/tin-tuc?page=2#mm-22 status=None
[2025-10-14T01:57:09.082654] https://www.uit.edu.vn/tin-tuc?page=2#mm-0 status=None
[2025-10-14T01:57:09.840210] https://www.uit.edu.vn/tin-tuc?page=2#mm-2 status=None
[2025-10-14T01:57:10.607152] https://www.uit.edu.vn/tin-tuc?page=2#mm-3 status=None
[2025-10-14T01:57:11.354870] https://www.uit.edu.vn/tin-tuc?page=2#mm-5 status=None
[2025-10-14T01:57:12.162555] https://www.uit.edu.vn/tin-tuc?page=2#mm-6 status=None
[2025-10-14T01:57:12.955961] https://www.uit.edu.vn/tin-tuc?page=2#mm-8 status=None
[2025-10-14T01:57:13.691253] https://www.uit.edu.vn/tin-tuc?page=2#mm-9 status=None
[2025-10-14T01:57:14.466116] https://www.uit.edu.vn/tin-tuc?page=2#mm-10 status=None
[2025-10-14T01:57:15.308713] https://www.uit.edu.vn/tin-tuc?page=2#mm-12 status=None
[2025-10-14T01:57:16.086153] https://www.uit.edu.vn/tin-tuc?page=2#mm-13 status=None
[2025-10-14T01:57:16.883318] https://www.uit.edu.vn/tin-tuc?page=2#mm-14 status=None
[2025-10-14T01:57:17.639674] https://www.uit.edu.vn/tin-tuc?page=2#mm-17 status=None
[2025-10-14T01:57:18.405667] https://www.uit.edu.vn/tin-tuc?page=2#mm-18 status=None
[2025-10-14T01:57:19.156160] https://www.uit.edu.vn/tin-tuc?page=2#mm-19 status=None
[2025-10-14T01:57:19.935040] https://www.uit.edu.vn/tin-tuc?page=2#mm-20 status=None
[2025-10-14T01:57:20.714617] https://www.uit.edu.vn/tin-tuc?page=2#mm-23 status=None
[2025-10-14T01:57:21.477244] https://www.uit.edu.vn/tin-tuc?page=2#mm-24 status=None
[2025-10-14T01:57:22.254738] https://www.uit.edu.vn/tin-tuc?page=2#mm-25 status=None
[2025-10-14T01:57:23.014431] https://www.uit.edu.vn/tin-tuc?page=2#main status=None
[2025-10-14T01:57:23.774306] https://www.uit.edu.vn/tin-tuc?page=3#mm-1 status=None
[2025-10-14T01:57:24.523224] https://www.uit.edu.vn/tin-tuc?page=3#mm-4 status=None
[2025-10-14T01:57:25.288567] https://www.uit.edu.vn/tin-tuc?page=3#mm-7 status=None
[2025-10-14T01:57:26.025335] https://www.uit.edu.vn/tin-tuc?page=3#mm-11 status=None
[2025-10-14T01:57:26.804139] https://www.uit.edu.vn/tin-tuc?page=3#mm-15 status=None
[2025-10-14T01:57:27.601732] https://www.uit.edu.vn/tin-tuc?page=3#mm-16 status=None
[2025-10-14T01:57:28.365331] https://www.uit.edu.vn/tin-tuc?page=3#mm-21 status=None
[2025-10-14T01:57:29.126090] https://www.uit.edu.vn/tin-tuc?page=3#mm-22 status=None
[2025-10-14T01:57:29.872224] https://www.uit.edu.vn/tin-tuc?page=3#mm-0 status=None
[2025-10-14T01:57:30.682378] https://www.uit.edu.vn/tin-tuc?page=3#mm-2 status=None
[2025-10-14T01:57:31.439528] https://www.uit.edu.vn/tin-tuc?page=3#mm-3 status=None
[2025-10-14T01:57:32.214137] https://www.uit.edu.vn/tin-tuc?page=3#mm-5 status=None
[2025-10-14T01:57:32.968333] https://www.uit.edu.vn/tin-tuc?page=3#mm-6 status=None
[2025-10-14T01:57:33.773151] https://www.uit.edu.vn/tin-tuc?page=3#mm-8 status=None
[2025-10-14T01:57:34.538882] https://www.uit.edu.vn/tin-tuc?page=3#mm-9 status=None
[2025-10-14T01:57:35.285608] https://www.uit.edu.vn/tin-tuc?page=3#mm-10 status=None
[2025-10-14T01:57:36.078166] https://www.uit.edu.vn/tin-tuc?page=3#mm-12 status=None
[2025-10-14T01:57:36.847244] https://www.uit.edu.vn/tin-tuc?page=3#mm-13 status=None
[2025-10-14T01:57:37.603650] https://www.uit.edu.vn/tin-tuc?page=3#mm-14 status=None
[2025-10-14T01:57:38.379979] https://www.uit.edu.vn/tin-tuc?page=3#mm-17 status=None
[2025-10-14T01:57:39.125256] https://www.uit.edu.vn/tin-tuc?page=3#mm-18 status=None
[2025-10-14T01:57:39.868438] https://www.uit.edu.vn/tin-tuc?page=3#mm-19 status=None
[2025-10-14T01:57:40.640564] https://www.uit.edu.vn/tin-tuc?page=3#mm-20 status=None
[2025-10-14T01:57:41.396001] https://www.uit.edu.vn/tin-tuc?page=3#mm-23 status=None
[2025-10-14T01:57:42.154778] https://www.uit.edu.vn/tin-tuc?page=3#mm-24 status=None
[2025-10-14T01:57:42.900852] https://www.uit.edu.vn/tin-tuc?page=3#mm-25 status=None
[2025-10-14T01:57:43.664262] https://www.uit.edu.vn/tin-tuc?page=3#main status=None
[2025-10-14T01:57:44.591698] https://www.uit.edu.vn/node/7390 status=None
[2025-10-14T01:57:44.771762] https://www.uit.edu.vn/sites/vi/files/css/css_LZrZsYL_CGtkEO8cpVaYl5btU7AbVqYhWKaELA2a7yE.css status=None
[2025-10-14T01:57:44.999566] https://www.uit.edu.vn/sites/vi/files/css/css_tSVGfIjcb42UcszGaeHdQagld5w3LTb81tcs8QkDCow.css status=None
[2025-10-14T01:57:45.227739] https://www.uit.edu.vn/sites/vi/files/js/js_fTqGECfHQb8iwNuBVZpdiK5lcXTX8iiHnp333fuclXo.js status=None
[2025-10-14T01:57:45.452890] https://www.uit.edu.vn/sites/vi/files/js/js_g5Y7TEqELfBZIf5g2pxmtU-9N9KhaVocnIcfEwZSzfM.js status=None
[2025-10-14T01:57:46.372776] https://www.uit.edu.vn/thong-bao#mm-1 status=None
[2025-10-14T01:57:47.338283] https://www.uit.edu.vn/thong-bao#mm-4 status=None
[2025-10-14T01:57:48.285090] https://www.uit.edu.vn/thong-bao#mm-7 status=None
[2025-10-14T01:57:49.250028] https://www.uit.edu.vn/thong-bao#mm-11 status=None
[2025-10-14T01:57:50.176793] https://www.uit.edu.vn/thong-bao#mm-15 status=None
[2025-10-14T01:57:51.164508] https://www.uit.edu.vn/thong-bao#mm-16 status=None
[2025-10-14T01:57:52.085826] https://www.uit.edu.vn/thong-bao#mm-21 status=None
[2025-10-14T01:57:53.009168] https://www.uit.edu.vn/thong-bao#mm-22 status=None
[2025-10-14T01:57:53.950908] https://www.uit.edu.vn/thong-bao#mm-0 status=None
[2025-10-14T01:57:54.924172] https://www.uit.edu.vn/thong-bao#mm-2 status=None
[2025-10-14T01:57:55.864538] https://www.uit.edu.vn/thong-bao#mm-3 status=None
[2025-10-14T01:57:56.862808] https://www.uit.edu.vn/thong-bao#mm-5 status=None
[2025-10-14T01:57:57.855398] https://www.uit.edu.vn/thong-bao#mm-6 status=None
[2025-10-14T01:57:58.797866] https://www.uit.edu.vn/thong-bao#mm-8 status=None
[2025-10-14T01:57:59.740546] https://www.uit.edu.vn/thong-bao#mm-9 status=None
[2025-10-14T01:58:00.653828] https://www.uit.edu.vn/thong-bao#mm-10 status=None
[2025-10-14T01:58:01.597834] https://www.uit.edu.vn/thong-bao#mm-12 status=None
[2025-10-14T01:58:02.543526] https://www.uit.edu.vn/thong-bao#mm-13 status=None
[2025-10-14T01:58:03.489332] https://www.uit.edu.vn/thong-bao#mm-14 status=None
[2025-10-14T01:58:04.459956] https://www.uit.edu.vn/thong-bao#mm-17 status=None
[2025-10-14T01:58:05.392867] https://www.uit.edu.vn/thong-bao#mm-18 status=None
[2025-10-14T01:58:06.365780] https://www.uit.edu.vn/thong-bao#mm-19 status=None
[2025-10-14T01:58:07.301803] https://www.uit.edu.vn/thong-bao#mm-20 status=None
[2025-10-14T01:58:08.257193] https://www.uit.edu.vn/thong-bao#mm-23 status=None
[2025-10-14T01:58:09.175907] https://www.uit.edu.vn/thong-bao#mm-24 status=None
[2025-10-14T01:58:10.142320] https://www.uit.edu.vn/thong-bao#mm-25 status=None
[2025-10-14T01:58:11.161320] https://www.uit.edu.vn/thong-bao#main status=None
[2025-10-14T01:58:12.138740] https://www.uit.edu.vn/chuc-mung-hoc-vien-cao-hoc-nganh-toan-thong-tin-co-bai-bao-khoa-hoc-duoc-chap-nhan-tai-hoi-nghi-quoc-te-mapr-2025 status=None
[2025-10-14T01:58:13.179227] https://www.uit.edu.vn/aisc25-recap-vong-2-vong-trinh-bay-truc-tiep status=None
[2025-10-14T01:58:14.160693] https://www.uit.edu.vn/chuc-mung-sinh-vien-nguyen-duc-hieu-duoc-chon-vao-doi-tuyen-du-cuoc-thi-international-cybersecurity-challenge-2025 status=None
[2025-10-14T01:58:15.161227] https://www.uit.edu.vn/chuc-mung-ban-vo-quang-vu-duoc-chon-lam-sinh-vien-xuat-sac-chuong-trinh-acs-edu-khoa-4 status=None
[2025-10-14T01:58:16.209442] https://www.uit.edu.vn/chuc-mung-sinh-vien-nguyen-xuan-quang-co-bai-bao-khoa-hoc-duoc-cong-bo-tren-tap-chi-scie-q1 status=None
[2025-10-14T01:58:17.140100] https://www.uit.edu.vn/thong-bao?page=3 status=None
[2025-10-14T01:58:18.104695] https://www.uit.edu.vn/thong-bao?page=4 status=None
[2025-10-14T01:58:19.288522] https://www.uit.edu.vn/thong-bao?page=439 status=None
[2025-10-14T01:58:20.266244] https://www.uit.edu.vn/thong-bao?page=1#mm-1 status=None
[2025-10-14T01:58:21.245710] https://www.uit.edu.vn/thong-bao?page=1#mm-4 status=None
[2025-10-14T01:58:22.236487] https://www.uit.edu.vn/thong-bao?page=1#mm-7 status=None
[2025-10-14T01:58:23.217882] https://www.uit.edu.vn/thong-bao?page=1#mm-11 status=None
[2025-10-14T01:58:24.244076] https://www.uit.edu.vn/thong-bao?page=1#mm-15 status=None
[2025-10-14T01:58:25.241643] https://www.uit.edu.vn/thong-bao?page=1#mm-16 status=None
[2025-10-14T01:58:26.235719] https://www.uit.edu.vn/thong-bao?page=1#mm-21 status=None
[2025-10-14T01:58:27.293199] https://www.uit.edu.vn/thong-bao?page=1#mm-22 status=None
[2025-10-14T01:58:28.243424] https://www.uit.edu.vn/thong-bao?page=1#mm-0 status=None
[2025-10-14T01:58:29.262767] https://www.uit.edu.vn/thong-bao?page=1#mm-2 status=None
[2025-10-14T01:58:30.245031] https://www.uit.edu.vn/thong-bao?page=1#mm-3 status=None
[2025-10-14T01:58:31.257325] https://www.uit.edu.vn/thong-bao?page=1#mm-5 status=None
[2025-10-14T01:58:32.235624] https://www.uit.edu.vn/thong-bao?page=1#mm-6 status=None
[2025-10-14T01:58:33.246730] https://www.uit.edu.vn/thong-bao?page=1#mm-8 status=None
[2025-10-14T01:58:34.237856] https://www.uit.edu.vn/thong-bao?page=1#mm-9 status=None
[2025-10-14T01:58:35.183928] https://www.uit.edu.vn/thong-bao?page=1#mm-10 status=None
[2025-10-14T01:58:36.162541] https://www.uit.edu.vn/thong-bao?page=1#mm-12 status=None
[2025-10-14T01:58:37.104323] https://www.uit.edu.vn/thong-bao?page=1#mm-13 status=None
[2025-10-14T01:58:38.152825] https://www.uit.edu.vn/thong-bao?page=1#mm-14 status=None
[2025-10-14T01:58:39.139765] https://www.uit.edu.vn/thong-bao?page=1#mm-17 status=None
[2025-10-14T01:58:40.113037] https://www.uit.edu.vn/thong-bao?page=1#mm-18 status=None
[2025-10-14T01:58:41.130939] https://www.uit.edu.vn/thong-bao?page=1#mm-19 status=None
[2025-10-14T01:58:42.151259] https://www.uit.edu.vn/thong-bao?page=1#mm-20 status=None
[2025-10-14T01:58:43.132214] https://www.uit.edu.vn/thong-bao?page=1#mm-23 status=None
[2025-10-14T01:58:44.149160] https://www.uit.edu.vn/thong-bao?page=1#mm-24 status=None
[2025-10-14T01:58:45.204609] https://www.uit.edu.vn/thong-bao?page=1#mm-25 status=None
[2025-10-14T01:58:46.210934] https://www.uit.edu.vn/thong-bao?page=1#main status=None
[2025-10-14T01:58:47.298198] https://www.uit.edu.vn/khkttt-chuoi-seminar-hoc-thuat-ve-chuong-trinh-dao-tao-trinh-do-dai-hoc status=None
[2025-10-14T01:58:48.262111] https://www.uit.edu.vn/chuc-mung-nhom-sinh-vien-ky-thuat-may-tinh-co-bai-bao-khoa-hoc-duoc-chap-nhan-cong-bo-tai-hoi-nghi-quoc-te-isds-2025-0 status=None
[2025-10-14T01:58:49.220598] https://www.uit.edu.vn/chuc-mung-nhom-sinh-vien-khoa-khoa-hoc-may-tinh-co-bai-bao-khoa-hoc-duoc-cong-bo-tren-tap-chi-quoc-te-smart-agricultural-technology-nha-xuat-ban status=None
[2025-10-14T01:58:50.152866] https://www.uit.edu.vn/seminor-va-tuyen-dung-avepoint-x-maivenpoint-tai-uit status=None
[2025-10-14T01:58:51.108209] https://www.uit.edu.vn/wannaai-sentinel-2025-khep-lai-hanh-trinh-lan-toa-dam-me status=None
[2025-10-14T01:58:52.026102] https://www.uit.edu.vn/thong-bao?page=2#mm-1 status=None
[2025-10-14T01:58:52.983098] https://www.uit.edu.vn/thong-bao?page=2#mm-4 status=None
[2025-10-14T01:58:53.907703] https://www.uit.edu.vn/thong-bao?page=2#mm-7 status=None
[2025-10-14T01:58:54.853523] https://www.uit.edu.vn/thong-bao?page=2#mm-11 status=None
[2025-10-14T01:58:55.826689] https://www.uit.edu.vn/thong-bao?page=2#mm-15 status=None
[2025-10-14T01:58:56.811293] https://www.uit.edu.vn/thong-bao?page=2#mm-16 status=None
[2025-10-14T01:58:57.747340] https://www.uit.edu.vn/thong-bao?page=2#mm-21 status=None
[2025-10-14T01:58:58.662487] https://www.uit.edu.vn/thong-bao?page=2#mm-22 status=None
[2025-10-14T01:58:59.584924] https://www.uit.edu.vn/thong-bao?page=2#mm-0 status=None
[2025-10-14T01:59:00.547019] https://www.uit.edu.vn/thong-bao?page=2#mm-2 status=None
[2025-10-14T01:59:01.539013] https://www.uit.edu.vn/thong-bao?page=2#mm-3 status=None
[2025-10-14T01:59:02.456195] https://www.uit.edu.vn/thong-bao?page=2#mm-5 status=None
[2025-10-14T01:59:03.385714] https://www.uit.edu.vn/thong-bao?page=2#mm-6 status=None
[2025-10-14T01:59:04.375402] https://www.uit.edu.vn/thong-bao?page=2#mm-8 status=None
[2025-10-14T01:59:05.296838] https://www.uit.edu.vn/thong-bao?page=2#mm-9 status=None
[2025-10-14T01:59:06.258116] https://www.uit.edu.vn/thong-bao?page=2#mm-10 status=None
[2025-10-14T01:59:07.200094] https://www.uit.edu.vn/thong-bao?page=2#mm-12 status=None
[2025-10-14T01:59:08.133114] https://www.uit.edu.vn/thong-bao?page=2#mm-13 status=None
[2025-10-14T01:59:09.075564] https://www.uit.edu.vn/thong-bao?page=2#mm-14 status=None
[2025-10-14T01:59:09.995043] https://www.uit.edu.vn/thong-bao?page=2#mm-17 status=None
[2025-10-14T01:59:10.930928] https://www.uit.edu.vn/thong-bao?page=2#mm-18 status=None
[2025-10-14T01:59:11.899535] https://www.uit.edu.vn/thong-bao?page=2#mm-19 status=None
[2025-10-14T01:59:12.865409] https://www.uit.edu.vn/thong-bao?page=2#mm-20 status=None
[2025-10-14T01:59:13.798378] https://www.uit.edu.vn/thong-bao?page=2#mm-23 status=None
[2025-10-14T01:59:14.727468] https://www.uit.edu.vn/thong-bao?page=2#mm-24 status=None
[2025-10-14T01:59:15.726501] https://www.uit.edu.vn/thong-bao?page=2#mm-25 status=None
[2025-10-14T01:59:16.697825] https://www.uit.edu.vn/thong-bao?page=2#main status=None
[2025-10-14T01:59:17.615204] https://www.uit.edu.vn/co-hoi-du-hoc-nganh-ban-dan-tai-dai-hoc-quoc-gia-seoul status=None
[2025-10-14T01:59:18.564391] https://www.uit.edu.vn/mmttt-thong-bao-ve-viec-dang-ky-de-tai-nghien-cuu-khoa-hoc-sinh-vien-hoc-vien-cao-hoc-dot-2-nam-2025 status=None
[2025-10-14T01:59:19.548200] https://www.uit.edu.vn/nab-future-ready-talent-roadshow-future-cloud-computing status=None
[2025-10-14T01:59:20.502976] https://www.uit.edu.vn/thong-bao-dang-ky-de-tai-nghien-cuu-khoa-hoc-svhvch-2025-dot-2 status=None
[2025-10-14T01:59:21.487358] https://www.uit.edu.vn/ke-hoach-xet-tot-nghiep-dot-4-nam-2025 status=None
[2025-10-14T01:59:22.287712] https://www.uit.edu.vn/thong-tin-tuyen-sinh status=None
[2025-10-14T01:59:23.070952] https://www.uit.edu.vn/aggregator/sources/1 status=None
[2025-10-14T01:59:23.263106] https://www.uit.edu.vn/sites/vi/files/js/js_onbE0n0cQY6KTDQtHO_E27UBymFC-RuqypZZ6Zxez-o.js status=None
[2025-10-14T01:59:23.453740] https://www.uit.edu.vn/sites/vi/files/js/js_QK62nEAG08UFyhoGvGeX8ALEyj1RJ6RtWwdH4pdcNJY.js status=None
[2025-10-14T01:59:24.307992] https://www.uit.edu.vn/tuyen-sinh#mm-1 status=None
[2025-10-14T01:59:25.150071] https://www.uit.edu.vn/tuyen-sinh#mm-4 status=None
[2025-10-14T01:59:26.006433] https://www.uit.edu.vn/tuyen-sinh#mm-7 status=None
[2025-10-14T01:59:26.875510] https://www.uit.edu.vn/tuyen-sinh#mm-11 status=None
[2025-10-14T01:59:27.701639] https://www.uit.edu.vn/tuyen-sinh#mm-15 status=None
[2025-10-14T01:59:28.547627] https://www.uit.edu.vn/tuyen-sinh#mm-16 status=None
[2025-10-14T01:59:29.379974] https://www.uit.edu.vn/tuyen-sinh#mm-21 status=None
[2025-10-14T01:59:30.233201] https://www.uit.edu.vn/tuyen-sinh#mm-22 status=None
[2025-10-14T01:59:31.154507] https://www.uit.edu.vn/tuyen-sinh#mm-0 status=None
[2025-10-14T01:59:32.011903] https://www.uit.edu.vn/tuyen-sinh#mm-2 status=None
[2025-10-14T01:59:32.876340] https://www.uit.edu.vn/tuyen-sinh#mm-3 status=None
[2025-10-14T01:59:33.726218] https://www.uit.edu.vn/tuyen-sinh#mm-5 status=None
[2025-10-14T01:59:34.557028] https://www.uit.edu.vn/tuyen-sinh#mm-6 status=None
[2025-10-14T01:59:35.411763] https://www.uit.edu.vn/tuyen-sinh#mm-8 status=None
[2025-10-14T01:59:36.269476] https://www.uit.edu.vn/tuyen-sinh#mm-9 status=None
[2025-10-14T01:59:37.127207] https://www.uit.edu.vn/tuyen-sinh#mm-10 status=None
[2025-10-14T01:59:37.971894] https://www.uit.edu.vn/tuyen-sinh#mm-12 status=None
[2025-10-14T01:59:38.830079] https://www.uit.edu.vn/tuyen-sinh#mm-13 status=None
[2025-10-14T01:59:39.668263] https://www.uit.edu.vn/tuyen-sinh#mm-14 status=None
[2025-10-14T01:59:40.508590] https://www.uit.edu.vn/tuyen-sinh#mm-17 status=None
[2025-10-14T01:59:41.358062] https://www.uit.edu.vn/tuyen-sinh#mm-18 status=None
[2025-10-14T01:59:42.223955] https://www.uit.edu.vn/tuyen-sinh#mm-19 status=None
[2025-10-14T01:59:43.079897] https://www.uit.edu.vn/tuyen-sinh#mm-20 status=None
[2025-10-14T01:59:43.925682] https://www.uit.edu.vn/tuyen-sinh#mm-23 status=None
[2025-10-14T01:59:44.778308] https://www.uit.edu.vn/tuyen-sinh#mm-24 status=None
[2025-10-14T01:59:45.683547] https://www.uit.edu.vn/tuyen-sinh#mm-25 status=None
[2025-10-14T01:59:46.535583] https://www.uit.edu.vn/tuyen-sinh#main status=None
[2025-10-14T01:59:48.813071] https://en.uit.edu.vn/thong-tin-tuyen-sinh status=None
[2025-10-14T01:59:49.622626] https://www.uit.edu.vn/aggregator status=None
[2025-10-14T01:59:50.405975] https://www.uit.edu.vn/aggregator/sources status=None
[2025-10-14T01:59:50.772619] https://tuyensinh.uit.edu.vn/thong-tin-tuyen-sinh.xml status=None
[2025-10-14T01:59:50.958551] https://www.uit.edu.vn/misc/feed.png status=None
[2025-10-14T01:59:51.689844] https://tuyensinh.uit.edu.vn/2025-thong-bao-ket-qua-xet-tuyen-cac-phuong-thuc-xet-tuyen-som-nam-2025 status=None
[2025-10-14T01:59:52.541069] https://www.uit.edu.vn/aggregator/categories/4 status=None
[2025-10-14T01:59:53.250528] https://tuyensinh.uit.edu.vn/2025-thong-bao-ve-viec-xet-tuyen-dua-tren-ket-qua-ky-thi-dgnl-dhqg-hcm-va-ket-qua-ky-thi-tot-nghiep-thpt-nam-2025 status=None
[2025-10-14T01:59:53.926223] https://tuyensinh.uit.edu.vn/ts2025-thong-bao-ve-viec-uu-tien-xet-tuyen-theo-quy-dinh-cua-truong-dai-hoc-cong-nghe-thong-tin-vao-dai-hoc-chinh-quy-nam-2025 status=None
[2025-10-14T01:59:54.649141] https://tuyensinh.uit.edu.vn/2025-thong-bao-ve-viec-uu-tien-xet-tuyen-theo-quy-dinh-cua-dai-hoc-quoc-gia-tphcm-vao-dai-hoc-chinh-quy-nam-2025 status=None
[2025-10-14T01:59:55.444465] https://tuyensinh.uit.edu.vn/2025-thong-bao-hoc-bong-toan-dien-sang-tao-phung-su-nam-2025 status=None
[2025-10-14T01:59:56.140005] https://tuyensinh.uit.edu.vn/2024-thong-bao-ket-qua-xet-tuyen-nam-2024 status=None
[2025-10-14T01:59:56.821050] https://tuyensinh.uit.edu.vn/2024-thong-bao-diem-chuan-xet-tuyen-theo-phuong-thuc-xet-ket-qua-thi-tot-nghiep-thpt-nam-2024 status=None
[2025-10-14T01:59:57.546851] https://tuyensinh.uit.edu.vn/2024-thong-bao-tuyen-sinh-chuong-trinh-song-nganh-thuong-mai-dien-tu status=None
[2025-10-14T01:59:58.252183] https://tuyensinh.uit.edu.vn/2024-thong-bao-muc-diem-nhan-ho-so-xet-tuyen-dua-tren-ket-qua-thi-tot-nghiep-thpt-nam-2024 status=None
[2025-10-14T01:59:58.975193] https://tuyensinh.uit.edu.vn/2024-thong-bao-diem-chuan-xet-tuyen-theo-phuong-thuc-xet-tuyen-dua-tren-ket-qua-ky-thi-danh-gia-nang-luc-do-dhqg-hcm-chuc-nam-2024 status=None
[2025-10-14T01:59:59.825489] https://tuyensinh.uit.edu.vn/2024-thong-bao-hoc-bong-danh-cho-sinh-vien-nganh-thiet-ke-vi-mach-khoa-2024 status=None
[2025-10-14T02:00:00.558149] https://tuyensinh.uit.edu.vn/thong-bao-ve-viec-xet-tuyen-vao-dai-hoc-chinh-quy-nam-2024-theo-phuong-thuc-su-dung-chung-chi-quoc-te status=None
[2025-10-14T02:00:01.540258] https://tuyensinh.uit.edu.vn/node/2998 status=None
[2025-10-14T02:00:02.449981] https://tuyensinh.uit.edu.vn/thong-bao-hoc-bong-tuyen-sinh-2024 status=None
[2025-10-14T02:00:03.184819] https://tuyensinh.uit.edu.vn/2024-phuong-thuc-tuyen-sinh-nam-2024-du-kien status=None
[2025-10-14T02:00:03.913369] https://tuyensinh.uit.edu.vn/2023-thong-bao-ket-qua-xet-tuyen-nam-2023 status=None
[2025-10-14T02:00:04.665883] https://tuyensinh.uit.edu.vn/2023-thong-bao-diem-chuan-xet-tuyen-theo-phuong-thuc-xet-ket-qua-thi-tot-nghiep-thpt-nam-2023 status=None
[2025-10-14T02:00:05.385738] https://tuyensinh.uit.edu.vn/2023-thong-bao-muc-diem-nhan-ho-so-xet-tuyen-dua-tren-ket-qua-thi-tot-nghiep-thpt-nam-2023 status=None
[2025-10-14T02:00:06.084619] https://tuyensinh.uit.edu.vn/2023-thong-bao-diem-chuan-xet-tuyen-theo-phuong-thuc-xet-tuyen-dua-tren-ket-qua-ky-thi-danh-gia-nang-luc-do-dhqg-hcm-chuc-nam-2023 status=None
[2025-10-14T02:00:06.878014] https://www.uit.edu.vn/thong-tin-tuyen-sinh?page=1 status=None
[2025-10-14T02:00:07.654260] https://www.uit.edu.vn/thong-tin-tuyen-sinh?page=2 status=None
[2025-10-14T02:00:08.444722] https://www.uit.edu.vn/thong-tin-tuyen-sinh?page=3 status=None
[2025-10-14T02:00:08.840972] https://fit.uit.edu.vn/internal status=None
[2025-10-14T02:00:09.151126] https://fit.uit.edu.vn/external status=None
[2025-10-14T02:00:09.354595] https://fit.uit.edu.vn/templates/yoo_master/favicon.ico status=None
[2025-10-14T02:00:09.546356] https://fit.uit.edu.vn/modules/mod_latestnewsplusdate/assets/style.css status=None
[2025-10-14T02:00:09.740983] https://fit.uit.edu.vn/media/com_attachments/css/attachments_hide.css status=None
[2025-10-14T02:00:09.930957] https://fit.uit.edu.vn/media/com_attachments/css/attachments_list.css status=None
[2025-10-14T02:00:10.120448] https://fit.uit.edu.vn/media/widgetkit/css/widgetkit.css status=None
[2025-10-14T02:00:10.305107] https://fit.uit.edu.vn/plugins/system/widgetkit_joomla/assets/css/style.css status=None
[2025-10-14T02:00:10.494219] https://fit.uit.edu.vn/media/widgetkit/widgets/lightbox/css/lightbox.css status=None
[2025-10-14T02:00:10.698587] https://fit.uit.edu.vn/media/widgetkit/widgets/mediaplayer/mediaelement/mediaelementplayer.css status=None
[2025-10-14T02:00:10.898700] https://fit.uit.edu.vn/media/widgetkit/widgets/slideshow/styles/default/style.css status=None
[2025-10-14T02:00:11.101210] https://fit.uit.edu.vn/media/widgetkit/widgets/slideshow/styles/feature/style.css status=None
[2025-10-14T02:00:11.288675] https://fit.uit.edu.vn/media/widgetkit/widgets/spotlight/css/spotlight.css status=None
[2025-10-14T02:00:11.468989] https://fit.uit.edu.vn/media/widgetkit/widgets/twitter/styles/style.css status=None
[2025-10-14T02:00:11.664934] https://fit.uit.edu.vn/media/mod_vvisit_counter/digit_counter/default.css status=None
[2025-10-14T02:00:11.850453] https://fit.uit.edu.vn/media/mod_vvisit_counter/stats/default.css status=None
[2025-10-14T02:00:12.063052] https://fit.uit.edu.vn/media/system/js/mootools-core.js status=None
[2025-10-14T02:00:12.260192] https://fit.uit.edu.vn/media/system/js/core.js status=None
[2025-10-14T02:00:12.443184] https://fit.uit.edu.vn/media/system/js/caption.js status=None
[2025-10-14T02:00:12.732947] https://fit.uit.edu.vn/media/system/js/mootools-more.js status=None
[2025-10-14T02:00:12.926057] https://fit.uit.edu.vn/media/com_attachments/js/attachments_refresh.js status=None
[2025-10-14T02:00:13.140598] https://fit.uit.edu.vn/media/widgetkit/js/jquery.js status=None
[2025-10-14T02:00:13.350125] https://fit.uit.edu.vn/media/widgetkit/js/jquery.plugins.js status=None
[2025-10-14T02:00:13.548826] https://fit.uit.edu.vn/media/widgetkit/js/responsive.js status=None
[2025-10-14T02:00:13.736512] https://fit.uit.edu.vn/media/widgetkit/widgets/slideshow/js/lazyloader.js status=None
[2025-10-14T02:00:13.938879] https://fit.uit.edu.vn/media/widgetkit/widgets/twitter/twitter.js status=None
[2025-10-14T02:00:14.138742] https://fit.uit.edu.vn/templates/yoo_master/apple_touch_icon.png status=None
[2025-10-14T02:00:14.329169] https://fit.uit.edu.vn/templates/yoo_master/styles/kotoba-default/css/base.css status=None
[2025-10-14T02:00:14.524365] https://fit.uit.edu.vn/templates/yoo_master/styles/kotoba-default/css/layout.css status=None
[2025-10-14T02:00:14.719230] https://fit.uit.edu.vn/templates/yoo_master/styles/kotoba-default/css/menus.css status=None
[2025-10-14T02:00:14.921445] https://fit.uit.edu.vn/templates/yoo_master/css/modules.css status=None
[2025-10-14T02:00:15.108430] https://fit.uit.edu.vn/templates/yoo_master/css/tools.css status=None
[2025-10-14T02:00:15.294454] https://fit.uit.edu.vn/templates/yoo_master/css/system.css status=None
[2025-10-14T02:00:15.480366] https://fit.uit.edu.vn/templates/yoo_master/css/extensions.css status=None
[2025-10-14T02:00:15.667200] https://fit.uit.edu.vn/templates/yoo_master/css/custom.css status=None
[2025-10-14T02:00:15.851933] https://fit.uit.edu.vn/templates/yoo_master/styles/kotoba-default/css/color2/salmon.css status=None
[2025-10-14T02:00:16.039338] https://fit.uit.edu.vn/templates/yoo_master/css/font2/arial.css status=None
[2025-10-14T02:00:16.230107] https://fit.uit.edu.vn/templates/yoo_master/css/font3/arial.css status=None
[2025-10-14T02:00:16.416905] https://fit.uit.edu.vn/templates/yoo_master/styles/kotoba-default/css/style.css status=None
[2025-10-14T02:00:16.586047] https://fit.uit.edu.vn/templates/yoo_master/styles/kotoba-default/css/responsive.css status=None
[2025-10-14T02:00:16.776259] https://fit.uit.edu.vn/templates/yoo_master/css/print.css status=None
[2025-10-14T02:00:16.963984] https://fit.uit.edu.vn/templates/yoo_master/warp/js/warp.js status=None
[2025-10-14T02:00:17.165344] https://fit.uit.edu.vn/templates/yoo_master/warp/js/responsive.js status=None
[2025-10-14T02:00:17.363744] https://fit.uit.edu.vn/templates/yoo_master/warp/js/accordionmenu.js status=None
[2025-10-14T02:00:17.554937] https://fit.uit.edu.vn/templates/yoo_master/warp/js/dropdownmenu.js status=None
[2025-10-14T02:00:17.756709] https://fit.uit.edu.vn/templates/yoo_master/js/template.js status=None
[2025-10-14T02:00:17.941488] https://fit.uit.edu.vn/images/logo.png status=None
[2025-10-14T02:00:18.128060] https://fit.uit.edu.vn/images/jdirect/icon-facebook.png status=None
[2025-10-14T02:00:24.357506] https://fit.uit.edu.vn/en/ status=None
[2025-10-14T02:00:24.546328] https://fit.uit.edu.vn/images/jdirect/en32.png status=None
[2025-10-14T02:00:24.737182] https://fit.uit.edu.vn/images/jdirect/vn32bl.png status=None
[2025-10-14T02:00:25.343072] https://fit.uit.edu.vn/index.php/gioi-thieu/gi-i-thi-u-chung status=None
[2025-10-14T02:00:26.106124] https://fit.uit.edu.vn/index.php/gioi-thieu/doi-ngu-nhan-su status=None
[2025-10-14T02:00:26.789899] https://fit.uit.edu.vn/index.php/gioi-thieu/co-van-hoc-tap status=None
[2025-10-14T02:00:26.976014] https://fit.uit.edu.vn/index.php/gioi-thieu/ke-hoach-nam/2022 status=None
[2025-10-14T02:00:27.159039] https://fit.uit.edu.vn/index.php/component/content/article/2-uncategorised/6267-kttt-ke-hoach-hoat-dong-nam-2023 status=None
[2025-10-14T02:00:27.345365] https://fit.uit.edu.vn/index.php/component/content/article/2-uncategorised/6577-ke-hoach-nam-2024 status=None
[2025-10-14T02:00:27.530840] https://fit.uit.edu.vn/index.php/component/content/article/2-uncategorised/6824-ke-hoach-nam-2025 status=None
[2025-10-14T02:00:27.718747] https://fit.uit.edu.vn/index.php/dao-tao/bac-dai-hoc/thong-bao-he-dai-hoc status=None
[2025-10-14T02:00:27.920369] https://fit.uit.edu.vn/index.php/dao-tao/bac-dai-hoc/chuong-trinh-dao-dai-hoc status=None
[2025-10-14T02:00:28.110414] https://fit.uit.edu.vn/index.php/dao-tao/bac-dai-hoc/cac-quy-trinh-bieu-mau-sinh-vien status=None
[2025-10-14T02:00:28.307201] https://fit.uit.edu.vn/index.php/dao-tao/bac-dai-hoc/danh-sach-mon-h-c-du-c-xet-quy-d-i-di-m status=None
[2025-10-14T02:00:28.495759] https://fit.uit.edu.vn/index.php/dao-tao/bac-dai-hoc/menu-cntt/tong-quan-cntt status=None
[2025-10-14T02:00:28.681964] https://fit.uit.edu.vn/index.php/dao-tao/bac-dai-hoc/menu-cntt/chuan-dau-ra-cntt status=None
[2025-10-14T02:00:28.867881] https://fit.uit.edu.vn/index.php/dao-tao/bac-dai-hoc/nganh-khoa-h-c-d-li-u/chuong-trinh-dao-ds status=None
[2025-10-14T02:00:29.054071] https://fit.uit.edu.vn/index.php/dao-tao/bac-dai-hoc/nganh-khoa-h-c-d-li-u/chuan-dau-ra-ds status=None
[2025-10-14T02:00:29.238166] https://fit.uit.edu.vn/index.php/dao-tao/bac-sau-dai-hoc status=None
[2025-10-14T02:00:29.428154] https://fit.uit.edu.vn/index.php/dao-tao/bac-sau-dai-hoc/chuong-trinh-dao-tao-cao-hoc status=None
[2025-10-14T02:00:29.620141] https://fit.uit.edu.vn/index.php/dao-tao/bac-sau-dai-hoc/quy-ch-dao-t-o-th-c-si status=None
[2025-10-14T02:00:29.839866] https://fit.uit.edu.vn/index.php/dao-tao/bac-tien-si/chuong-trinh-dao-cntt-ts status=None
[2025-10-14T02:00:30.027437] https://fit.uit.edu.vn/index.php/tin-tuc/tin-t-t-nghi-p status=None
[2025-10-14T02:00:30.214165] https://fit.uit.edu.vn/index.php/tin-tuc/tin-moi status=None
[2025-10-14T02:00:30.403452] https://fit.uit.edu.vn/index.php/tin-tuc/tin-h-c-v/thong-bao-chung status=None
[2025-10-14T02:00:30.590454] https://fit.uit.edu.vn/index.php/tin-tuc/tin-h-c-v/thong-bao-cac-h-dao-t-o/thong-bao-he-dai-hoc status=None
[2025-10-14T02:00:30.778025] https://fit.uit.edu.vn/index.php/tin-tuc/tin-h-c-v/thong-bao-cac-h-dao-t-o/thong-bao-h-lien-thong status=None
[2025-10-14T02:00:30.965988] https://fit.uit.edu.vn/index.php/tin-tuc/tin-h-c-v/thong-bao-cac-h-dao-t-o/thong-bao-h-van-b-ng-2 status=None
[2025-10-14T02:00:31.153127] https://fit.uit.edu.vn/index.php/tin-tuc/tin-h-c-v/thong-bao-cac-h-dao-t-o/thong-bao-he-cao-hoc status=None
[2025-10-14T02:00:31.358658] https://fit.uit.edu.vn/index.php/tin-tuc/tin-h-c-v/thong-bao-cac-h-dao-t-o/thong-bao-he-tien-si status=None
[2025-10-14T02:00:31.544402] https://fit.uit.edu.vn/index.php/tin-tuc/goc-hoc-tap status=None
[2025-10-14T02:00:31.732806] https://fit.uit.edu.vn/index.php/tin-tuc/tin-khoa-hoc-cong-nghe status=None
[2025-10-14T02:00:31.924188] https://fit.uit.edu.vn/index.php/tin-tuc/tin-tuyen-dung status=None
[2025-10-14T02:00:32.108726] https://fit.uit.edu.vn/index.php/tin-tuc/tin-cuu-hoc-vien-cao-hoc status=None
[2025-10-14T02:00:32.298182] https://fit.uit.edu.vn/index.php/tin-tuc/tin-khac status=None
[2025-10-14T02:00:32.493446] https://fit.uit.edu.vn/index.php/nckh/cac-nhom-nghien-cuu status=None
[2025-10-14T02:00:32.686221] https://fit.uit.edu.vn/index.php/nckh/hoi-nghi status=None
[2025-10-14T02:00:32.871640] https://fit.uit.edu.vn/index.php/nckh/cong-bo-khoa-hoc status=None
[2025-10-14T02:00:33.797189] https://fit.uit.edu.vn/index.php/nckh/khen-thuong-nckh-khoa status=None
[2025-10-14T02:00:34.412309] https://fit.uit.edu.vn/index.php/nckh/sach-giao-trinh status=None
[2025-10-14T02:00:35.083539] https://fit.uit.edu.vn/index.php/nckh/nckh-sinh-vien status=None
[2025-10-14T02:00:35.786292] https://fit.uit.edu.vn/index.php/nckh/ten-d-tai-kltn-c-a-sinh-vien status=None
[2025-10-14T02:00:36.514683] https://fit.uit.edu.vn/index.php/nckh/d-tai-lu-n-van-th-c-si status=None
[2025-10-14T02:00:38.032401] https://fit.uit.edu.vn/index.php/nckh/sinh-vien-tieu-bi-u status=None
[2025-10-14T02:00:39.335528] https://fit.uit.edu.vn/index.php/nckh/ds-d-tai-g-i-y-sv-nckh-kltn status=None
[2025-10-14T02:00:39.815246] https://dsc.uit.edu.vn/ status=None
[2025-10-14T02:00:40.300226] https://fit.uit.edu.vn/index.php/lien-he status=None
[2025-10-14T02:00:40.508813] https://fit.uit.edu.vn/attachments/article/4644/banneruit-namhocmoi.png status=None
[2025-10-14T02:00:41.204648] https://tuyensinh.uit.edu.vn/nganh-dao-tao/nganh-khoa-hoc-du-lieu status=None
[2025-10-14T02:00:41.401505] https://fit.uit.edu.vn/attachments/article/4644/uit-banner-khdl-ok3.jpg status=None
[2025-10-14T02:00:42.383900] https://www.uit.edu.vn/nganh-cong-nghe-thong-tin-hanh-trang-vung-chac-cho-tuong-lai-so status=None
[2025-10-14T02:00:42.585263] https://fit.uit.edu.vn/attachments/article/4644/uit-banner-cntt_ok3.jpg status=None
[2025-10-14T02:00:43.767082] https://tuyensinhsdh.uit.edu.vn/ status=None
[2025-10-14T02:00:44.013970] https://fit.uit.edu.vn/attachments/article/4644/tuyensdh2025.png status=None
[2025-10-14T02:00:44.309591] https://fit.uit.edu.vn/attachments/article/4644/chvsv.png status=None
[2025-10-14T02:00:44.747992] https://fit.uit.edu.vn/attachments/article/4644/vanphongalu.png status=None
[2025-10-14T02:00:45.374975] https://fit.uit.edu.vn/attachments/article/4644/lienthong2022-01.png status=None
[2025-10-14T02:00:46.064753] https://fit.uit.edu.vn/attachments/article/4644/vb2-01.png status=None
[2025-10-14T02:00:46.331298] https://fit.uit.edu.vn/attachments/article/4644/totnghiep.jpg status=None
[2025-10-14T02:00:46.549784] https://fit.uit.edu.vn/attachments/article/4644/cohoinghenghiep4.png status=None
[2025-10-14T02:00:46.890464] https://fit.uit.edu.vn/attachments/article/4644/uittoancanh4.png status=None
[2025-10-14T02:00:47.080106] https://fit.uit.edu.vn/images/Mobility-technology.jpg status=None
[2025-10-14T02:00:47.267311] https://www.uit.edu.vn/sites/vi/files/new.gif status=None
[2025-10-14T02:00:47.935579] https://fit.uit.edu.vn/index.php/tin-tuc/tin-moi/7250-openai-no-luc-tang-cuong-khach-quan-cho-chatgpt status=None
[2025-10-14T02:00:48.115327] https://fit.uit.edu.vn/images/tk.png status=None
[2025-10-14T02:00:48.317986] https://fit.uit.edu.vn/images/https://photo-baomoi.bmcdn.me/w700_r1/2025_10_11_287_53468427/6b0f529e53d7ba89e3c6_lnd_thumb.jpg status=None
[2025-10-14T02:00:48.937601] https://fit.uit.edu.vn/index.php/tin-tuc/tin-moi/7249-gia-tang-khieu-nai-trong-linh-vuc-thuong-mai-dien-tu status=None
[2025-10-14T02:00:49.552134] https://fit.uit.edu.vn/index.php/tin-tuc/tin-moi/7246-40-trung-tam-du-lieu-ai-co-nguy-co-thieu-dien-vao-nam-2027 status=None
[2025-10-14T02:00:50.162360] https://fit.uit.edu.vn/index.php/tin-tuc/tin-moi/7244-co-can-xay-dung-khung-phap-ly-cho-ai status=None
[2025-10-14T02:00:50.790294] https://fit.uit.edu.vn/index.php/tin-tuc/tin-moi/7243-tphcm-thu-nghiem-nen-tang-quan-ly-chinh-quyen-so status=None
[2025-10-14T02:00:50.981004] https://fit.uit.edu.vn/images/head2.png status=None
[2025-10-14T02:00:52.099193] https://fit.uit.edu.vn/index.php/12-thong-bao/thong-bao-he-dai-hoc/7238-chuoi-seminar-hoc-thuat-ve-chuong-trinh-dao-tao-trinh-do-dai-hoc status=None
[2025-10-14T02:00:52.291472] https://fit.uit.edu.vn/modules/mod_latestnewsplusdate/assets/default_lnd_thumb.gif status=None
[2025-10-14T02:00:53.144238] https://fit.uit.edu.vn/index.php/12-thong-bao/thong-bao-he-dai-hoc/7235-khao-sat-lay-y-kien-sv-ve-dich-vu-ho-tro-2025 status=None
[2025-10-14T02:00:54.019556] https://fit.uit.edu.vn/index.php/12-thong-bao/thong-bao-he-dai-hoc/7233-ke-hoach-xet-tot-nghiep-dot-04-nam-2025 status=None
[2025-10-14T02:00:54.845198] https://fit.uit.edu.vn/index.php/12-thong-bao/thong-bao-he-dai-hoc/7221-ke-hoach-xu-ly-hoc-vu-ky-2-va-he-nam-hoc-2024-2025 status=None
[2025-10-14T02:00:55.999222] https://fit.uit.edu.vn/index.php/12-thong-bao/thong-bao-he-dai-hoc/7214-khoa-kh-kttt-k-ho-ch-th-c-t-p-doanh-nghi-p-hki-nh-2025-2026 status=None
[2025-10-14T02:01:06.049642] https://fit.uit.edu.vn/index.php/12-thong-bao/thong-bao-he-dai-hoc status=None
[2025-10-14T02:01:06.680692] https://fit.uit.edu.vn/index.php/tin-tuc/tin-h-c-v/thong-bao-cac-h-dao-t-o/thong-bao-h-van-b-ng-2/6701-tkb-cac-l-p-vb2 status=None
[2025-10-14T02:01:07.307271] https://fit.uit.edu.vn/index.php/tin-tuc/tin-h-c-v/thong-bao-cac-h-dao-t-o/thong-bao-h-van-b-ng-2/6477-kh-kttt-th-i-khoa-bi-u-van-b-ng-2 status=None
[2025-10-14T02:01:07.951565] https://fit.uit.edu.vn/index.php/tin-tuc/tin-h-c-v/thong-bao-cac-h-dao-t-o/thong-bao-h-van-b-ng-2/6364-tkb-h-c-ph-n-5-hk2-nam-h-c-2022-2023-c-a-l-p-lien-thong status=None
[2025-10-14T02:01:08.819694] https://fit.uit.edu.vn/index.php/tin-tuc/tin-h-c-v/thong-bao-cac-h-dao-t-o/thong-bao-h-van-b-ng-2/6353-l-t-t-nghi-p-d-t-1-nam-2023-k-ho-ch-t-ch-c status=None
[2025-10-14T02:01:09.923739] https://fit.uit.edu.vn/index.php/tin-tuc/tin-h-c-v/thong-bao-cac-h-dao-t-o/thong-bao-h-van-b-ng-2/6092-hinh-anh-le-tot-nghiep-thang-9-nam-2022 status=None
[2025-10-14T02:01:15.355341] https://fit.uit.edu.vn/index.php/tin-tuc/tin-h-c-v/thong-bao-cac-h-dao-t-o/thong-bao-h-lien-thong/6902-th-i-khoa-bi-u-h-c-ph-n-3-hk2-nam-h-c-2024-2025-c-a-l-p-lien-thong-chinh-quy-khoa-tuy-n-nam-2024 status=None
[2025-10-14T02:01:18.127020] https://fit.uit.edu.vn/index.php/tin-tuc/tin-h-c-v/thong-bao-cac-h-dao-t-o/thong-bao-h-lien-thong/6762-th-i-khoa-bi-u-h-c-ph-n-2-hk1-nam-h-c-2024-2025-c-a-l-p-lien-thong-chinh-quy-khoa-tuy-n-nam-2024 status=None
[2025-10-14T02:01:18.659206] https://fit.uit.edu.vn/index.php/tin-tuc/tin-h-c-v/thong-bao-cac-h-dao-t-o/thong-bao-h-lien-thong/6713-th-i-khoa-bi-u-h-c-ph-n-4-hk1-nam-h-c-2024-2025-c-a-l-p-lien-thong-chinh-quy-khoa-tuy-n-nam-2023 status=None
[2025-10-14T02:01:19.210390] https://fit.uit.edu.vn/index.php/tin-tuc/tin-h-c-v/thong-bao-cac-h-dao-t-o/thong-bao-h-lien-thong/6702-th-i-khoa-bi-u-c-a-l-p-lien-thong-chinh-quy-khoa-tuy-n-nam-2024 status=None
[2025-10-14T02:01:19.752271] https://fit.uit.edu.vn/index.php/tin-tuc/tin-h-c-v/thong-bao-cac-h-dao-t-o/thong-bao-h-lien-thong/6607-th-i-khoa-bi-u-h-c-ph-n-3-hk2-nam-h-c-2023-2024-c-a-l-p-lien-thong-chinh-quy-khoa-tuy-n-nam-2023 status=None
[2025-10-14T02:01:20.372823] https://fit.uit.edu.vn/index.php/tin-tuc/tin-h-c-v/thong-bao-cac-h-dao-t-o/thong-bao-he-cao-hoc/7209-buoi-tu-van-tuyen-sinh-ctdt-trinh-do-thac-si-dot-2-2025 status=None
[2025-10-14T02:01:20.947729] https://fit.uit.edu.vn/index.php/tin-tuc/tin-h-c-v/thong-bao-cac-h-dao-t-o/thong-bao-he-cao-hoc/7098-chuc-m-ng-cac-h-c-vien-cao-h-c-b-o-v-thanh-cong-lu-n-van-th-c-si-d-t-ngay-28-6-2025 status=None
[2025-10-14T02:01:21.766912] https://fit.uit.edu.vn/index.php/tin-tuc/tin-h-c-v/thong-bao-cac-h-dao-t-o/thong-bao-he-cao-hoc/6995-thong-bao-thoi-khoa-bieu-mo-thang-4-2025-danh-cho-khoa-19-2024 status=None
[2025-10-14T02:01:22.389336] https://fit.uit.edu.vn/index.php/tin-tuc/tin-h-c-v/thong-bao-cac-h-dao-t-o/thong-bao-he-cao-hoc/6933-chuc-m-ung-cac-hoc-vien-cao-hoc-bao-ve-thanh-cong-luan-van-thac-si status=None
[2025-10-14T02:01:23.013634] https://fit.uit.edu.vn/index.php/tin-tuc/tin-h-c-v/thong-bao-cac-h-dao-t-o/thong-bao-he-cao-hoc/6916-hoc-bong-bac-thac-si-danh-cho-nu-gioi-women-in-stem-tu-hoi-dong-anh status=None
[2025-10-14T02:01:23.622155] https://fit.uit.edu.vn/index.php/tin-tuc/tin-h-c-v/thong-bao-cac-h-dao-t-o/thong-bao-he-tien-si/7078-v-v-hop-tieu-ban-chuyen-mon-xet-tuyen-trinh-do-tien-si-nganh-cong-nghe-thong-tin status=None
[2025-10-14T02:01:24.295947] https://fit.uit.edu.vn/index.php/tin-tuc/tin-h-c-v/thong-bao-cac-h-dao-t-o/thong-bao-he-tien-si/7004-to-chuc-uit-innoresearch-connect-2025 status=None
[2025-10-14T02:01:24.971031] https://fit.uit.edu.vn/index.php/tin-tuc/tin-h-c-v/thong-bao-cac-h-dao-t-o/thong-bao-he-tien-si/6994-giang-day-mon-moi-cac-chu-de-nghien-cuu-ve-xu-ly-tin-hieu-am-thanh-va-giong-noi status=None
[2025-10-14T02:01:25.618205] https://fit.uit.edu.vn/index.php/tin-tuc/tin-h-c-v/thong-bao-cac-h-dao-t-o/thong-bao-he-tien-si/6931-chuc-mung-ncs-phan-the-duy-bao-ve-thanh-cong-luan-an-tien-si status=None
[2025-10-14T02:01:26.227029] https://fit.uit.edu.vn/index.php/tin-tuc/tin-h-c-v/thong-bao-cac-h-dao-t-o/thong-bao-he-tien-si/6912-v-vi-c-t-ch-c-phien-h-p-h-i-d-ng-danh-gia-lu-n-an-ti-n-si-c-p-tru-ng-c-a-ncs-phan-th-duy status=None
[2025-10-14T02:01:26.837359] https://fit.uit.edu.vn/index.php/tin-tuc/goc-hoc-tap/7248-su-khac-nhau-cua-tien-ao-tien-so-va-tien-ky-thuat-so status=None
[2025-10-14T02:01:29.790884] https://fit.uit.edu.vn/index.php/tin-tuc/goc-hoc-tap/7247-tan-man-voi-nguoi-thay-gia status=None
[2025-10-14T02:01:30.636930] https://fit.uit.edu.vn/index.php/tin-tuc/goc-hoc-tap/7245-cac-kien-thuc-quan-trong-cua-nganh-khoa-hoc-du-lieu-la-gi status=None
[2025-10-14T02:01:31.302212] https://fit.uit.edu.vn/index.php/tin-tuc/goc-hoc-tap/7242-nhung-kien-thuc-quan-trong-cho-lanh-vuc-lap-trinh-web-la-gi status=None
[2025-10-14T02:01:31.906635] https://fit.uit.edu.vn/index.php/tin-tuc/goc-hoc-tap/7236-nhung-kien-thuc-quan-trong-cho-lanh-vuc-lap-trinh-tren-thiet-bi-di-dong-la-gi status=None
[2025-10-14T02:01:32.884044] https://fit.uit.edu.vn/index.php/tin-tuc/tin-tuyen-dung/7237-thong-bao-tuyen-dung-tu-tap-doan-cong-nghe-tma-tma-tech-group status=None
[2025-10-14T02:01:33.518063] https://fit.uit.edu.vn/index.php/tin-tuc/tin-tuyen-dung/7193-chuong-trinh-thuc-tap-sinh-vnggames-2025 status=None
[2025-10-14T02:01:34.256489] https://fit.uit.edu.vn/index.php/tin-tuc/tin-tuyen-dung/7139-chuong-trinh-thuc-tap-tma-solution-thang-8-2025 status=None
[2025-10-14T02:01:34.866984] https://fit.uit.edu.vn/index.php/tin-tuc/tin-tuyen-dung/7119-chuong-trinh-internship-cong-ty-tnhh-dekon-viet-nam status=None
[2025-10-14T02:01:35.467988] https://fit.uit.edu.vn/index.php/tin-tuc/tin-tuyen-dung/7068-tma-industry-internship-thang-6-2025 status=None
[2025-10-14T02:01:36.121413] https://fit.uit.edu.vn/index.php/tin-tuc/tin-cuu-hoc-vien-cao-hoc/6093-tma-solutions-tuyen-dung-quy-4-2022 status=None
[2025-10-14T02:01:36.909562] https://fit.uit.edu.vn/index.php/tin-tuc/tin-cuu-hoc-vien-cao-hoc/6076-fujinet-tin-tuyen-dung-thang-10-2022 status=None
[2025-10-14T02:01:37.510638] https://fit.uit.edu.vn/index.php/tin-tuc/tin-cuu-hoc-vien-cao-hoc/5778-wifim-jsc-tuy-n-d-ng-th-c-t-p-sinh-l-p-trinh-thi-t-k-va-phat-tri-n-seo-website-thang-12-2021 status=None
[2025-10-14T02:01:38.118782] https://fit.uit.edu.vn/index.php/tin-tuc/tin-cuu-hoc-vien-cao-hoc/5771-cong-ty-cp-ch-ky-s-vi-na-tuy-n-10-nhan-vien-cong-ngh-thong-tin status=None
[2025-10-14T02:01:38.817895] https://fit.uit.edu.vn/index.php/tin-tuc/tin-cuu-hoc-vien-cao-hoc/5755-cong-ty-c-ph-n-cong-ngh-ti-n-ich-thong-minh-tuy-n-02-v-tri-website-developer status=None
[2025-10-14T02:01:39.445091] https://fit.uit.edu.vn/index.php/tin-tuc/tin-khac/7241-dau-bbep-viet-nau-mam-co-toan-dac-san-tu-nam-ra-bac-tai-my-khach-toi-chay-cho status=None
[2025-10-14T02:01:39.650830] https://fit.uit.edu.vn/images/https://photo-baomoi.bmcdn.me/w700_r1/2025_10_05_23_53407956/01c97f5e7b179249cb06_lnd_thumb.jpg status=None
[2025-10-14T02:01:40.600277] https://fit.uit.edu.vn/index.php/tin-tuc/tin-khac/7231-nuoc-mam-phan-thiet-va-hanh-tinh-giu-vung-thuong-hieu status=None
[2025-10-14T02:01:42.323512] https://fit.uit.edu.vn/index.php/tin-tuc/tin-khac/7227-huong-com-mua-thu status=None
[2025-10-14T02:01:42.967547] https://fit.uit.edu.vn/index.php/tin-tuc/tin-khac/7225-dau-bep-phap-huong-dan-khach-chon-mon-ngon-da-nang status=None
[2025-10-14T02:01:43.598912] https://fit.uit.edu.vn/index.php/tin-tuc/tin-khac/7219-4-loai-banh-trung-thu-tuyet-doi-khong-duoc-an status=None
[2025-10-14T02:01:43.777581] https://fit.uit.edu.vn/attachments/article/4644/logoCITD2.png status=None
[2025-10-14T02:01:43.963167] https://fit.uit.edu.vn/attachments/article/4644/Logo_THDD.png status=None
[2025-10-14T02:01:44.150690] https://fit.uit.edu.vn/attachments/article/4644/fpt.png status=None
[2025-10-14T02:01:44.344993] https://fit.uit.edu.vn/attachments/article/4644/LogoHPT.png status=None
[2025-10-14T02:01:44.527859] https://fit.uit.edu.vn/attachments/article/4644/meclogo2024.png status=None
[2025-10-14T02:01:44.720554] https://fit.uit.edu.vn/attachments/article/4644/FUJINET1.png status=None
[2025-10-14T02:01:44.903125] https://fit.uit.edu.vn/attachments/article/5340/tma.png status=None
[2025-10-14T02:01:45.092836] https://fit.uit.edu.vn/attachments/article/5340/logoWIFIM.png status=None
[2025-10-14T02:01:45.263958] https://fit.uit.edu.vn/attachments/article/4325/logo_TTP.jpg status=None
[2025-10-14T02:01:45.450917] https://fit.uit.edu.vn/attachments/article/4644/logoDEKON.png status=None
[2025-10-14T02:01:45.656316] https://fit.uit.edu.vn/attachments/article/5340/INFODATION_WORDMARK_RGB(WEB)-1.png status=None
[2025-10-14T02:01:45.843591] https://fit.uit.edu.vn/attachments/article/5340/netcompany.png status=None
[2025-10-14T02:01:46.032898] https://fit.uit.edu.vn/attachments/article/4644/logo_TTP2.png status=None
[2025-10-14T02:01:46.206502] https://fit.uit.edu.vn/attachments/article/4644/netcompany2.png status=None
[2025-10-14T02:01:49.409766] https://fit.uit.edu.vn#page status=None
[2025-10-14T02:01:52.817488] http://fit.uit.edu.vn/ status=None
[2025-10-14T02:01:53.009278] https://fit.uit.edu.vn/templates/yoo_master/css/error.css status=None
[2025-10-14T02:01:55.680293] https://ce.uit.edu.vn/internal status=None
[2025-10-14T02:01:58.210278] https://ce.uit.edu.vn/external status=None
[2025-10-14T02:02:00.365976] https://fce.uit.edu.vn/feed/ status=None
[2025-10-14T02:02:02.649677] https://fce.uit.edu.vn/comments/feed/ status=None
[2025-10-14T02:02:02.861595] https://fce.uit.edu.vn/wp-content/plugins/jet-engine/assets/css/frontend.css?ver=3.7.6 status=None
[2025-10-14T02:02:03.063871] https://fce.uit.edu.vn/wp-content/themes/hello-biz/assets/css/theme.css?ver=1.2.0 status=None
[2025-10-14T02:02:03.268439] https://fce.uit.edu.vn/wp-content/themes/hello-biz/assets/css/header-footer.css?ver=1.2.0 status=None
[2025-10-14T02:02:03.471660] https://fce.uit.edu.vn/wp-content/plugins/jetformbuilder/modules/option-field/assets/build/select.css?ver=0edd78a6f12e2b918b82 status=None
[2025-10-14T02:02:03.706318] https://fce.uit.edu.vn/wp-content/plugins/jetformbuilder/modules/option-field/assets/build/checkbox.css?ver=f54eb583054648e8615b status=None
[2025-10-14T02:02:03.912155] https://fce.uit.edu.vn/wp-content/plugins/jetformbuilder/modules/option-field/assets/build/radio.css?ver=7c6d0d4d7df91e6bd6a4 status=None
[2025-10-14T02:02:04.128527] https://fce.uit.edu.vn/wp-content/plugins/jetformbuilder/modules/advanced-choices/assets/build/main.css?ver=ca05550a7cac3b9b55a3 status=None
[2025-10-14T02:02:04.329432] https://fce.uit.edu.vn/wp-content/plugins/jetformbuilder/modules/wysiwyg/assets/build/wysiwyg.css?ver=5a4d16fb6d7a94700261 status=None
[2025-10-14T02:02:04.530205] https://fce.uit.edu.vn/wp-content/plugins/jetformbuilder/modules/switcher/assets/build/switcher.css?ver=06c887a8b9195e5a119d status=None
[2025-10-14T02:02:04.734144] https://fce.uit.edu.vn/wp-content/plugins/elementor/assets/css/frontend.min.css?ver=3.32.4 status=None
[2025-10-14T02:02:04.935087] https://fce.uit.edu.vn/wp-content/plugins/elementor/assets/css/widget-image.min.css?ver=3.32.4 status=None
[2025-10-14T02:02:05.135881] https://fce.uit.edu.vn/wp-content/plugins/elementor-pro/assets/css/widget-nav-menu.min.css?ver=3.32.2 status=None
[2025-10-14T02:02:05.340428] https://fce.uit.edu.vn/wp-content/plugins/elementor/assets/css/widget-heading.min.css?ver=3.32.4 status=None
[2025-10-14T02:02:05.545877] https://fce.uit.edu.vn/wp-content/plugins/filebird-pro/includes/PageBuilders/Elementor/assets/css/frontend.css?ver=6.4.9 status=None
[2025-10-14T02:02:05.750827] https://fce.uit.edu.vn/wp-content/plugins/elementor/assets/css/widget-divider.min.css?ver=3.32.4 status=None
[2025-10-14T02:02:05.956887] https://fce.uit.edu.vn/wp-content/plugins/elementor/assets/lib/swiper/v8/css/swiper.min.css?ver=8.4.5 status=None
[2025-10-14T02:02:06.156544] https://fce.uit.edu.vn/wp-content/plugins/elementor/assets/css/conditionals/e-swiper.min.css?ver=3.32.4 status=None
[2025-10-14T02:02:06.358984] https://fce.uit.edu.vn/wp-content/plugins/elementor-pro/assets/css/widget-loop-common.min.css?ver=3.32.2 status=None
[2025-10-14T02:02:06.549076] https://fce.uit.edu.vn/wp-content/plugins/elementor-pro/assets/css/widget-loop-carousel.min.css?ver=3.32.2 status=None
[2025-10-14T02:02:06.751729] https://fce.uit.edu.vn/wp-content/plugins/elementor/assets/css/widget-image-carousel.min.css?ver=3.32.4 status=None
[2025-10-14T02:02:06.939345] https://fce.uit.edu.vn/wp-content/plugins/elementor/assets/css/widget-video.min.css?ver=3.32.4 status=None
[2025-10-14T02:02:07.141866] https://fce.uit.edu.vn/wp-content/plugins/jet-search/assets/lib/chosen/chosen.min.css?ver=1.8.7 status=None
[2025-10-14T02:02:07.331411] https://fce.uit.edu.vn/wp-content/plugins/jet-search/assets/css/jet-search.css?ver=3.5.14 status=None
[2025-10-14T02:02:07.519318] https://fce.uit.edu.vn/wp-content/uploads/elementor/google-fonts/css/montserrat.css?ver=1756302824 status=None
[2025-10-14T02:02:07.719906] https://fce.uit.edu.vn/wp-content/uploads/elementor/google-fonts/css/lexend.css?ver=1756303150 status=None
[2025-10-14T02:02:07.907051] https://fce.uit.edu.vn/wp-content/uploads/elementor/google-fonts/css/ebgaramond.css?ver=1756302808 status=None
[2025-10-14T02:02:08.110307] https://fce.uit.edu.vn/wp-content/uploads/elementor/google-fonts/css/roboto.css?ver=1756302778 status=None
[2025-10-14T02:02:08.314331] https://fce.uit.edu.vn/wp-content/uploads/elementor/google-fonts/css/robotoserif.css?ver=1756302797 status=None
[2025-10-14T02:02:08.535120] https://fce.uit.edu.vn/wp-includes/js/jquery/jquery.min.js?ver=3.7.1 status=None
[2025-10-14T02:02:08.739565] https://fce.uit.edu.vn/wp-includes/js/jquery/jquery-migrate.min.js?ver=3.4.1 status=None
[2025-10-14T02:02:08.943167] https://fce.uit.edu.vn/wp-includes/js/imagesloaded.min.js?ver=6.8.2 status=None
[2025-10-14T02:02:21.798935] https://fce.uit.edu.vn/wp-json/ status=None
[2025-10-14T02:02:26.393301] https://fce.uit.edu.vn/wp-json/wp/v2/pages/14 status=None
[2025-10-14T02:02:28.409869] https://fce.uit.edu.vn/xmlrpc.php?rsd status=None
[2025-10-14T02:02:31.034932] https://fce.uit.edu.vn/wp-json/oembed/1.0/embed?url=https%3A%2F%2Ffce.uit.edu.vn%2F status=None
[2025-10-14T02:02:34.176805] https://fce.uit.edu.vn/wp-json/oembed/1.0/embed?url=https%3A%2F%2Ffce.uit.edu.vn%2F&amp;format=xml status=None
[2025-10-14T02:02:34.379640] https://fce.uit.edu.vn/wp-content/uploads/2024/03/LOGO-CE-WebIcon-150x150.png status=None
[2025-10-14T02:02:34.592697] https://fce.uit.edu.vn/wp-content/uploads/2024/03/LOGO-CE-WebIcon-300x300.png status=None
[2025-10-14T02:02:34.849397] https://fce.uit.edu.vn/wp-includes/js/wp-emoji-release.min.js?ver=6.8.2 status=None
[2025-10-14T02:02:39.822454] https://fce.uit.edu.vn status=None
[2025-10-14T02:02:40.014445] https://fce.uit.edu.vn/wp-content/uploads/2024/03/WebIcon_1x_FCE-Full-Stroke.png status=None
[2025-10-14T02:02:44.230798] https://fce.uit.edu.vn/co-cau-to-chuc/ status=None
[2025-10-14T02:02:47.487722] https://fce.uit.edu.vn/giang-vien/ status=None
[2025-10-14T02:02:51.125155] https://fce.uit.edu.vn/nhom-nghien-cuu/ status=None
[2025-10-14T02:02:55.044107] https://fce.uit.edu.vn/ce-day/ status=None
[2025-10-14T02:02:55.942566] https://daa.uit.edu.vn/content/cu-nhan-nganh-ky-thuat-may-tinh-ap-dung-tu-khoa-18-2023 status=None
[2025-10-14T02:02:56.872302] https://daa.uit.edu.vn/content/cu-nhan-nganh-thiet-ke-vi-mach-ap-dung-tu-khoa-19-2024 status=None
[2025-10-14T02:02:57.632738] https://daa.uit.edu.vn/content/cu-nhan-nganh-ky-thuat-may-tinh-ap-dung-tu-khoa-17-2022 status=None
[2025-10-14T02:02:58.425048] https://daa.uit.edu.vn/content/ky-su-va-cu-nhan-nganh-ky-thuat-may-tinh-ap-dung-tu-khoa-15-2020 status=None
[2025-10-14T02:03:01.308224] https://fce.uit.edu.vn/danh-sach-cac-doi-tac/ status=None
[2025-10-14T02:03:04.753867] https://fce.uit.edu.vn/student-hub-cong-thong-tin-sinh-vien/ status=None
[2025-10-14T02:03:08.011566] https://fce.uit.edu.vn/quy-dinh-bieu-mau/ status=None
[2025-10-14T02:03:11.113539] https://fce.uit.edu.vn/category/thong-bao-chung/ status=None
[2025-10-14T02:03:14.319762] https://fce.uit.edu.vn/category/hoc-vu/ status=None
[2025-10-14T02:03:17.361340] https://fce.uit.edu.vn/category/thuc-tap-viec-lam/ status=None
[2025-10-14T02:03:20.415344] https://fce.uit.edu.vn/category/hoat-dong-doan-hoi/ status=None
[2025-10-14T02:03:23.417290] https://fce.uit.edu.vn/category/khoa-hoc-cong-nghe/ status=None
[2025-10-14T02:03:26.555494] https://fce.uit.edu.vn/category/cau-lac-bo/clb-ceec/ status=None
[2025-10-14T02:03:29.553897] https://fce.uit.edu.vn/category/cau-lac-bo/clb-icc/ status=None
[2025-10-14T02:03:33.085167] https://fce.uit.edu.vn/lien-he/ status=None
[2025-10-14T02:03:36.108293] https://fce.uit.edu.vn/lich-tiep-sinh-vien/ status=None
[2025-10-14T02:04:06.320413] https://ce.uit.edu.vn/wp-content/plugins/gtranslate/flags/svg/en.svg status=None
[2025-10-14T02:04:36.581879] https://ce.uit.edu.vn/wp-content/plugins/gtranslate/flags/svg/vi.svg status=None
[2025-10-14T02:04:40.020515] https://fce.uit.edu.vn/thong-bao-nop-don-cuu-xet-xu-ly-hoc-vu-hoc-ky-2-va-he-nam-hoc-2024-2025-khoa-ky-thuat-may-tinh-chuong-trinh-chat-luong-cao/ status=None
[2025-10-14T02:04:40.219806] https://fce.uit.edu.vn/wp-content/uploads/2025/09/tai-xuong.jpg status=None
[2025-10-14T02:04:44.061058] https://fce.uit.edu.vn/thong-bao-thoi-gian-phat-chung-chi-giao-duc-quoc-phong-an-ninh-khoa-ky-thuat-may-tinh-dot-4-nam-2025/ status=None
[2025-10-14T02:04:44.264400] https://fce.uit.edu.vn/wp-content/uploads/2025/09/tbpccqpan.jpg status=None
[2025-10-14T02:04:47.451176] https://fce.uit.edu.vn/ke-hoach-xet-tot-nghiep-dot-04-nam-2025/ status=None
[2025-10-14T02:04:47.652811] https://fce.uit.edu.vn/wp-content/uploads/2025/09/h-tb-NOP-ho-do-XET-TN.jpg status=None
[2025-10-14T02:04:51.389230] https://fce.uit.edu.vn/thong-bao-seminar-hoc-thuat-asic-lab-lan-2-nam-2025/ status=None
[2025-10-14T02:04:51.606322] https://fce.uit.edu.vn/wp-content/uploads/2025/07/ittttterrbnnn.bak.png status=None
[2025-10-14T02:04:55.636638] https://fce.uit.edu.vn/ttpc-dbcl-thong-bao-khao-sat-lay-y-kien-sinh-vien-ve-dich-vu-ho-tro-nam-2025/ status=None
[2025-10-14T02:04:55.830793] https://fce.uit.edu.vn/wp-content/uploads/2024/04/thongbao-1.jpg status=None
[2025-10-14T02:04:59.044794] https://fce.uit.edu.vn/thong-bao-nop-don-cuu-xet-xu-ly-hoc-vu-hk-2-hk-3-nam-hoc-2024-2025-he-cqdt-chuong-trinh-chuan-khoa-ktmt/ status=None
[2025-10-14T02:04:59.243658] https://fce.uit.edu.vn/wp-content/uploads/2025/10/Warning8046.jpg status=None
[2025-10-14T02:04:59.444987] https://fce.uit.edu.vn/wp-content/uploads/2024/11/FSOFT-stroke-768x253.png status=None
[2025-10-14T02:04:59.648294] https://fce.uit.edu.vn/wp-content/uploads/2024/11/FARADAY-stroke-768x176.png status=None
[2025-10-14T02:04:59.855841] https://fce.uit.edu.vn/wp-content/uploads/2024/11/BOSCH-stroke-768x181.png status=None
[2025-10-14T02:05:00.058765] https://fce.uit.edu.vn/wp-content/uploads/2024/07/Uniquify-Logo_Engineer-AI-768x248.png status=None
[2025-10-14T02:05:00.255730] https://fce.uit.edu.vn/wp-content/uploads/2024/03/FARADAY_Origin-768x167.png status=None
[2025-10-14T02:05:00.528649] https://fce.uit.edu.vn/wp-content/uploads/2024/03/IoT-Home.png status=None
[2025-10-14T02:05:00.778537] https://fce.uit.edu.vn/wp-content/uploads/2024/03/Teacher-man-512.png status=None
[2025-10-14T02:05:01.027251] https://fce.uit.edu.vn/wp-content/uploads/2024/03/CPU-Design.png status=None
[2025-10-14T02:05:01.260855] https://fce.uit.edu.vn/wp-content/uploads/2024/03/Technology-09.png status=None
[2025-10-14T02:05:08.923722] https://ce.uit.edu.vn/{{{data.link}}} status=None
[2025-10-14T02:05:09.126185] https://fce.uit.edu.vn/wp-content/plugins/jet-elements/assets/css/jet-elements.css?ver=2.7.11 status=None
[2025-10-14T02:05:09.342237] https://fce.uit.edu.vn/wp-content/plugins/elementor/assets/js/webpack.runtime.min.js?ver=3.32.4 status=None
[2025-10-14T02:05:09.568368] https://fce.uit.edu.vn/wp-content/plugins/elementor/assets/js/frontend-modules.min.js?ver=3.32.4 status=None
[2025-10-14T02:05:09.778671] https://fce.uit.edu.vn/wp-includes/js/jquery/ui/core.min.js?ver=1.13.3 status=None
[2025-10-14T02:05:09.995700] https://fce.uit.edu.vn/wp-content/plugins/elementor/assets/js/frontend.min.js?ver=3.32.4 status=None
[2025-10-14T02:05:10.229944] https://fce.uit.edu.vn/wp-content/plugins/elementor-pro/assets/lib/smartmenus/jquery.smartmenus.min.js?ver=1.2.1 status=None
[2025-10-14T02:05:10.445851] https://fce.uit.edu.vn/wp-includes/js/imagesloaded.min.js?ver=5.0.0 status=None
[2025-10-14T02:05:10.704352] https://fce.uit.edu.vn/wp-content/plugins/elementor/assets/lib/swiper/v8/swiper.min.js?ver=8.4.5 status=None
[2025-10-14T02:05:10.923646] https://fce.uit.edu.vn/wp-content/plugins/gtranslate/js/globe.js?ver=6.8.2 status=None
[2025-10-14T02:05:11.141855] https://fce.uit.edu.vn/wp-includes/js/underscore.min.js?ver=1.13.7 status=None
[2025-10-14T02:05:11.358234] https://fce.uit.edu.vn/wp-includes/js/wp-util.min.js?ver=6.8.2 status=None
[2025-10-14T02:05:11.584999] https://fce.uit.edu.vn/wp-content/plugins/jet-search/assets/lib/chosen/chosen.jquery.min.js?ver=1.8.7 status=None
[2025-10-14T02:05:11.793459] https://fce.uit.edu.vn/wp-content/plugins/jet-search/assets/lib/jet-plugins/jet-plugins.js?ver=1.0.0 status=None
[2025-10-14T02:05:12.019742] https://fce.uit.edu.vn/wp-content/plugins/jet-search/assets/js/jet-search.js?ver=3.5.14 status=None
[2025-10-14T02:05:12.231115] https://fce.uit.edu.vn/wp-content/plugins/elementor-pro/assets/js/webpack-pro.runtime.min.js?ver=3.32.2 status=None
[2025-10-14T02:05:12.447183] https://fce.uit.edu.vn/wp-includes/js/dist/hooks.min.js?ver=4d63a3d491d11ffd8ac6 status=None
[2025-10-14T02:05:12.666442] https://fce.uit.edu.vn/wp-includes/js/dist/i18n.min.js?ver=5e580eb46a90c2b997e6 status=None
[2025-10-14T02:05:12.873616] https://fce.uit.edu.vn/wp-content/plugins/elementor-pro/assets/js/frontend.min.js?ver=3.32.2 status=None
[2025-10-14T02:05:13.094847] https://fce.uit.edu.vn/wp-content/plugins/elementor-pro/assets/js/elements-handlers.min.js?ver=3.32.2 status=None
[2025-10-14T02:05:13.331999] https://fce.uit.edu.vn/wp-content/plugins/jet-elements/assets/js/jet-elements.min.js?ver=2.7.11 status=None
[2025-10-14T02:05:14.448208] https://www.uit.edu.vn/taxonomy/term/202 status=None
[2025-10-14T02:05:15.435827] https://www.uit.edu.vn/nghien-cuu-khoa-hoc#mm-1 status=None
[2025-10-14T02:05:16.461579] https://www.uit.edu.vn/nghien-cuu-khoa-hoc#mm-4 status=None
[2025-10-14T02:05:17.522136] https://www.uit.edu.vn/nghien-cuu-khoa-hoc#mm-7 status=None
[2025-10-14T02:05:18.606969] https://www.uit.edu.vn/nghien-cuu-khoa-hoc#mm-11 status=None
[2025-10-14T02:05:19.593967] https://www.uit.edu.vn/nghien-cuu-khoa-hoc#mm-15 status=None
[2025-10-14T02:05:20.781412] https://www.uit.edu.vn/nghien-cuu-khoa-hoc#mm-16 status=None
[2025-10-14T02:05:21.852010] https://www.uit.edu.vn/nghien-cuu-khoa-hoc#mm-21 status=None
[2025-10-14T02:05:22.870835] https://www.uit.edu.vn/nghien-cuu-khoa-hoc#mm-22 status=None
[2025-10-14T02:05:23.877361] https://www.uit.edu.vn/nghien-cuu-khoa-hoc#mm-0 status=None
[2025-10-14T02:05:24.883089] https://www.uit.edu.vn/nghien-cuu-khoa-hoc#mm-2 status=None
[2025-10-14T02:05:25.911016] https://www.uit.edu.vn/nghien-cuu-khoa-hoc#mm-3 status=None
[2025-10-14T02:05:26.911512] https://www.uit.edu.vn/nghien-cuu-khoa-hoc#mm-5 status=None
[2025-10-14T02:05:27.956744] https://www.uit.edu.vn/nghien-cuu-khoa-hoc#mm-6 status=None
[2025-10-14T02:05:28.950074] https://www.uit.edu.vn/nghien-cuu-khoa-hoc#mm-8 status=None
[2025-10-14T02:05:30.050111] https://www.uit.edu.vn/nghien-cuu-khoa-hoc#mm-9 status=None
[2025-10-14T02:05:31.086328] https://www.uit.edu.vn/nghien-cuu-khoa-hoc#mm-10 status=None
[2025-10-14T02:05:32.153197] https://www.uit.edu.vn/nghien-cuu-khoa-hoc#mm-12 status=None
[2025-10-14T02:05:33.166918] https://www.uit.edu.vn/nghien-cuu-khoa-hoc#mm-13 status=None
[2025-10-14T02:05:34.193998] https://www.uit.edu.vn/nghien-cuu-khoa-hoc#mm-14 status=None
[2025-10-14T02:05:35.177792] https://www.uit.edu.vn/nghien-cuu-khoa-hoc#mm-17 status=None
[2025-10-14T02:05:36.207748] https://www.uit.edu.vn/nghien-cuu-khoa-hoc#mm-18 status=None
[2025-10-14T02:05:37.217786] https://www.uit.edu.vn/nghien-cuu-khoa-hoc#mm-19 status=None
[2025-10-14T02:05:38.221424] https://www.uit.edu.vn/nghien-cuu-khoa-hoc#mm-20 status=None
[2025-10-14T02:05:39.229908] https://www.uit.edu.vn/nghien-cuu-khoa-hoc#mm-23 status=None
[2025-10-14T02:05:40.226160] https://www.uit.edu.vn/nghien-cuu-khoa-hoc#mm-24 status=None
[2025-10-14T02:05:41.237521] https://www.uit.edu.vn/nghien-cuu-khoa-hoc#mm-25 status=None
[2025-10-14T02:05:42.208441] https://www.uit.edu.vn/nghien-cuu-khoa-hoc#main status=None
[2025-10-14T02:05:43.226125] https://en.uit.edu.vn/study-research status=None
[2025-10-14T02:05:43.426478] https://www.uit.edu.vn/sites/vi/files/styles/uit_thumb/public/uploads/images/thumbs/202510/558958685_1282936280539040_8449993789389879264_n.jpg?itok=f7N1zaoz status=None
[2025-10-14T02:05:43.633174] https://www.uit.edu.vn/sites/vi/files/styles/uit_thumb/public/uploads/images/thumbs/202510/559359925_1125155336484438_1737570604839608972_n.jpg?itok=nig6YTGX status=None
[2025-10-14T02:05:43.834180] https://www.uit.edu.vn/sites/vi/files/styles/uit_thumb/public/uploads/images/thumbs/202510/copy559363565_1390056413129703_133715655256049256_n.jpg?itok=--FgxTO3 status=None
[2025-10-14T02:05:44.035572] https://www.uit.edu.vn/sites/vi/files/styles/uit_thumb/public/uploads/images/thumbs/202510/copy564091794_1389361889865822_3853726855886878043_n.jpg?itok=Q-_CEjS5 status=None
[2025-10-14T02:05:44.241683] https://www.uit.edu.vn/sites/vi/files/styles/uit_thumb/public/uploads/images/thumbs/202510/559155184_1218708860301853_7380990985983964380_n.jpg?itok=hZuohsJL status=None
[2025-10-14T02:05:44.442717] https://www.uit.edu.vn/sites/vi/files/styles/uit_thumb/public/uploads/images/thumbs/202510/download.png?itok=iWaUi2GU status=None
[2025-10-14T02:05:44.646259] https://www.uit.edu.vn/sites/vi/files/styles/uit_thumb/public/uploads/images/thumbs/202510/557588262_1277885014377500_3650466475172054369_n.jpg?itok=OAci9Ml- status=None
[2025-10-14T02:05:44.852618] https://www.uit.edu.vn/sites/vi/files/styles/uit_thumb/public/uploads/images/thumbs/202510/558981414_1278088274357174_7115204253413666112_n.jpg?itok=BLPGQSLk status=None
[2025-10-14T02:05:45.054327] https://www.uit.edu.vn/sites/vi/files/styles/uit_thumb/public/uploads/images/thumbs/202510/557728311_1378425357623039_1745117709235260879_n.jpg?itok=8kLXYlzv status=None
[2025-10-14T02:05:45.256835] https://www.uit.edu.vn/sites/vi/files/styles/uit_thumb/public/uploads/images/thumbs/202510/557000330_1377864934348851_8477446809118111543_n.jpg?itok=7SC4M-1x status=None
[2025-10-14T02:05:46.193862] https://www.uit.edu.vn/hoc-tap-nghien-cuu?page=1 status=None
[2025-10-14T02:05:47.205052] https://www.uit.edu.vn/hoc-tap-nghien-cuu?page=2 status=None
[2025-10-14T02:05:48.124372] https://www.uit.edu.vn/hoc-tap-nghien-cuu?page=3 status=None
[2025-10-14T02:05:49.168907] https://www.uit.edu.vn/hoc-tap-nghien-cuu?page=4 status=None
[2025-10-14T02:05:50.159065] https://www.uit.edu.vn/hoc-tap-nghien-cuu?page=5 status=None
[2025-10-14T02:05:51.140743] https://www.uit.edu.vn/hoc-tap-nghien-cuu?page=6 status=None
[2025-10-14T02:05:52.059363] https://www.uit.edu.vn/hoc-tap-nghien-cuu?page=7 status=None
[2025-10-14T02:05:52.871410] https://www.uit.edu.vn/hoc-tap-nghien-cuu?page=8 status=None
[2025-10-14T02:05:53.678050] https://www.uit.edu.vn/hoc-tap-nghien-cuu?page=220 status=None
[2025-10-14T02:05:54.617657] https://www.uit.edu.vn/nghien-cuu-khoa-hoc?page=1#mm-1 status=None
[2025-10-14T02:05:55.525837] https://www.uit.edu.vn/nghien-cuu-khoa-hoc?page=1#mm-4 status=None
[2025-10-14T02:05:56.431355] https://www.uit.edu.vn/nghien-cuu-khoa-hoc?page=1#mm-7 status=None
[2025-10-14T02:05:57.327929] https://www.uit.edu.vn/nghien-cuu-khoa-hoc?page=1#mm-11 status=None
[2025-10-14T02:05:58.183182] https://www.uit.edu.vn/nghien-cuu-khoa-hoc?page=1#mm-15 status=None
[2025-10-14T02:05:59.069233] https://www.uit.edu.vn/nghien-cuu-khoa-hoc?page=1#mm-16 status=None
[2025-10-14T02:05:59.926665] https://www.uit.edu.vn/nghien-cuu-khoa-hoc?page=1#mm-21 status=None
[2025-10-14T02:06:00.831929] https://www.uit.edu.vn/nghien-cuu-khoa-hoc?page=1#mm-22 status=None
[2025-10-14T02:06:01.729759] https://www.uit.edu.vn/nghien-cuu-khoa-hoc?page=1#mm-0 status=None
[2025-10-14T02:06:02.626809] https://www.uit.edu.vn/nghien-cuu-khoa-hoc?page=1#mm-2 status=None
[2025-10-14T02:06:03.507216] https://www.uit.edu.vn/nghien-cuu-khoa-hoc?page=1#mm-3 status=None
[2025-10-14T02:06:04.363541] https://www.uit.edu.vn/nghien-cuu-khoa-hoc?page=1#mm-5 status=None
[2025-10-14T02:06:05.295861] https://www.uit.edu.vn/nghien-cuu-khoa-hoc?page=1#mm-6 status=None
[2025-10-14T02:06:06.168623] https://www.uit.edu.vn/nghien-cuu-khoa-hoc?page=1#mm-8 status=None
[2025-10-14T02:06:07.043267] https://www.uit.edu.vn/nghien-cuu-khoa-hoc?page=1#mm-9 status=None
[2025-10-14T02:06:07.905702] https://www.uit.edu.vn/nghien-cuu-khoa-hoc?page=1#mm-10 status=None
[2025-10-14T02:06:08.801983] https://www.uit.edu.vn/nghien-cuu-khoa-hoc?page=1#mm-12 status=None
[2025-10-14T02:06:09.657819] https://www.uit.edu.vn/nghien-cuu-khoa-hoc?page=1#mm-13 status=None
[2025-10-14T02:06:10.582843] https://www.uit.edu.vn/nghien-cuu-khoa-hoc?page=1#mm-14 status=None
[2025-10-14T02:06:11.475631] https://www.uit.edu.vn/nghien-cuu-khoa-hoc?page=1#mm-17 status=None
[2025-10-14T02:06:12.349234] https://www.uit.edu.vn/nghien-cuu-khoa-hoc?page=1#mm-18 status=None
[2025-10-14T02:06:13.238320] https://www.uit.edu.vn/nghien-cuu-khoa-hoc?page=1#mm-19 status=None
[2025-10-14T02:06:14.113878] https://www.uit.edu.vn/nghien-cuu-khoa-hoc?page=1#mm-20 status=None
[2025-10-14T02:06:14.973751] https://www.uit.edu.vn/nghien-cuu-khoa-hoc?page=1#mm-23 status=None
[2025-10-14T02:06:15.850408] https://www.uit.edu.vn/nghien-cuu-khoa-hoc?page=1#mm-24 status=None
[2025-10-14T02:06:16.721727] https://www.uit.edu.vn/nghien-cuu-khoa-hoc?page=1#mm-25 status=None
[2025-10-14T02:06:17.598061] https://www.uit.edu.vn/nghien-cuu-khoa-hoc?page=1#main status=None
[2025-10-14T02:06:17.777152] https://www.uit.edu.vn/sites/vi/files/styles/uit_thumb/public/uploads/images/thumbs/202510/554922543_1372314708234104_2658436154044449710_n.jpg?itok=AeJm2Luy status=None
[2025-10-14T02:06:17.963283] https://www.uit.edu.vn/sites/vi/files/styles/uit_thumb/public/uploads/images/thumbs/202510/cropped-logo_mmt-nth-218x150_1.png?itok=a92NheTF status=None
[2025-10-14T02:06:18.147640] https://www.uit.edu.vn/sites/vi/files/styles/uit_thumb/public/uploads/images/thumbs/202509/555115462_1214421327386664_7805961563614235114_n.jpg?itok=vPzXHnob status=None
[2025-10-14T02:06:18.333671] https://www.uit.edu.vn/sites/vi/files/styles/uit_thumb/public/uploads/images/thumbs/202509/558115255_1375163997949175_1081300301052652972_n.jpg?itok=6RDt7kKN status=None
[2025-10-14T02:06:18.521489] https://www.uit.edu.vn/sites/vi/files/styles/uit_thumb/public/uploads/images/thumbs/202509/556384272_1271979011634767_7876517758431465295_n.jpg?itok=_6t_e3fO status=None
[2025-10-14T02:06:19.505323] https://www.uit.edu.vn/chuc-mung-sinh-vien-cttt2021-cttt2020-va-hoc-vien-cao-hoc-nganh-httt-co-bai-bao-tai-hoi-nghi-khoa-hoc-quoc-te-miwai-2025 status=None
[2025-10-14T02:06:19.684800] https://www.uit.edu.vn/sites/vi/files/styles/uit_thumb/public/uploads/images/thumbs/202509/555509770_1279016607603918_8035957081698285062_n.jpg?itok=pFDg787G status=None
[2025-10-14T02:06:20.660052] https://www.uit.edu.vn/cuoc-thi-ninh-mang-2025 status=None
[2025-10-14T02:06:20.849870] https://www.uit.edu.vn/sites/vi/files/styles/uit_thumb/public/default_images/default_image.png?itok=mEuGvHqg status=None
[2025-10-14T02:06:21.800004] https://www.uit.edu.vn/co-hoi-hoc-bong-toan-phan-thac-si-va-tien-si-tai-dai-hoc-quoc-gia-seoul-snu-do-samsung-tai-tro status=None
[2025-10-14T02:06:21.982859] https://www.uit.edu.vn/sites/vi/files/styles/uit_thumb/public/uploads/images/thumbs/202509/554922543_1372314708234104_2658436154044449710_n.jpg?itok=izhfH5uZ status=None
[2025-10-14T02:06:22.911203] https://www.uit.edu.vn/thong-bao-dang-ky-gia-han-thoi-gian-dong-hoc-phi-hoc-ky-1-nam-hoc-2025-2026-lan-cuoi status=None
[2025-10-14T02:06:23.092176] https://www.uit.edu.vn/sites/vi/files/styles/uit_thumb/public/uploads/images/thumbs/202509/550080940_1263820375783964_7435646844099371877_n.jpg?itok=KoMrfnDm status=None
[2025-10-14T02:06:24.049571] https://www.uit.edu.vn/chuc-mung-sinh-vien-uit-co-bai-bao-khoa-hoc-duoc-chap-nhan-cong-bo-tai-hoi-nghi-quoc-te-vcris-2025 status=None
[2025-10-14T02:06:24.229882] https://www.uit.edu.vn/sites/vi/files/styles/uit_thumb/public/uploads/images/thumbs/202509/550686614_1264631599036175_8803290730780894691_n.jpg?itok=KzeVQGka status=None
[2025-10-14T02:06:25.953793] https://iro.uit.edu.vn/internal status=None
[2025-10-14T02:06:27.573476] https://iro.uit.edu.vn/external status=None
[2025-10-14T02:06:27.746606] https://www.uit.edu.vn/sites/vi/files/css/css_vZ_wrMQ9Og-YPPxa1q4us3N7DsZMJa-14jShHgRoRNo.css status=None
[2025-10-14T02:06:27.938808] https://www.uit.edu.vn/sites/vi/files/css/css_1zFb84H9sa5ltLjtimQy4Oks9GDvGT4ek_-uxT6fk_E.css status=None
[2025-10-14T02:06:28.154889] https://www.uit.edu.vn/sites/vi/files/css/css_z5Rye-Qej34ZV8sTveS8W8wgFSgf1nlb7gxG4k2ufB4.css status=None
[2025-10-14T02:06:28.347210] https://www.uit.edu.vn/sites/vi/files/js/js_UxbptggT3ar9knZHDJRB4jwFfDNLA1d_bdJ9MKdTZUI.js status=None
[2025-10-14T02:06:28.555199] https://www.uit.edu.vn/sites/vi/files/js/js_J2KQGtTJXfml2Jo1pVXR1fwQFQfHHHsTPnymuCIkN5M.js status=None
[2025-10-14T02:06:28.779614] https://www.uit.edu.vn/sites/vi/files/js/js_73oYk7Q5X28WQABVWGB03G3ydaJBwcBA_Q_kcXriWks.js status=None
[2025-10-14T02:06:30.366553] https://iro.uit.edu.vn/sites/all/themes/open_framework/js/html5shiv.js status=None
[2025-10-14T02:06:31.817088] https://iro.uit.edu.vn/thong-bao#mm-1 status=None
[2025-10-14T02:06:33.539541] https://iro.uit.edu.vn/thong-bao#mm-4 status=None
[2025-10-14T02:06:34.981111] https://iro.uit.edu.vn/thong-bao#mm-7 status=None
[2025-10-14T02:06:36.476118] https://iro.uit.edu.vn/thong-bao#mm-11 status=None
[2025-10-14T02:06:37.947513] https://iro.uit.edu.vn/thong-bao#mm-15 status=None
[2025-10-14T02:06:39.550623] https://iro.uit.edu.vn/thong-bao#mm-16 status=None
[2025-10-14T02:06:41.077908] https://iro.uit.edu.vn/thong-bao#mm-21 status=None
[2025-10-14T02:06:42.555421] https://iro.uit.edu.vn/thong-bao#mm-22 status=None
[2025-10-14T02:06:44.295684] https://iro.uit.edu.vn/thong-bao#mm-0 status=None
[2025-10-14T02:06:46.042946] https://iro.uit.edu.vn/thong-bao#mm-2 status=None
[2025-10-14T02:06:47.608830] https://iro.uit.edu.vn/thong-bao#mm-3 status=None
[2025-10-14T02:06:49.197373] https://iro.uit.edu.vn/thong-bao#mm-5 status=None
[2025-10-14T02:06:50.852828] https://iro.uit.edu.vn/thong-bao#mm-6 status=None
[2025-10-14T02:06:52.335308] https://iro.uit.edu.vn/thong-bao#mm-8 status=None
[2025-10-14T02:06:53.931925] https://iro.uit.edu.vn/thong-bao#mm-9 status=None
[2025-10-14T02:06:55.502719] https://iro.uit.edu.vn/thong-bao#mm-10 status=None
[2025-10-14T02:06:56.988480] https://iro.uit.edu.vn/thong-bao#mm-12 status=None
[2025-10-14T02:06:58.716496] https://iro.uit.edu.vn/thong-bao#mm-13 status=None
[2025-10-14T02:07:00.219784] https://iro.uit.edu.vn/thong-bao#mm-14 status=None
[2025-10-14T02:07:01.831453] https://iro.uit.edu.vn/thong-bao#mm-17 status=None
[2025-10-14T02:07:03.414204] https://iro.uit.edu.vn/thong-bao#mm-18 status=None
[2025-10-14T02:07:04.991322] https://iro.uit.edu.vn/thong-bao#mm-19 status=None
[2025-10-14T02:07:06.657198] https://iro.uit.edu.vn/thong-bao#mm-20 status=None
[2025-10-14T02:07:08.423354] https://iro.uit.edu.vn/thong-bao#mm-23 status=None
[2025-10-14T02:07:10.001843] https://iro.uit.edu.vn/thong-bao#mm-24 status=None
[2025-10-14T02:07:11.668548] https://iro.uit.edu.vn/thong-bao#mm-25 status=None
[2025-10-14T02:07:13.139765] https://iro.uit.edu.vn/thong-bao#main status=None
[2025-10-14T02:07:14.238689] https://en.uit.edu.vn/ status=None
[2025-10-14T02:07:15.875955] https://iro.uit.edu.vn/sites/vi/files/uploads/images/hcld.png status=None
[2025-10-14T02:07:16.068616] https://www.uit.edu.vn/sites/vi/files/styles/slider/public/slider/bannerwebuit_-_tuyen_dung.png?itok=Gcu1XxeO status=None
[2025-10-14T02:07:16.257534] https://www.uit.edu.vn/sites/vi/files/styles/slider/public/slider/tnsm.png?itok=POHepd-Y status=None
[2025-10-14T02:07:16.445437] https://www.uit.edu.vn/sites/vi/files/styles/slider/public/slider/banneruit-dhdtp.png?itok=GjHJROFG status=None
[2025-10-14T02:07:16.633339] https://www.uit.edu.vn/sites/vi/files/styles/slider/public/slider/banneruit-namhocmoi.png?itok=VEOpMJSH status=None
[2025-10-14T02:07:20.706651] https://sdh.uit.edu.vn/bai-viet/thong-bao-tuyen-sinh-chuong-trinh-dao-tao-trinh-do-thac-si-dot-2-nam-2025 status=None
[2025-10-14T02:07:20.887460] https://www.uit.edu.vn/sites/vi/files/styles/slider/public/slider/bannersdh_0.png?itok=xa6Qaozh status=None
[2025-10-14T02:07:22.412687] https://iro.uit.edu.vn/sites/vi/files/uploads/images/202011/intro_uit_play_360.jpg status=None
[2025-10-14T02:07:23.907048] https://iro.uit.edu.vn/sites/vi/files/new.gif status=None
[2025-10-14T02:07:24.858920] https://www.uit.edu.vn/kham-pha-dai-hoc-newcastle-uc-dieu-gi-tao-nen-uy-tin-va-vi-vung-chac-tren-ban-do-giao-duc-gioi status=None
[2025-10-14T02:07:25.941848] https://www.uit.edu.vn/cong-doan-truong-dai-hoc-cong-nghe-thong-tin-chuc-hoi-nghi-tap-huan-tong-ket-nam-hoc-2024-2025 status=None
[2025-10-14T02:07:26.978100] https://www.uit.edu.vn/le-ky-ket-thoa-thuan-hop-tac-truong-dai-hoc-cong-nghe-thong-tin-va-ct-group status=None
[2025-10-14T02:07:27.976424] https://www.uit.edu.vn/uit-talk-ai-nguoi-ban-dong-hanh-trong-hoc-tap-tai-dai-hoc status=None
[2025-10-14T02:07:28.164719] https://www.uit.edu.vn/sites/vi/files/styles/uit_thumb/public/uploads/images/thumbs/202510/558964027_1283196273846374_5480857808892482670_n.jpg?itok=d-tjjl4d status=None
[2025-10-14T02:07:29.235967] https://www.uit.edu.vn/khai-giang-khoa-boi-duong-giao-tiep-tieng-anh-danh-cho-giang-vien-vien-chuc-nguoi-lao-dong-uit status=None
[2025-10-14T02:07:30.280663] https://www.uit.edu.vn/huynh-phan-gia-bao-tu-no-luc-khong-ngung-den-cong-trinh-khoa-hoc-quoc-te status=None
[2025-10-14T02:07:31.256004] https://www.uit.edu.vn/thong-tin-hoc-bong-kms-back2school-scholarship-2025 status=None
[2025-10-14T02:07:32.964854] https://iro.uit.edu.vn/sites/vi/files/uploads/images/default-dh.png status=None
[2025-10-14T02:07:34.389238] https://sdh.uit.edu.vn/bai-viet/thong-bao-ve-viec-thay-doi-thoi-gian-chuc-phien-hop-hoi-dong-danh-gia-luan-tien-si-cap-dvcm status=None
[2025-10-14T02:07:35.000130] https://sdh.uit.edu.vn/bai-viet/ve-viec-chuc-phien-hop-hoi-dong-danh-gia-luan-tien-si-cap-truong-cua-ncs-dang-van-thin status=None
[2025-10-14T02:07:36.212931] https://www.uit.edu.vn/tuoi-tre-truong-dh-cong-nghe-thong-tin-tu-hao-va-lan-toa-khat-vong-cong-hien status=None
[2025-10-14T02:07:36.404887] https://www.uit.edu.vn/sites/vi/files/styles/uit_thumb/public/uploads/images/thumbs/202510/559515811_1132472209039935_4993364349438343247_n.jpg?itok=wu0-U6H2 status=None
[2025-10-14T02:07:37.577217] https://www.uit.edu.vn/olympic-ai-sinh-vien-viet-nam-2025-chinh-thuc-khoi-dong status=None
[2025-10-14T02:07:38.782283] https://www.uit.edu.vn/ngay-tinh-nguyen-challenge-change-2025 status=None
[2025-10-14T02:07:39.917334] https://www.uit.edu.vn/tong-ket-vong-chung-ket-bang-cuoc-thi-uit-data-science-challenge-2025 status=None
[2025-10-14T02:07:41.137749] https://www.uit.edu.vn/uit-car-racing-2025-thong-bao-cac-thu-thach-va-map-demo-vong-khoi-dong status=None
[2025-10-14T02:07:42.096071] https://www.uit.edu.vn/thong-bao-danh-sach-dang-ky-hoc-bong-kkht-hk2-2024-2025-va-hoc-bong-ngoai-ngan-sach-hk1-2025-2026 status=None
[2025-10-14T02:07:42.276539] https://www.uit.edu.vn/sites/vi/files/styles/uit_thumb/public/uploads/images/thumbs/202510/475924771_1072399181592752_6241241311517238465_n_1_2.jpg?itok=2ji-NaP6 status=None
[2025-10-14T02:07:43.327161] https://www.uit.edu.vn/tchc-1158tb-dhcntt-thong-bao-tuyen-dung-nhan-su-dot-3-nam-2025-bo-sung status=None
[2025-10-14T02:07:45.622918] https://www.uit.edu.vn/thong-bao-nop-ho-so-che-do-chinh-sach-hk1-nam-hoc-2025-2026 status=None
[2025-10-14T02:07:46.574199] https://www.uit.edu.vn/thong-bao-hieu-chinh-luan-van-thac-si-sau-bao-ve-nganh-attt-khmt-cntt-dot-3-nam-2025 status=None
[2025-10-14T02:07:47.518353] https://www.uit.edu.vn/thong-bao-buoi-tu-van-tuyen-sinh-ctdt-trinh-do-thac-si-dot-22025 status=None
[2025-10-14T02:07:49.140525] https://iro.uit.edu.vn/sites/vi/files/uploads/images/banner_footer.png status=None
[2025-10-14T02:07:51.705159] https://fce.uit.edu.vn/internal status=None
[2025-10-14T02:07:54.449460] https://fce.uit.edu.vn/external status=None
[2025-10-14T02:08:02.484804] https://fce.uit.edu.vn/nckh-sv2020-thong-bao-nop-thuyet-minh-de-tai/ status=None
[2025-10-14T02:08:05.504091] https://fce.uit.edu.vn/workshop-huong-dan-ket-noi-lora-board-voi-gateway/ status=None
[2025-10-14T02:08:08.574925] https://fce.uit.edu.vn/seminar-quy-trinh-thiet-ke-vi-mach/ status=None
[2025-10-14T02:08:11.607146] https://fce.uit.edu.vn/hoi-thao-nang-cao-chat-luong-nguon-nhan-luc/ status=None
[2025-10-14T02:08:14.792950] https://fce.uit.edu.vn/seminar-quy-trinh-che-tao-cam-bien-khi/ status=None
[2025-10-14T02:08:17.818859] https://fce.uit.edu.vn/seminar-chuoi-seminar-truc-tuyen-ve-blockchain/ status=None
[2025-10-14T02:08:20.796008] https://fce.uit.edu.vn/ce-uit-x-snst-hop-tac-va-phat-trien/ status=None
[2025-10-14T02:08:23.859060] https://fce.uit.edu.vn/uit-thong-bao-ve-viec-tap-huan-nang-cao-nhan-thuc-ve-so-huu-tri-tue-cho-sinh-vien-va-giang-vien/ status=None
[2025-10-14T02:08:26.991029] https://fce.uit.edu.vn/seminar-rfic-by-using-ads-tool/ status=None
[2025-10-14T02:08:32.907670] https://fce.uit.edu.vn/tt-pc-dbcl-thong-bao-khao-sat-lay-y-kien-sinh-vien-ve-hoat-dong-giang-day-cua-gv-hki-nam-hoc-2020-2021/ status=None
[2025-10-14T02:08:36.052098] https://fce.uit.edu.vn/sinh-vien-khoa-ky-thuat-may-tinh-uit-tin-dat-giai-3-cuoc-thi-olympic-vi-dien-tu-quoc-te/ status=None
[2025-10-14T02:08:39.007833] https://fce.uit.edu.vn/sdh-thong-bao-tuyen-sinh-chuong-trinh-dao-tao-trinh-do-thac-si-dot-1-nam-2021/ status=None
[2025-10-14T02:08:41.950451] https://fce.uit.edu.vn/sdh-tu-van-tuyen-sinh-sau-dai-hoc/ status=None
[2025-10-14T02:08:44.950019] https://fce.uit.edu.vn/ctsv-thong-bao-v-v-tam-hoan-to-chuc-le-tot-nghiep-va-trao-bang-tien-si-thac-si-ky-su-cu-nhan-dot-1-nam-2021/ status=None
[2025-10-14T02:08:47.931027] https://fce.uit.edu.vn/avantech-hoi-thao-trai-nghiem-thiet-ke-iot/ status=None
[2025-10-14T02:08:50.864682] https://fce.uit.edu.vn/scholarship-for-masters-and-doctoral-degree-program-in-thailand/ status=None
[2025-10-14T02:08:53.815923] https://fce.uit.edu.vn/shtp-ic-dang-ky-tham-gia-chuong-trinh-ai-hack-bootcamp-2021/ status=None
[2025-10-14T02:08:56.766220] https://fce.uit.edu.vn/epam-viet-nam-javascript-competency/ status=None
[2025-10-14T02:09:02.289647] https://fce.uit.edu.vn/thong-bao-ve-viec-bao-cao-giua-ky-khoa-luan-tot-nghiep-dot-1-2021-2022/ status=None
[2025-10-14T02:09:05.271272] https://fce.uit.edu.vn/uit-ve-viec-su-dung-ket-qua-bai-thi-ngoai-ngu-quoc-te-ielts-indicator-va-toefl-ibt-home-edition/ status=None
[2025-10-14T02:09:08.414418] https://fce.uit.edu.vn/microchip-tuyen-ky-su-vi-mach/ status=None
[2025-10-14T02:09:11.376320] https://fce.uit.edu.vn/synopsys-tuyen-dung-ky-su-vi-mach-thang-11/ status=None
[2025-10-14T02:09:14.302910] https://fce.uit.edu.vn/viosoft-tuyen-ky-su-vi-mach-lam-viec-tu-xa/ status=None
[2025-10-14T02:09:19.723869] https://fce.uit.edu.vn/thong-bao-ve-viec-nop-bao-cao-va-thoi-gian-cham-thuc-tap-doanh-nghiep-hk1-2021-2022-chat-luong-cao/ status=None
[2025-10-14T02:09:25.068002] https://fce.uit.edu.vn/thong-bao-nop-bao-cao-va-thoi-gian-cham-thuc-tap-doanh-nghiep-hk12021-2022-he-chinh-quy-dai-tra/ status=None
[2025-10-14T02:09:30.494311] https://fce.uit.edu.vn/thong-bao-ke-hoach-thuc-tap-doanh-nghiep-hoc-ky-2-2021-2022-he-chinh-quy-dai-tra-va-chat-luong-cao/ status=None
[2025-10-14T02:09:38.715480] https://fce.uit.edu.vn/thong-bao-ve-viec-lam-khoa-luan-tot-nghiep-hoc-ky-2-nam-hoc-2021-2022/ status=None
[2025-10-14T02:09:41.710908] https://fce.uit.edu.vn/ke-hoach-xet-tot-nghiep-dot-1-nam-2022nop-ho-so-online/ status=None
[2025-10-14T02:09:47.319254] https://fce.uit.edu.vn/thong-bao-thoi-gian-bao-ve-khoa-luan-tot-nghiep-dot-1-nam-hoc-2021-2022/ status=None
[2025-10-14T02:09:50.389529] https://fce.uit.edu.vn/thong-bao-ve-viec-nop-khoa-luan-tot-nghiep-hk1-2021-2022-ban-hoan-chinh/ status=None
[2025-10-14T02:09:55.791379] https://fce.uit.edu.vn/thong-bao-bao-cao-de-cuong-khoa-luan-tot-nghiep-hoc-ky-2-nam-hoc-2021-2022/ status=None
[2025-10-14T02:09:58.734209] https://fce.uit.edu.vn/khcnsdh-thong-bao-tuyen-sinh-chuong-trinh-dao-tao-trinh-do-thac-si-dot-1-nam-2022/ status=None
[2025-10-14T02:10:04.034173] https://fce.uit.edu.vn/ke-hoach-xu-ly-hoc-vu-hoc-ky-1-nam-hoc-2021-2022/ status=None
[2025-10-14T02:10:09.418260] https://fce.uit.edu.vn/danh-sach-sv-du-kien-bi-xu-ly-hoc-vu-hoc-ky-1-nam-hoc-2021-2022-he-chinh-quy-dai-tra/ status=None
[2025-10-14T02:10:14.903519] https://fce.uit.edu.vn/thong-bao-nop-don-cuu-xet-xu-ly-hoc-vu-hoc-ky-1-nam-hoc-2021-2022-chat-luong-cao/ status=None
[2025-10-14T02:10:20.385141] https://fce.uit.edu.vn/thong-bao-ve-viec-bao-cao-giua-ky-khoa-luan-tot-nghiep-dot-2-2021-2022/ status=None
[2025-10-14T02:10:23.285626] https://fce.uit.edu.vn/tong-ket-hoi-nghi-sinh-vien-khoa-ky-thuat-may-tinh-nam-hoc-2021-2022/ status=None
[2025-10-14T02:10:26.207082] https://fce.uit.edu.vn/thu-linh-sinh-vien-2022-mo-link-dang-ky-vong-1-thu-linh-kien-thuc/ status=None
[2025-10-14T02:10:29.194213] https://fce.uit.edu.vn/huong-dan-dang-bai-tren-website-danh-cho-editor/ status=None
[2025-10-14T02:10:32.145009] https://fce.uit.edu.vn/phuc-dap-hoi-nghi-sinh-vien-khoa-ky-thuat-may-tinh-nam-hoc-2021-2022/ status=None
[2025-10-14T02:10:35.093733] https://fce.uit.edu.vn/thong-bao-ve-viec-nop-don-xin-doi-ten-de-tai-khoa-luan-tot-nghiep-dot-2-nam-hoc-2021-2022/ status=None
[2025-10-14T02:10:38.012061] https://fce.uit.edu.vn/ke-hoach-xet-tot-nghiep-dot-2-nam-2022-2/ status=None
[2025-10-14T02:10:40.914789] https://fce.uit.edu.vn/vong-quoc-gia-olympic-vi-dien-tu-quoc-te-lan-xvii-amo2022-uit/ status=None
[2025-10-14T02:10:43.890488] https://fce.uit.edu.vn/hoi-thao-sinh-vien-2022-thong-bao-dang-ky-tham-gia-mon-bong-ban-cau-long/ status=None
[2025-10-14T02:10:49.227525] https://fce.uit.edu.vn/vinh-danh-giang-vien-day-truc-tuyen-xuat-sac-hoc-ky-1-nam-hoc-2021-2022/ status=None
[2025-10-14T02:10:52.182933] https://fce.uit.edu.vn/dai-hoi-cau-lac-bo-ceec-nhiem-ky-2022-2023/ status=None
[2025-10-14T02:10:55.088291] https://fce.uit.edu.vn/le-tot-nghiep-ky-su-khoa-ky-thuat-may-tinh-va-khoa-mang-may-tinh-va-truyen-thong-nam-2022-2/ status=None
[2025-10-14T02:11:00.896537] https://fce.uit.edu.vn/thong-bao-nop-bao-cao-va-thoi-gian-cham-thuc-tap-doanh-nghiep-hk22021-2022-he-chinh-quy-dai-tra/ status=None
[2025-10-14T02:11:03.844373] https://fce.uit.edu.vn/seminar-vi-mach-ky-thuat-layout/ status=None
[2025-10-14T02:11:09.507463] https://fce.uit.edu.vn/thong-bao-ve-viec-nop-bao-cao-va-thoi-gian-cham-thuc-tap-doanh-nghiep-hk2-2021-2022-chat-luong-cao/ status=None
[2025-10-14T02:11:14.829561] https://fce.uit.edu.vn/thong-bao-ve-ke-hoach-bao-ve-khoa-luan-tot-nghiep-hoc-ky-2-nam-hoc-2021-2022/ status=None
[2025-10-14T02:11:20.267440] https://fce.uit.edu.vn/thoi-gian-va-danh-sach-hoi-dong-bao-ve-kltn-dot-2-2021-2022/ status=None
[2025-10-14T02:11:23.297578] https://fce.uit.edu.vn/khao-sat-khoa-hoc-ngan-han-voi-tap-doan-naver/ status=None
[2025-10-14T02:11:26.223616] https://fce.uit.edu.vn/ve-viec-lien-he-xin-y-kien-chuyen-khoa/ status=None
[2025-10-14T02:11:29.171682] https://fce.uit.edu.vn/ke-hoach-xet-tot-nghiep-dot-3-nam-2022/ status=None
[2025-10-14T02:11:32.175283] https://fce.uit.edu.vn/thong-bao-ve-viec-nop-khoa-luan-tot-nghiep-hk2-2021-2022-ban-hoan-chinh/ status=None
[2025-10-14T02:11:35.174636] https://fce.uit.edu.vn/ts-nguyen-minh-son-duoc-tai-bo-nhiem-chuc-vu-truong-khoa-ky-thuat-may-tinh/ status=None
[2025-10-14T02:11:38.181619] https://fce.uit.edu.vn/uit-x-bosch-chinh-thuc-mo-rong-bo-mon-dao-tao-lap-trinh-nhung-trong-xe-ce437/ status=None
[2025-10-14T02:11:45.977868] https://fce.uit.edu.vn/thong-bao-ve-viec-lam-khoa-luan-tot-nghiep-hoc-ky-1-nam-hoc-2022-2023-2/ status=None
[2025-10-14T02:11:48.950348] https://fce.uit.edu.vn/khao-sat-ve-su-hai-long-cua-cuu-sinh-vien-doi-voi-khoa-ky-thuat-may-tinh-nam-2022/ status=None
[2025-10-14T02:11:55.069721] https://fce.uit.edu.vn/thong-bao-ke-hoach-thuc-hien-do-an-hoc-ky-1-nam-hoc-2022-2023-he-chinh-quy-dai-tra-va-chat-luong-cao/ status=None
[2025-10-14T02:12:00.616856] https://fce.uit.edu.vn/thong-bao-ke-hoach-thuc-tap-doanh-nghiep-hoc-ky-1-2022-2023-he-chinh-quy-dai-tra-va-chat-luong-cao/ status=None
[2025-10-14T02:12:03.560786] https://fce.uit.edu.vn/cuoc-thi-digitrans-edtech-2022/ status=None
[2025-10-14T02:12:06.538812] https://fce.uit.edu.vn/ke-hoach-xu-ly-hoc-vu-hoc-ky-2-hk-he-nam-hoc-2021-2022/ status=None
[2025-10-14T02:12:12.001720] https://fce.uit.edu.vn/danh-sach-de-tai-do-an-1-va-do-an-2-hoc-ky-12022-2023-he-cqdt-va-clc/ status=None
[2025-10-14T02:12:17.590038] https://fce.uit.edu.vn/thong-bao-bao-cao-de-cuong-khoa-luan-tot-nghiep-hoc-ky-1-nam-hoc-2022-2023/ status=None
[2025-10-14T02:12:23.099842] https://fce.uit.edu.vn/thong-bao-nop-don-cuu-xet-xu-ly-hoc-vu-hoc-ky-2-va-3-nam-hoc-2021-2022-he-chinh-quy-dai-tra-khoa-ky-thuat-may-tinh/ status=None
[2025-10-14T02:12:28.572910] https://fce.uit.edu.vn/thong-bao-nop-don-cuu-xet-xu-ly-hoc-vu-hoc-ky-23-nam-hoc-2021-2022-he-chat-luong-cao/ status=None
[2025-10-14T02:12:31.551014] https://fce.uit.edu.vn/chuong-trinh-gap-mat-tan-sinh-vien-khoa-ky-thuat-may-tinh-khoa-2022/ status=None
[2025-10-14T02:12:34.504343] https://fce.uit.edu.vn/company-tour-renesas-design-vietnam/ status=None
[2025-10-14T02:12:37.480737] https://fce.uit.edu.vn/thong-bao-tuyen-sinh-chuong-trinh-dao-tao-trinh-do-thac-si-dot-2-nam-2022/ status=None
[2025-10-14T02:12:40.437324] https://fce.uit.edu.vn/renesas-scholarship-for-women-in-semiconductor/ status=None
[2025-10-14T02:12:43.573531] https://fce.uit.edu.vn/than-moi-cac-ban-doan-vien-sinh-vien-gop-y-du-thao-van-kien-dai-hoi-doan-tp-ho-chi-minh-lan-xi-nk-2022-2027/ status=None
[2025-10-14T02:12:50.392792] https://fce.uit.edu.vn/thong-bao-thoi-gian-phat-chung-chi-giao-duc-quoc-phong-va-an-ninh-khoa-tuyen-sinh-nam-2020-va-2021-khoa-ktmt/ status=None
[2025-10-14T02:12:53.577736] https://fce.uit.edu.vn/hoi-thao-agile-scrum-va-ung-dung-trong-quan-ly-du-an-tai-doanh-nghiep/ status=None
[2025-10-14T02:12:56.776972] https://fce.uit.edu.vn/ke-hoach-xet-tot-nghiep-dot-4-nam-2022/ status=None
[2025-10-14T02:13:02.437690] https://fce.uit.edu.vn/thong-bao-ky-thi-thu-toeic-02-ky-nang-noi-viet-ngay-14-11-2022/ status=None
[2025-10-14T02:13:07.905361] https://fce.uit.edu.vn/thong-bao-ve-viec-bao-cao-giua-ky-khoa-luan-tot-nghiep-dot-1-2022-2023/ status=None
[2025-10-14T02:13:11.022995] https://fce.uit.edu.vn/uniquify-ic-design-training/ status=None
[2025-10-14T02:13:14.343587] https://fce.uit.edu.vn/hoi-thao-agile-scrum-va-ung-dung-trong-quan-ly-du-an-tai-doanh-nghiep-ii/ status=None
[2025-10-14T02:13:17.717775] https://fce.uit.edu.vn/uit-talk-vlsi-technology-of-the-age/ status=None
[2025-10-14T02:13:20.685586] https://fce.uit.edu.vn/apply-for-paid-internship-at-truechip-vietnam/ status=None
[2025-10-14T02:13:26.707033] https://fce.uit.edu.vn/thong-bao-ve-ke-hoach-bao-ve-khoa-luan-tot-nghiep-hoc-ky-1-nam-hoc-2022-2023/ status=None
[2025-10-14T02:13:30.232471] https://fce.uit.edu.vn/danh-sach-phan-bien-khoa-luan-tot-nghiep-dot-1-nam-hoc-2022-2023/ status=None
[2025-10-14T02:13:33.305284] https://fce.uit.edu.vn/thong-bao-nop-bao-cao-va-thoi-gian-cham-thuc-tap-doanh-nghiep-hk12022-2023-he-chinh-quy-dai-tra/ status=None
[2025-10-14T02:13:36.387561] https://fce.uit.edu.vn/thong-bao-nop-bao-cao-va-thoi-gian-cham-thuc-tap-doanh-nghiep-hk12022-2023-he-chat-luong-cao/ status=None
[2025-10-14T02:13:39.435832] https://fce.uit.edu.vn/thong-bao-ke-hoach-thuc-tap-doanh-nghiep-hoc-ky-2-2022-2023-he-chinh-quy-dai-tra-va-chat-luong-cao/ status=None
[2025-10-14T02:13:42.569103] https://fce.uit.edu.vn/thong-bao-ke-hoach-thuc-hien-do-an-hoc-ky-2-nam-hoc-2022-2023-he-chinh-quy-dai-tra-va-chat-luong-cao/ status=None
[2025-10-14T02:13:45.557489] https://fce.uit.edu.vn/thong-bao-mo-lop-dao-tao-lap-trinh-nhung-trong-xe-ce437-hk2-nam-hoc-2022-2023/ status=None
[2025-10-14T02:13:51.007680] https://fce.uit.edu.vn/thong-bao-ve-viec-lam-khoa-luan-tot-nghiep-hoc-ky-2-nam-hoc-2022-2023/ status=None
[2025-10-14T02:13:54.010637] https://fce.uit.edu.vn/chatgpt-ngoi-sao-moi-trong-lang-cong-nghe/ status=None
[2025-10-14T02:13:57.052149] https://fce.uit.edu.vn/thoi-gian-va-danh-sach-hoi-dong-bao-ve-kltn-hoc-ky-1-2022-2023/ status=None
[2025-10-14T02:14:00.019161] https://fce.uit.edu.vn/thong-bao-ve-viec-nop-khoa-luan-tot-nghiep-hk1-2022-2023-ban-sau-bao-ve/ status=None
[2025-10-14T02:14:03.021073] https://fce.uit.edu.vn/ke-hoach-xet-tot-nghiep-dot-01-nam-2023-nop-ho-so-online-t3-2023-2/ status=None
[2025-10-14T02:14:06.065658] https://fce.uit.edu.vn/danh-sach-de-tai-do-an-1-va-do-an-2-hoc-ky-22022-2023-he-cqdt-va-clc/ status=None
[2025-10-14T02:14:09.206211] https://fce.uit.edu.vn/thong-bao-bao-cao-de-cuong-khoa-luan-tot-nghiep-hoc-ky-2-nam-hoc-2022-2023/ status=None
[2025-10-14T02:14:12.172866] https://fce.uit.edu.vn/webinarembedded-system-in-automotive-don-dau-xu-the-cong-nghe-xe-hoi/ status=None
[2025-10-14T02:14:15.144003] https://fce.uit.edu.vn/tuoi-tre-uit-ra-mat-khong-gian-van-hoa-ho-chi-minh/ status=None
[2025-10-14T02:14:18.117441] https://fce.uit.edu.vn/thong-bao-ve-viec-nop-lai-de-cuong-chi-tiet-kltn-sau-bao-cao-de-cuong/ status=None
[2025-10-14T02:14:21.109667] https://fce.uit.edu.vn/ke-hoach-xu-ly-hoc-vu-hoc-ky-1-nam-hoc-2022-2023/ status=None
[2025-10-14T02:14:24.089952] https://fce.uit.edu.vn/thong-bao-to-chuc-seminar-huong-dan-giai-dap-thac-mac-cac-van-de-lien-quan-hoc-phan-thuc-tap-doanh-nghiep-hk22022-2023/ status=None
[2025-10-14T02:14:27.044676] https://fce.uit.edu.vn/uit-car-racing-2023-cuoc-dua-bat-dau/ status=None
[2025-10-14T02:14:30.176976] https://fce.uit.edu.vn/le-khai-mac-cuoc-thi-lap-trinh-xe-tu-hanh-lan-thu-xii-uit-car-racing-2023-giai-dau-mua-xuan/ status=None
[2025-10-14T02:14:35.776120] https://fce.uit.edu.vn/thong-bao-nop-don-cuu-xet-xu-ly-hoc-vu-hoc-ky-1-nam-hoc-2022-2023-khoa-ky-thuat-may-tinh-he-cqdt-clc/ status=None
[2025-10-14T02:14:38.798627] https://fce.uit.edu.vn/thong-bao-tuyen-sinh-chuong-trinh-dao-tao-trinh-do-thac-si-dot-1-nam-2023/ status=None
[2025-10-14T02:14:41.860430] https://fce.uit.edu.vn/vong-loai-bang-b-cuoc-thi-lap-trinh-xe-tu-hanh-lan-thu-xii-uit-car-racing-2023-giai-dau-mua-xuan/ status=None
[2025-10-14T02:14:44.896730] https://fce.uit.edu.vn/vong-loai-bang-c-cuoc-thi-lap-trinh-xe-tu-hanh-lan-thu-xii-uit-car-racing-2023-giai-dau-mua-xuan/ status=None
[2025-10-14T02:14:47.885969] https://fce.uit.edu.vn/vong-loai-bang-d-cuoc-thi-lap-trinh-xe-tu-hanh-lan-thu-xii-uit-car-racing-2023-giai-dau-mua-xuan/ status=None
[2025-10-14T02:14:51.375302] https://fce.uit.edu.vn/tang-cuong-cong-tac-phong-dich-benh-covid-19-va-benh-marburg/ status=None
[2025-10-14T02:14:54.395762] https://fce.uit.edu.vn/vong-chung-ket-cuoc-thi-lap-trinh-xe-tu-hanh-lan-thu-xii-uit-car-racing-2023-giai-dau-mua-xuan/ status=None
[2025-10-14T02:14:57.375501] https://fce.uit.edu.vn/ke-hoach-xet-tot-nghiep-dot-02-nam-2023/ status=None
[2025-10-14T02:15:00.411462] https://fce.uit.edu.vn/doi-tuyen-ceec-tien-vao-vong-chung-ket-cuoc-thi-xe-tu-hanh-quoc-te/ status=None
[2025-10-14T02:15:03.572337] https://fce.uit.edu.vn/thong-bao-ve-viec-bao-cao-giua-ky-khoa-luan-tot-nghiep-dot-2-2022-2023/ status=None
[2025-10-14T02:15:06.523093] https://fce.uit.edu.vn/truechip-seminar-cong-nghe-vi-mach-va-tuyen-thuc-tap-co-luong/ status=None
[2025-10-14T02:15:09.510719] https://fce.uit.edu.vn/seminar-ung-dung-cua-cloud-computing-trong-phat-trien-giai-phap-iot/ status=None
[2025-10-14T02:15:12.532072] https://fce.uit.edu.vn/ke-hoach-to-chuc-le-tn-va-trao-bang-dot-1-nam-2023/ status=None
[2025-10-14T02:15:15.592622] https://fce.uit.edu.vn/hoi-nghi-sinh-vien-khoa-ky-thuat-may-tinh-nam-2023/ status=None
[2025-10-14T02:15:18.606576] https://fce.uit.edu.vn/ve-viec-nop-don-xin-doi-ten-de-tai-kltn-dot-2-nam-hoc-2022-2023/ status=None
[2025-10-14T02:15:21.611574] https://fce.uit.edu.vn/seminar-su-dung-cac-nen-tang-dien-toan-dam-may-de-xay-dung-cac-giai-phap-may-hoc/ status=None
[2025-10-14T02:15:24.658876] https://fce.uit.edu.vn/seminar-designing-your-future-a-seminar-on-the-path-to-a-successful-career-in-physical-design/ status=None
[2025-10-14T02:15:27.613494] https://fce.uit.edu.vn/thong-bao-thoi-gian-to-chuc-le-tot-nghiep-va-trao-bang-dot-1-nam-2023/ status=None
[2025-10-14T02:15:30.599112] https://fce.uit.edu.vn/vong-quoc-gia-olympic-vi-dien-tu-quoc-te-lan-thu-18-tai-viet-nam-amo2023-uit/ status=None
[2025-10-14T02:15:33.602196] https://fce.uit.edu.vn/vong-quoc-gia-olympic-vi-dien-tu-quoc-te-lan-thu-18-tai-viet-nam-ket-qua-chung-cuoc/ status=None
[2025-10-14T02:15:36.680560] https://fce.uit.edu.vn/thong-bao-nop-bao-cao-va-thoi-gian-cham-thuc-tap-doanh-nghiep-hk22022-2023-he-chat-luong-cao/ status=None
[2025-10-14T02:15:39.687635] https://fce.uit.edu.vn/hinh-anh-le-tot-nghiep-va-trao-bang-dot-1-nam-2023/ status=None
[2025-10-14T02:15:43.345294] https://fce.uit.edu.vn/thong-bao-nop-bao-cao-va-thoi-gian-cham-thuc-tap-doanh-nghiep-hk22022-2023-he-chinh-quy-dai-tra/ status=None
[2025-10-14T02:15:46.352659] https://fce.uit.edu.vn/thong-bao-ve-ke-hoach-bao-ve-khoa-luan-tot-nghiep-hoc-ky-2-nam-hoc-2022-2023/ status=None
[2025-10-14T02:15:49.404604] https://fce.uit.edu.vn/thong-bao-khao-sat-lay-y-kien-sinh-vien-ve-hoat-dong-giang-day-cua-gv-hkii-nh-2022-2023/ status=None
[2025-10-14T02:15:52.515518] https://fce.uit.edu.vn/thong-bao-thoi-gian-phat-chung-chi-giao-duc-quoc-phong-va-an-ninh-khoa-tuyen-sinh-nam-2022-khoa-ktmt/ status=None
[2025-10-14T02:15:55.593669] https://fce.uit.edu.vn/danh-sach-phan-bien-khoa-luan-tot-nghiep-dot-2-nam-hoc-2022-2023/ status=None
[2025-10-14T02:15:58.616512] https://fce.uit.edu.vn/ke-hoach-xet-tot-nghiep-dot-03-nam-2023/ status=None
[2025-10-14T02:16:01.661158] https://fce.uit.edu.vn/thoi-gian-va-danh-sach-hoi-dong-bao-ve-kltn-hoc-ky-2-2022-2023/ status=None
[2025-10-14T02:16:04.621556] https://fce.uit.edu.vn/coplay-2023-with-uit-remotebot-ai-challenge/ status=None
[2025-10-14T02:16:07.604741] https://fce.uit.edu.vn/thong-bao-ve-viec-nop-khoa-luan-tot-nghiep-hk2-2022-2023-ban-sau-bao-ve/ status=None
[2025-10-14T02:16:10.643148] https://fce.uit.edu.vn/khao-sat-cuu-sinh-vien-ve-chat-luong-dao-tao-khoa-ky-thuat-may-tinh/ status=None
[2025-10-14T02:16:13.697167] https://fce.uit.edu.vn/coplay-with-uit-2023-top-20/ status=None
[2025-10-14T02:16:16.713514] https://fce.uit.edu.vn/thong-bao-ke-hoach-thuc-hien-do-an-hoc-ky-1-nam-hoc-2023-2024-he-chinh-quy-dai-tra-va-chat-luong-cao/ status=None
[2025-10-14T02:16:22.168017] https://fce.uit.edu.vn/thong-bao-ve-viec-lam-khoa-luan-tot-nghiep-hoc-ky-1-nam-hoc-2023-2024/ status=None
[2025-10-14T02:16:25.218801] https://fce.uit.edu.vn/thong-bao-ke-hoach-thuc-tap-doanh-nghiep-hoc-ky-1-2023-2024-he-chinh-quy-dai-tra-va-chat-luong-cao/ status=None
[2025-10-14T02:16:28.216599] https://fce.uit.edu.vn/danh-sach-de-tai-do-an-1-va-do-an-2-hoc-ky-12023-2024-he-chinh-quy-dai-tra-va-chat-luong-cao/ status=None
[2025-10-14T02:16:31.265856] https://fce.uit.edu.vn/gap-mat-tan-sinh-vien-khoa-ky-thuat-may-tinh-khoa-2023/ status=None
[2025-10-14T02:16:34.398232] https://fce.uit.edu.vn/le-tuyen-duong-sinh-vien-5-tot-va-thanh-nien-tien-tien-lam-theo-loi-bac-khoa-ky-thuat-may-tinh/ status=None
[2025-10-14T02:16:38.301403] https://fce.uit.edu.vn/seminar-huong-dan-thuc-tap-doanh-nghiep-hk-1-nh-2023-2024/ status=None
[2025-10-14T02:16:41.423817] https://fce.uit.edu.vn/uit-car-racing-2023webots-nen-tang-thi-dau-bang-mo-rong-hien-thuc-hoa-robot-trong-mo/ status=None
[2025-10-14T02:16:44.587580] https://fce.uit.edu.vn/thong-bao-bao-cao-de-cuong-khoa-luan-tot-nghiep-hoc-ky-1-nam-hoc-2023-2024/ status=None
[2025-10-14T02:16:47.601337] https://fce.uit.edu.vn/top-8-cuoc-thi-coplay-with-uit-2023-lo-dien/ status=None
[2025-10-14T02:16:50.811476] https://fce.uit.edu.vn/tong-ket-buoi-seminar-gioi-thieu-cac-huong-nghien-cuu-khoa-hoc-tai-khoa-ky-thuat-may-tinh/ status=None
[2025-10-14T02:16:54.006535] https://fce.uit.edu.vn/ke-hoach-xu-ly-hoc-vu-hoc-ky-23-nam-hoc-2022-2023/ status=None
[2025-10-14T02:16:57.303197] https://fce.uit.edu.vn/hoi-thao-tuyen-dung-dai-loan-taiwans-semiconductor-talents-exchange-activity/ status=None
[2025-10-14T02:17:00.706324] https://fce.uit.edu.vn/uit-car-racing-2023-training-danh-cho-bang-mo-rong-buoi-1-lam-quen-voi-webots/ status=None
[2025-10-14T02:17:03.829811] https://fce.uit.edu.vn/ke-hoach-xet-tot-nghiep-dot-04-nam-2023-nop-ho-so-online/ status=None
[2025-10-14T02:17:07.043430] https://fce.uit.edu.vn/uit-car-racing-2023-bang-mo-rong-thong-bao-map-demo/ status=None
[2025-10-14T02:17:10.208220] https://fce.uit.edu.vn/verilog-voi-vs-code-va-modelsim-cli/ status=None
[2025-10-14T02:17:13.923386] https://fce.uit.edu.vn/uit-car-racing-2023-bang-chuyen-nghiep-tu-hinh-anh-so-den-thi-giac-may-tinh/ status=None
[2025-10-14T02:17:19.781843] https://fce.uit.edu.vn/thong-bao-nop-don-cuu-xet-xu-ly-hoc-vu-hoc-ky-23-nam-hoc-2022-2023-khoa-ky-thuat-may-tinh-he-cqdt-clc/ status=None
[2025-10-14T02:17:22.939103] https://fce.uit.edu.vn/uit-car-racing-2023-training-danh-cho-bang-mo-rong-buoi-2-lam-quen-voi-map-thi-dau-giai-thuat-va-the-le/ status=None
[2025-10-14T02:17:26.021546] https://fce.uit.edu.vn/coplay-with-uitremotebot-ai-challenge-chung-ket-cuoc-thi/ status=None
[2025-10-14T02:17:29.444300] https://fce.uit.edu.vn/uit-car-racing-2023-bang-chuyen-nghiep-thong-bao-the-le-thi-dau-chinh-thuc-cac-vong-dau/ status=None
[2025-10-14T02:17:32.771999] https://fce.uit.edu.vn/bosch-activator-scholarship-endeavor-for-future-journey/ status=None
[2025-10-14T02:17:36.091871] https://fce.uit.edu.vn/ke-hoach-to-chuc-le-tot-nghiep-va-trao-bang-dot-2-nam-2023/ status=None
[2025-10-14T02:17:39.229845] https://fce.uit.edu.vn/hanwha-life-viet-nam-dong-hanh-cung-coplay-with-uit-2023/ status=None
[2025-10-14T02:17:42.281166] https://fce.uit.edu.vn/thong-bao-thoi-gian-to-chuc-le-tot-nghiep-va-trao-bang-dot-2-nam-2023/ status=None
[2025-10-14T02:17:45.694420] https://fce.uit.edu.vn/thong-bao-ve-viec-bao-cao-giua-ky-khoa-luan-tot-nghiep-dot-1-2023-2024/ status=None
[2025-10-14T02:17:48.749050] https://fce.uit.edu.vn/seminar-sinh-vien-voi-luat-lao-dong-hieu-dung-lam-dung/ status=None
[2025-10-14T02:17:51.754293] https://fce.uit.edu.vn/ket-qua-ce-scholarship-2023/ status=None
[2025-10-14T02:17:54.702719] https://fce.uit.edu.vn/ket-qua-ce-sports-2023/ status=None
[2025-10-14T02:17:57.929892] https://fce.uit.edu.vn/tong-ket-ngay-hoi-truyen-thong-khoa-ky-thuat-may-tinh-ce-day-2023/ status=None
[2025-10-14T02:18:01.000683] https://fce.uit.edu.vn/thong-bao-ve-viec-tham-du-le-tot-nghiep-dot-2-nam-2023-va-danh-sach-xep-cho/ status=None
[2025-10-14T02:18:04.169160] https://fce.uit.edu.vn/tiep-doan-hiep-hoi-vi-mach-ban-dan-han-quoc-va-cty-adt-han-quoc/ status=None
[2025-10-14T02:18:07.210899] https://fce.uit.edu.vn/chung-ket-cuoc-thi-uit-car-racing-2023/ status=None
[2025-10-14T02:18:10.438396] https://fce.uit.edu.vn/thong-bao-ve-ke-hoach-bao-ve-khoa-luan-tot-nghiep-hoc-ky-1-nam-hoc-2023-2024/ status=None
[2025-10-14T02:18:13.445944] https://fce.uit.edu.vn/trien-khai-khao-sat-su-hai-long-cua-nguoi-hoc-voi-trai-nghiem-hoc-tap-chi-so-ir3_du-an-vudp-nam-2023/ status=None
[2025-10-14T02:18:16.609876] https://fce.uit.edu.vn/tb-khao-sat-y-kien-sv-ve-hoat-dong-giang-day-cua-gv-hki-nh-2023-2024/ status=None
[2025-10-14T02:18:19.834076] https://fce.uit.edu.vn/danh-sach-phan-bien-khoa-luan-tot-nghiep-dot-1-nam-hoc-2023-2024/ status=None
[2025-10-14T02:18:23.193455] https://fce.uit.edu.vn/thong-bao-nop-bao-cao-va-thoi-gian-cham-thuc-tap-doanh-nghiep-hk12023-2024-he-chat-luong-cao/ status=None
[2025-10-14T02:18:26.852174] https://fce.uit.edu.vn/thong-bao-nop-bao-cao-va-thoi-gian-cham-thuc-tap-doanh-nghiep-hk1-2023-2024-he-chinh-quy-dai-tra/ status=None
[2025-10-14T02:18:29.921812] https://fce.uit.edu.vn/thoi-gian-va-danh-sach-hoi-dong-bao-ve-kltn-hoc-ky-1-2023-2024/ status=None
[2025-10-14T02:18:32.992410] https://fce.uit.edu.vn/thong-bao-ve-viec-nop-khoa-luan-tot-nghiep-hk1-2023-2024-ban-sau-bao-ve/ status=None
[2025-10-14T02:18:36.041144] https://fce.uit.edu.vn/khoa-dao-tao-thiet-ke-vat-ly-vi-mach-vlsi-co-ban/ status=None
[2025-10-14T02:18:39.091262] https://fce.uit.edu.vn/tuyen-sinh-vien-tham-gia-nghien-cuu-khoa-hoc-thiet-bi-va-he-thong-lien-quan-den-suc-khoe/ status=None
[2025-10-14T02:18:42.219839] https://fce.uit.edu.vn/thong-bao-ke-hoach-thuc-hien-do-an-hoc-ky-2-nam-hoc-2023-2024-he-chinh-quy-dai-tra-va-chat-luong-cao/ status=None
[2025-10-14T02:18:45.245698] https://fce.uit.edu.vn/thong-bao-ke-hoach-thuc-tap-doanh-nghiep-hoc-ky-2-2023-2024-he-chinh-quy-dai-tra-va-chat-luong-cao/ status=None
[2025-10-14T02:18:48.681285] https://fce.uit.edu.vn/thong-bao-ve-viec-lam-khoa-luan-tot-nghiep-hoc-ky-2-nam-hoc-2023-2024/ status=None
[2025-10-14T02:18:51.848340] https://fce.uit.edu.vn/hoc-bong-marvell-vietnam-excellence-scholarship-2024/ status=None
[2025-10-14T02:18:54.937684] https://fce.uit.edu.vn/ke-hoach-xet-tot-nghiep-dot-01-nam-2024nop-ho-so-online-thang-3-2024/ status=None
[2025-10-14T02:18:57.982821] https://fce.uit.edu.vn/thong-bao-thoi-gian-phat-chung-chi-giao-duc-quoc-phong-va-an-ninh-khoa-ktmt-dot-1-nam-2024/ status=None
[2025-10-14T02:19:01.050281] https://fce.uit.edu.vn/seminar-huong-dan-thuc-tap-doanh-nghiep-hk-2-nam-hoc-2023-2024/ status=None
[2025-10-14T02:19:04.185755] https://fce.uit.edu.vn/danh-sach-de-tai-do-an-1-va-do-an-2-hoc-ky-22023-2024-he-chinh-quy-dai-tra-va-chat-luong-cao/ status=None
[2025-10-14T02:19:07.387605] https://fce.uit.edu.vn/seminar-semiconductor-chip-design-2/ status=None
[2025-10-14T02:19:10.459666] https://fce.uit.edu.vn/ke-hoach-xu-ly-hoc-vu-hoc-ky-1-nam-hoc-2023-2024/ status=None
[2025-10-14T02:19:13.575820] https://fce.uit.edu.vn/thong-bao-bao-cao-de-cuong-khoa-luan-tot-nghiep-hoc-ky-2-nam-hoc-2023-2024/ status=None
[2025-10-14T02:19:16.655003] https://fce.uit.edu.vn/seminar-gioi-thieu-cac-huong-nghien-cuu-khoa-hoc-tai-khoa-ky-thuat-may-tinh/ status=None
[2025-10-14T02:19:19.656193] https://fce.uit.edu.vn/thong-bao-ve-viec-nop-lai-de-cuong-khoa-luan-tot-nghiep-hoc-ky-2-nam-hoc-2023-2024/ status=None
[2025-10-14T02:19:22.860800] https://fce.uit.edu.vn/ce-camp-2024-tong-ket-hanh-trinh/ status=None
[2025-10-14T02:19:26.076426] https://fce.uit.edu.vn/doan-khoa-ky-thuat-may-tinh-dang-huong-tai-tuong-dai-chien-thang-la-nga/ status=None
[2025-10-14T02:19:29.129636] https://fce.uit.edu.vn/hoi-thi-thu-linh-sinh-vien-uit-2024/ status=None
[2025-10-14T02:19:32.128599] https://fce.uit.edu.vn/cong-bo-bieu-trung-dai-hoi-doan-khoa-ky-thuat-may-tinh-nhiem-ky-2024-2027/ status=None
[2025-10-14T02:19:35.329005] https://fce.uit.edu.vn/cadencetechtak-jumpstart-for-digital-ic-design-2024/ status=None
[2025-10-14T02:19:38.298830] https://fce.uit.edu.vn/seminar-semiconductor-chip-design/ status=None
[2025-10-14T02:19:41.335791] https://fce.uit.edu.vn/clb-ceec-tuyen-thanh-vien/ status=None
[2025-10-14T02:19:44.330255] https://fce.uit.edu.vn/seminar-vi-mach-chuyen-sau-2024-lan-1-ampere-computing/ status=None
[2025-10-14T02:19:47.801260] https://fce.uit.edu.vn/hoi-thao-giao-luu-va-trao-doi-chuyen-de-aiot-and-digitalfirst-cung-gs-ts-dirk-slama-pho-chu-tich-tap-doan-robert-bosch-gmbh/ status=None
[2025-10-14T02:19:50.863771] https://fce.uit.edu.vn/tong-ket-dai-hoi-dai-bieu-doan-tncs-ho-chi-minh-khoa-ky-thuat-may-tinh/ status=None
[2025-10-14T02:19:53.863812] https://fce.uit.edu.vn/seminar-vi-mach-chuyen-sau-2024-lan-2-synopsys/ status=None
[2025-10-14T02:19:57.008046] https://fce.uit.edu.vn/gioi-thieu-ban-chap-hanh-doan-khoa-ky-thuat-may-tinh-khoa-v-nhiem-ky-2024-2027/ status=None
[2025-10-14T02:20:00.224762] https://fce.uit.edu.vn/chuong-trinh-bosch-summer-bootcamp-2024/ status=None
[2025-10-14T02:20:03.765252] https://fce.uit.edu.vn/chinh-thuc-ra-mat-cau-lac-bo-vi-mach-icc/ status=None
[2025-10-14T02:20:06.798560] https://fce.uit.edu.vn/genai-challenge-2024-khoa-ky-thuat-may-tinh-bosch-viet-nam/ status=None
[2025-10-14T02:20:09.972107] https://fce.uit.edu.vn/thong-bao-ve-viec-bao-cao-giua-ky-khoa-luan-tot-nghiep-dot-2-2023-2024/ status=None
[2025-10-14T02:20:13.205193] https://fce.uit.edu.vn/hoi-nghi-sinh-vien-khoa-ky-thuat-may-tinh-nam-2024/ status=None
[2025-10-14T02:20:16.239431] https://fce.uit.edu.vn/tong-ket-hoi-nghi-sinh-vien-khoa-ky-thuat-may-tinh-nam-2024/ status=None
[2025-10-14T02:20:19.610238] https://fce.uit.edu.vn/ve-viec-nop-don-xin-doi-ten-de-tai-kltn-dot-2-nam-hoc-2023-2024/ status=None
[2025-10-14T02:20:22.968571] https://fce.uit.edu.vn/cuoc-thi-thiet-ke-vi-mach-uit-2024/ status=None
[2025-10-14T02:20:26.298107] https://fce.uit.edu.vn/tuyen-thuc-tap-vien-cong-ty-smartvision/ status=None
[2025-10-14T02:20:29.573891] https://fce.uit.edu.vn/sinh-vien-khoa-ky-thuat-may-tinh-dat-giai-cuoc-thi-thiet-ke-vi-mach-cho-do-thi-thong-minh/ status=None
[2025-10-14T02:20:33.137540] https://fce.uit.edu.vn/kick-off-cuoc-thi-thiet-ke-vi-mach-uit-2024/ status=None
[2025-10-14T02:20:36.332627] https://fce.uit.edu.vn/thi-thu-toeic-2024/ status=None
[2025-10-14T02:20:39.681732] https://fce.uit.edu.vn/thong-bao-khao-sat-y-kien-sinh-vien-ve-hoat-dong-giang-day-cua-giang-vien-hkii-nh-2023-2024/ status=None
[2025-10-14T02:20:42.667077] https://fce.uit.edu.vn/seminar-gioi-thieu-cong-ty-xlink-va-co-hoi-nghe-nghiep/ status=None
[2025-10-14T02:20:45.890468] https://fce.uit.edu.vn/seminar-cung-cap-kien-thuc-co-ban-ve/ status=None
[2025-10-14T02:20:49.020808] https://fce.uit.edu.vn/thong-bao-nop-bao-cao-va-thoi-gian-cham-thuc-tap-doanh-nghiep-hk22023-2024-he-chinh-quy-dai-tra/ status=None
[2025-10-14T02:20:52.151546] https://fce.uit.edu.vn/thong-bao-nop-bao-cao-va-thoi-gian-cham-thuc-tap-doanh-nghiep-hk2-2023-2024-he-chat-luong-cao/ status=None
[2025-10-14T02:20:55.712120] https://fce.uit.edu.vn/thong-bao-ve-viec-bao-ve-khoa-luan-tot-nghiep-hoc-ky-2-nam-hoc-2023-2024/ status=None
[2025-10-14T02:21:00.254948] https://fce.uit.edu.vn/nhom-sinh-vien-khoa-ky-thuat-may-tinh-danh-chien-thang-vong-1-cuoc-thi-digital-auto-genai-awards/ status=None
[2025-10-14T02:21:03.482641] https://fce.uit.edu.vn/thong-bao-thoi-gian-phat-chung-chi-giao-duc-quoc-phong-an-ninh-khoa-ky-thuat-may-tinh-dot-thang-7-nam-2024/ status=None
[2025-10-14T02:21:06.613656] https://fce.uit.edu.vn/le-be-giang-khoa-hoc-thiet-ke-vat-ly-vi-mach/ status=None
[2025-10-14T02:21:09.675483] https://fce.uit.edu.vn/danh-sach-phan-bien-khoa-luan-tot-nghiep-dot-2-nam-hoc-2023-2024/ status=None
[2025-10-14T02:21:12.943748] https://fce.uit.edu.vn/thoi-gian-va-danh-sach-hoi-dong-bao-ve-kltn-hoc-ky-2-2023-2024/ status=None
[2025-10-14T02:21:15.943291] https://fce.uit.edu.vn/coming-soon-cetut-chuoi-bai-huong-dan-lap-trinh-vi-dieu-khien/ status=None
[2025-10-14T02:21:19.767634] https://fce.uit.edu.vn/cetut-part-1-gpio/ status=None
[2025-10-14T02:22:08.881914] FileError https://www.st.com/resource/en/reference_manual/rm0008-stm32f101xx-stm32f102xx-stm32f103xx-stm32f105xx-and-stm32f107xx-advanced-armbased-32bit-mcus-stmicroelectronics.pdf -> empty/failed
[2025-10-14T02:22:53.894497] FileError https://www.st.com/resource/en/datasheet/stm32f103c8.pdf -> empty/failed
[2025-10-14T02:22:53.894497] https://fce.uit.edu.vn/cetut-part-0-gioi-thieu-ve-vi-dieu-khien-he-thong-nhung-va-stm32/ status=None
[2025-10-14T02:22:57.245489] https://fce.uit.edu.vn/cetut-part-2-gioi-thieu-ve-phan-mem-va-moi-truong-phat-trien-cho-stm32/ status=None
[2025-10-14T02:23:00.697590] https://fce.uit.edu.vn/nhom-nghien-cuu-phong-thi-nghiem-asiclab-khoa-ky-thuat-may-tinh-da-dat-duoc-mot-cot-moc-quan-trong-khi-thanh-cong-che-tao-chip-dau-tien/ status=None
[2025-10-14T02:23:03.655793] https://fce.uit.edu.vn/huong-dan-dang-tin-tuyen-dung/ status=None
[2025-10-14T02:23:07.235352] https://fce.uit.edu.vn/cetut-part-4-external-interrupt/ status=None
[2025-10-14T02:23:10.530685] https://fce.uit.edu.vn/ke-hoach-xet-tot-nghiep-dot-03-nam-2024-nop-ho-so-online/ status=None
[2025-10-14T02:23:14.000704] https://fce.uit.edu.vn/thong-bao-ve-viec-nop-khoa-luan-tot-nghiep-hoc-ky-2-nam-hoc-2023-2024-ban-sau-bao-ve/ status=None
[2025-10-14T02:23:17.484500] https://fce.uit.edu.vn/cetut-part-5-uart/ status=None
[2025-10-14T02:23:21.050993] https://fce.uit.edu.vn/thu-moi-tham-gia-khao-sat-cuu-sinh-vien-khoa-ktmt-nam-2024-thuc-hien-trong-2-phut-2/ status=None
[2025-10-14T02:23:24.267184] https://fce.uit.edu.vn/cetut-part-6-timer-timer-mode/ status=None
[2025-10-14T02:23:27.529259] https://fce.uit.edu.vn/cetut-part-7-timer-counter-mode/ status=None
[2025-10-14T02:23:30.793688] https://fce.uit.edu.vn/cetut-part-8-timer-pwm-mode/ status=None
[2025-10-14T02:23:34.517359] https://fce.uit.edu.vn/cetut-part-9-i2c-protocol/ status=None
[2025-10-14T02:23:37.606012] https://fce.uit.edu.vn/mo-don-dang-ky-xet-chon-danh-hieu-thanh-nien-tien-tien-lam-theo-loi-bac-cap-khoa/ status=None
[2025-10-14T02:23:40.776051] https://fce.uit.edu.vn/cetut-part-10-adc-analog-to-digital-converter/ status=None
[2025-10-14T02:23:43.993588] https://fce.uit.edu.vn/khoa-dao-tao-ai-basics-to-chatgpt-training-program/ status=None
[2025-10-14T02:23:47.771582] https://fce.uit.edu.vn/thong-bao-ve-viec-lam-khoa-luan-tot-nghiep-hoc-ky-1-nam-hoc-2024-2025/ status=None
[2025-10-14T02:23:51.340259] https://fce.uit.edu.vn/thong-bao-ve-viec-dang-ky-thuc-hien-khoa-luan-tot-nghiep-tai-doanh-nghiep-hoc-ky-1-nam-hoc-2024-2025/ status=None
[2025-10-14T02:23:54.600586] https://fce.uit.edu.vn/renesas-internship-program-for-women-in-semiconductor-2024-empowering-tomorrows-innovators/ status=None
[2025-10-14T02:23:57.528441] https://fce.uit.edu.vn/thong-bao-ke-hoach-thuc-hien-do-an-1-va-do-an-2-hoc-ky-1-nam-hoc-2024-2025-he-chinh-quy-dai-tra-va-chat-luong-cao/ status=None
[2025-10-14T02:24:00.512052] https://fce.uit.edu.vn/thong-bao-ke-hoach-thuc-tap-doanh-nghiep-hoc-ky-1-2024-2025-lop-ce502-p11-ce502-p11-mtcl/ status=None
[2025-10-14T02:24:03.546885] https://fce.uit.edu.vn/sdh-buoi-tu-van-tuyen-sinh-ctdt-trinh-do-thac-si-dot-2-2024/ status=None
[2025-10-14T02:24:06.594343] https://fce.uit.edu.vn/uit-car-racing-2024-mo-form-dang-ky/ status=None
[2025-10-14T02:24:09.687879] https://fce.uit.edu.vn/uit-car-racing-2024-bang-mo-rong-gioi-thieu-phan-mem-mo-phong-su-dung-cho-cuoc-thi/ status=None
[2025-10-14T02:24:12.736009] https://fce.uit.edu.vn/uit-car-racing-2024-bang-chuyen-nghiep-gioi-thieu-ve-xu-ly-hinh-anh-so/ status=None
[2025-10-14T02:24:15.743318] https://fce.uit.edu.vn/gap-mat-tan-sinh-vien-khoa-ky-thuat-may-tinh-khoa-2024-ce-ers-k19/ status=None
[2025-10-14T02:24:19.100347] https://fce.uit.edu.vn/danh-sach-de-tai-do-an-1-do-an-2-hoc-ky-12024-2025-he-chinh-quy-dai-tra-chat-luong-cao/ status=None
[2025-10-14T02:24:22.144698] https://fce.uit.edu.vn/thong-bao-bao-cao-de-cuong-khoa-luan-tot-nghiep-hoc-ky-1-nam-hoc-2024-2025/ status=None
[2025-10-14T02:24:25.140810] https://fce.uit.edu.vn/ke-hoach-xu-ly-hoc-vu-hoc-ky-2-va-hoc-ky-he-nam-hoc-2023-2024/ status=None
[2025-10-14T02:24:29.044142] https://fce.uit.edu.vn/mo-don-dang-ky-ce-sport/ status=None
[2025-10-14T02:24:32.431577] https://fce.uit.edu.vn/mo-dang-ky-ce-race/ status=None
[2025-10-14T02:24:35.597564] https://fce.uit.edu.vn/ce-collaborators-tuyen-cong-tac-vien-khoa-ky-thuat-may-tinh/ status=None
[2025-10-14T02:24:38.603629] https://fce.uit.edu.vn/chuong-trinh-chong-soc-cho-tan-sinh-vien-trong-moi-truong-dai-hoc/ status=None
[2025-10-14T02:24:41.740930] https://fce.uit.edu.vn/le-ky-ket-hop-tac-2-2-dao-tao-nganh-ky-thuat-may-tinh-giua-truong-dai-hoc-cong-nghe-thong-tin-va-dai-hoc-newcastle-new-south-wales-uc/ status=None
[2025-10-14T02:24:44.802078] https://fce.uit.edu.vn/uit-car-racing-2024-bang-chuyen-nghiep-gioi-thieu-ve-nen-tang-docker-va-ung-dung-cho-cuoc-thi/ status=None
[2025-10-14T02:24:48.561290] https://fce.uit.edu.vn/thong-bao-nop-don-cuu-xet-xu-ly-hoc-vu-hk-2-va-hk-he-nam-hoc-2023-2024-he-chinh-quy-dai-tra-ktmt/ status=None
[2025-10-14T02:24:51.632553] https://fce.uit.edu.vn/thong-bao-nop-don-cuu-xet-xu-ly-hoc-vu-hoc-ky-23-nam-hoc-2023-2024-khoa-ky-thuat-may-tinh-he-chat-luong-cao/ status=None
[2025-10-14T02:24:54.556179] https://fce.uit.edu.vn/ke-hoach-xet-tot-nghiep-dot-04-nam-2024/ status=None
[2025-10-14T02:24:57.839670] https://fce.uit.edu.vn/thong-bao-thoi-gian-phat-chung-chi-giao-duc-quoc-phongan-ninh-khoa-ky-thuat-may-tinh-dot-thang-10-2024/ status=None
[2025-10-14T02:25:00.786530] https://fce.uit.edu.vn/sdh-buoi-tu-van-tuyen-sinh-ctdt-trinh-do-thac-si-dot-3-2024/ status=None
[2025-10-14T02:25:03.885700] https://fce.uit.edu.vn/tuyen-sinh-thac-si-ky-thuat-may-tinh-don-dau-xu-the-phat-trien/ status=None
[2025-10-14T02:25:06.851570] https://fce.uit.edu.vn/tuyen-sinh-vien-thuc-tap-khoa-46-cong-ty-tma-solutions/ status=None
[2025-10-14T02:25:09.986233] https://fce.uit.edu.vn/seminar-dinh-huong-nghe-nghiep/ status=None
[2025-10-14T02:25:13.089291] https://fce.uit.edu.vn/activator-scholarship-your-ticket-to-the-future/ status=None
[2025-10-14T02:25:16.611989] https://fce.uit.edu.vn/show-fa-giai-dieu-xanh/ status=None
[2025-10-14T02:25:19.977959] https://fce.uit.edu.vn/show-fa-giai-dieu-xanh-tong-ket/ status=None
[2025-10-14T02:25:22.939855] https://fce.uit.edu.vn/digital-auto-bootcamp-2024-ce-uit-x-bosch-global-software-technology/ status=None
[2025-10-14T02:25:26.008931] https://fce.uit.edu.vn/ce-day-2024-coming-soon/ status=None
[2025-10-14T02:25:29.217722] https://fce.uit.edu.vn/thong-bao-ve-viec-bao-cao-tien-do-giua-ky-khoa-luan-tot-nghiep-dot-1-2024-2025/ status=None
[2025-10-14T02:25:32.176451] https://fce.uit.edu.vn/ra-mat-ban-chu-nhiem-clb-icc-gen-1-0-nhiem-ky-2024-2025/ status=None
[2025-10-14T02:25:35.181414] https://fce.uit.edu.vn/chao-mung-ngay-hoi-truyen-thong-khoa-ky-thuat-may-tinh/ status=None
[2025-10-14T02:25:38.264750] https://fce.uit.edu.vn/timeline-chinh-thuc-ce-day-2024/ status=None
[2025-10-14T02:25:42.222972] https://fce.uit.edu.vn/dang-ki-tham-gia-cuoc-thi-thiet-ke-vi-mach-cho-do-thi-thong-minh-lan-2-nam-2024/ status=None
[2025-10-14T02:25:45.178209] https://fce.uit.edu.vn/mo-dang-ky-hoc-bong-ce-schoolarship/ status=None
[2025-10-14T02:25:48.106242] https://fce.uit.edu.vn/thong-bao-ve-viec-nop-don-xin-doi-ten-de-tai-kltn-dot-1-nam-hoc-2024-2025/ status=None
[2025-10-14T02:25:51.078437] https://fce.uit.edu.vn/ce-day-2024-cong-bo-ket-qua-ce-scholarship-2024/ status=None
[2025-10-14T02:25:54.011400] https://fce.uit.edu.vn/khoanh-khac-check-in-ce-day-2024/ status=None
[2025-10-14T02:25:57.841520] https://fce.uit.edu.vn/hoat-dong-career-connect/ status=None
[2025-10-14T02:26:01.030642] https://fce.uit.edu.vn/chung-ket-uit-car-racing/ status=None
[2025-10-14T02:26:04.248280] https://fce.uit.edu.vn/tong-ket-ce-day-2024/ status=None
[2025-10-14T02:26:07.262902] https://fce.uit.edu.vn/le-tot-nghiep-truong-dai-hoc-cong-nghe-thong-tin-2024-beyond-boundaries/ status=None
[2025-10-14T02:26:10.452746] https://fce.uit.edu.vn/seminar-gioi-thieu-design-for-testability-trong-quy-trinh-thiet-ke-chip/ status=None
[2025-10-14T02:26:13.423488] https://fce.uit.edu.vn/cong-nhan-dat-tieu-chuan-chuc-danh-pho-giao-su-nganh-dien-tu-cho-tien-si-trinh-le-huy-giang-vien-khoa-ky-thuat-may-tinh/ status=None
[2025-10-14T02:26:17.029511] https://fce.uit.edu.vn/chuc-mung-cac-tan-cu-nhan-khoa-ky-thuat-may-tinh/ status=None
[2025-10-14T02:26:19.984591] https://fce.uit.edu.vn/thong-bao-ban-nhan-ao-khoa-ky-thuat-may-tinh-2024/ status=None
[2025-10-14T02:26:23.747261] https://fce.uit.edu.vn/thong-bao-thoi-gian-phat-chung-chi-giao-duc-quoc-phong-an-ninh-khoa-ky-thuat-may-tinh-dot-thang-12-2024/ status=None
[2025-10-14T02:26:26.722543] https://fce.uit.edu.vn/thong-bao-ve-buoi-introduction-day-cung-synopsys-kham-pha-co-hoi-viec-lam-voi-cong-ty-vi-mach-hang-dau/ status=None
[2025-10-14T02:26:29.713734] https://fce.uit.edu.vn/thong-bao-chuong-trinh-dao-tao-va-tuyen-dung-tu-synopsys-synops-intentsive-training-program-2025-spring-training/ status=None
[2025-10-14T02:26:32.793424] https://fce.uit.edu.vn/lien-chi-hoi-khoa-ky-thuat-may-tinh-la-don-vi-xuat-sac-dan-dau-thi-dua-cong-tac-hoi-va-phong-trao-sinh-vien-truong-nam-hoc-2023-2024/ status=None
[2025-10-14T02:26:36.602479] https://fce.uit.edu.vn/thong-bao-ve-viec-bao-ve-khoa-luan-tot-nghiep-hoc-ky-1-nam-hoc-2024-2025/ status=None
[2025-10-14T02:26:39.787373] https://fce.uit.edu.vn/thong-bao-khao-sat-y-kien-sv-ve-hoat-dong-giang-day-cua-gv-hki-nh-2024-2025/ status=None
[2025-10-14T02:26:42.753137] https://fce.uit.edu.vn/chuong-trinh-hoc-bong-cua-dai-hoc-quoc-gia-seoul-va-tap-doan-samsung/ status=None
[2025-10-14T02:26:46.837046] https://fce.uit.edu.vn/marvell-vietnam-excellence-scholarship-2025/ status=None
[2025-10-14T02:26:50.224024] https://fce.uit.edu.vn/thong-bao-nop-bao-cao-va-thoi-gian-cham-thuc-tap-doanh-nghiep-hk1-2024-2025-he-chat-luong-cao/ status=None
[2025-10-14T02:26:53.257746] https://fce.uit.edu.vn/danh-sach-phan-bien-khoa-luan-tot-nghiep-dot-1-nam-hoc-2024-2025/ status=None
[2025-10-14T02:26:56.812843] https://fce.uit.edu.vn/thong-bao-nop-bao-cao-va-thoi-gian-hoi-dong-cham-thuc-tap-doanh-nghiep-hk1-2024-2025-lop-ce502-p11-he-cqdt/ status=None
[2025-10-14T02:27:00.160706] https://fce.uit.edu.vn/thoi-gian-va-danh-sach-hoi-dong-bao-ve-kltn-hoc-ky-1-2024-2025/ status=None
[2025-10-14T02:27:03.383078] https://fce.uit.edu.vn/thong-bao-ve-viec-lam-khoa-luan-tot-nghiep-hoc-ky-2-nam-hoc-2024-2025/ status=None
[2025-10-14T02:27:06.662665] https://fce.uit.edu.vn/thong-bao-ke-hoach-thuc-hien-do-an-1-va-do-an-2-hoc-ky-2-nam-hoc-2024-2025-he-chinh-quy-dai-tra-va-chat-luong-cao/ status=None
[2025-10-14T02:27:09.865105] https://fce.uit.edu.vn/tuyen-thuc-tap-sinh-linh-vuc-kiem-tra-thiet-ke-design-verification/ status=None
[2025-10-14T02:27:13.160824] https://fce.uit.edu.vn/thong-bao-ke-hoach-thuc-tap-doanh-nghiep-hoc-ky-2-2024-2025-lop-ce502-p21-va-ce502-p21-mtcl/ status=None
[2025-10-14T02:27:16.858894] https://fce.uit.edu.vn/thong-bao-ve-viec-nop-khoa-luan-tot-nghiep-hoc-ky-1-nam-hoc-2024-2025-ban-sau-bao-ve/ status=None
[2025-10-14T02:27:20.095338] https://fce.uit.edu.vn/danh-sach-de-tai-do-an-1-va-do-an-2-hoc-ky-2-nam-hoc-2024-2025-he-chinh-quy-dai-tra-va-chat-luong-cao/ status=None
[2025-10-14T02:27:23.093096] https://fce.uit.edu.vn/ke-hoach-xet-tot-nghiep-dot-01-nam-2025/ status=None
[2025-10-14T02:27:26.149355] https://fce.uit.edu.vn/synopsys-academic-research-alliances-scholarship/ status=None
[2025-10-14T02:27:29.185587] https://fce.uit.edu.vn/thong-bao-thoi-gian-phat-chung-chi-giao-duc-quoc-phong-an-ninh-khoa-ky-thuat-may-tinh-dot-1-nam-2025/ status=None
[2025-10-14T02:27:32.466030] https://fce.uit.edu.vn/student-exchange-information-with-university-of-regina-and-seed-scholarship-2025/ status=None
[2025-10-14T02:27:35.817271] https://fce.uit.edu.vn/thong-bao-ve-viec-bao-cao-de-cuong-khoa-luan-tot-nghiep-hoc-ky-2-nam-hoc-2024-2025/ status=None
[2025-10-14T02:27:38.928640] https://fce.uit.edu.vn/hoi-thao-cong-nghe-va-co-hoi-thuc-tap-tai-cong-ty-ampere-computing/ status=None
[2025-10-14T02:27:42.071319] https://fce.uit.edu.vn/thong-bao-ve-viec-thay-doi-thoi-gian-bao-cao-khoa-luan-tot-nghiep-hoc-ky-2-nam-hoc-2024-2025/ status=None
[2025-10-14T02:27:45.249953] https://fce.uit.edu.vn/ke-hoach-xu-ly-hoc-vu-hoc-ky-1-nam-hoc-2024-2025/ status=None
[2025-10-14T02:27:48.803707] https://fce.uit.edu.vn/thong-bao-ve-viec-nop-lai-de-cuong-khoa-luan-tot-nghiep-hoc-ky-2-nam-hoc-2024-2025/ status=None
[2025-10-14T02:27:52.082421] https://fce.uit.edu.vn/viettel-digital-talent-2025-tim-kiem-thuc-tap-sinh-linh-vuc-cong-nghe-cao/ status=None
[2025-10-14T02:27:56.434585] https://fce.uit.edu.vn/2025-ncku-aissm-semiconductor-summer-school/ status=None
[2025-10-14T02:28:00.325469] https://fce.uit.edu.vn/hoi-nghi-sinh-vien-khoa-ky-thuat-may-tinh-nam-hoc-2024-2025/ status=None
[2025-10-14T02:28:03.902429] https://fce.uit.edu.vn/thong-bao-nop-don-cuu-xet-xu-ly-hoc-vu-hoc-ky-1-nam-hoc-2024-2025-khoa-ky-thuat-may-tinh-clc-cqdt-chuong-trinh-chuan/ status=None
[2025-10-14T02:28:07.025561] https://fce.uit.edu.vn/cau-lac-bo-vi-mach-uit-chao-don-thanh-vien-moi-03-2025/ status=None
[2025-10-14T02:28:10.146490] https://fce.uit.edu.vn/ho-tro-truyen-thong-co-hoi-hoc-bong-sau-dai-hoc-va-viec-lam-tai-dai-loan-cho-sinh-vien-cuu-sinh-vien-uit-khu-vuc-tp-hcm/ status=None
[2025-10-14T02:28:13.358782] https://fce.uit.edu.vn/tong-ket-hoi-nghi-sinh-vien-khoa-ky-thuat-may-tinh-nam-hoc-2024-2025/ status=None
[2025-10-14T02:28:16.686771] https://fce.uit.edu.vn/ke-hoach-xet-tot-nghiep-dot-02-nam-2025-nop-ho-so-online/ status=None
[2025-10-14T02:28:19.759698] https://fce.uit.edu.vn/thong-bao-thoi-gian-phat-chung-chi-giao-duc-quoc-phong-an-ninh-khoa-ky-thuat-may-tinh-dot-2-nam-2025/ status=None
[2025-10-14T02:28:23.233926] https://fce.uit.edu.vn/dang-ky-tham-gia-cuoc-thi-iot-challenge-2025/ status=None
[2025-10-14T02:28:26.498420] https://fce.uit.edu.vn/thong-bao-buoi-tu-van-tuyen-sinh-ctdt-trinh-do-thac-si-dot-1-2025/ status=None
[2025-10-14T02:28:29.970612] https://fce.uit.edu.vn/thong-bao-ve-viec-bao-cao-tien-do-giua-ky-khoa-luan-tot-nghiep-dot-2-2024-2025/ status=None
[2025-10-14T02:28:32.988558] https://fce.uit.edu.vn/thong-bao-ve-viec-nop-don-xin-doi-ten-de-tai-kltn-dot-2-nam-hoc-2024-2025/ status=None
[2025-10-14T02:28:36.398540] https://fce.uit.edu.vn/tuyen-dung-fresher-adtechnology-snst-viet-nam/ status=None
[2025-10-14T02:28:39.473517] https://fce.uit.edu.vn/dang-ky-tham-du-uit-innoresearch-connect-2025/ status=None
[2025-10-14T02:28:43.034669] https://fce.uit.edu.vn/thong-bao-v-v-trien-khai-hoc-ky-he-nam-hoc-2024-2025/ status=None
[2025-10-14T02:28:46.189375] https://fce.uit.edu.vn/thong-bao-le-tot-nghiep-dot-1-nam-2025/ status=None
[2025-10-14T02:28:50.032932] https://fce.uit.edu.vn/ho-tro-truyen-thong-tuyen-dung-ampere-thang-05-2025/ status=None
[2025-10-14T02:28:53.519623] https://fce.uit.edu.vn/ho-tro-truyen-thong-bgsw-vn-coderace-challenge-2025/ status=None
[2025-10-14T02:28:58.179861] https://fce.uit.edu.vn/thong-bao-ve-viec-bao-ve-khoa-luan-tot-nghiep-hoc-ky-2-nam-hoc-2024-2025/ status=None
[2025-10-14T02:29:02.059582] https://fce.uit.edu.vn/thong-bao-ve-viec-nop-don-xin-gia-han-thoi-gian-thuc-hien-khoa-luan-tot-nghiep-hoc-ky-2-nam-hoc-2024-2025/ status=None
[2025-10-14T02:29:05.370835] https://fce.uit.edu.vn/thong-bao-nop-bao-cao-thoi-gian-hoi-dong-cham-thuc-tap-doanh-nghiep-hk2-2024-2025-lop-ce502-p21-he-cqdt-chuong-trinh-chuan/ status=None
[2025-10-14T02:29:08.901859] https://fce.uit.edu.vn/thong-bao-nop-bao-cao-va-thoi-gian-cham-thuc-tap-doanh-nghiep-hk2-2024-2025-he-chat-luong-cao/ status=None
[2025-10-14T02:29:12.378790] https://fce.uit.edu.vn/danh-sach-phan-bien-khoa-luan-tot-nghiep-dot-2-nam-hoc-2024-2025/ status=None
[2025-10-14T02:29:15.702076] https://fce.uit.edu.vn/road-to-bfmc2025-tim-hieu-ve-mo-hinh-dieu-khien-du-bao-model-predictive-control/ status=None
[2025-10-14T02:29:19.133176] https://fce.uit.edu.vn/road-to-bfmc-2025-tim-hieu-bai-toan-phan-doan-lan-duong-va-mo-hinh-hoc-sau-twinlitenet/ status=None
[2025-10-14T02:29:22.280940] https://fce.uit.edu.vn/tuyen-dung-cac-vi-tri-intern-fresher-junior-tai-fpt-software-thang-06-2025/ status=None
[2025-10-14T02:29:25.300392] https://fce.uit.edu.vn/tong-ket-buoi-bao-cao-vong-y-tuong-cuoc-thi-thiet-ke-vi-mach-uit-lan-ii/ status=None
[2025-10-14T02:29:28.430731] https://fce.uit.edu.vn/thoi-gian-va-danh-sach-hoi-dong-bao-ve-kltn-hoc-ky-2-2024-2025/ status=None
[2025-10-14T02:29:41.273113] https://fce.uit.edu.vn/thong-bao-ket-qua-vong-y-tuong-cuoc-thi-thiet-ke-vi-mach-uit-lan-ii/ status=None
[2025-10-14T02:29:46.254875] https://fce.uit.edu.vn/thong-bao-ke-hoach-thuc-tap-doanh-nghiep-hoc-ky-3-2024-2025-lop-ce502-p31-va-ce502-p31-clc/ status=None
[2025-10-14T02:29:49.878005] https://fce.uit.edu.vn/thong-bao-ve-viec-thay-doi-thoi-gian-bao-cao-thuc-tap-doanh-nghiep-hoc-ky-2-nam-hoc-2024-2025-chuong-trinh-chat-luong-cao/ status=None
[2025-10-14T02:29:53.108428] https://fce.uit.edu.vn/chinh-thuc-phe-duyet-lien-ket-dao-tao-nganh-ky-thuat-may-tinh-mo-hinh-22-voi-truong-dai-hoc-newcastle/ status=None
[2025-10-14T02:29:57.043320] https://fce.uit.edu.vn/thong-bao-ve-chuong-trinh-lien-ket-dao-tao-quoc-te-giua-truong-dai-hoc-cong-nghe-thong-tin-uit-va-truong-dai-hoc-newcastle-lien-bang-uc/ status=None
[2025-10-14T02:30:01.209421] https://fce.uit.edu.vn/thong-bao-ve-viec-lam-khoa-luan-tot-nghiep-hoc-ky-1-nam-hoc-2025-2026/ status=None
[2025-10-14T02:30:04.359101] https://fce.uit.edu.vn/thu-moi-tham-gia-khao-sat-cuu-sinh-vien-khoa-ktmt-nam-2025-thuc-hien-trong-2-phut/ status=None
[2025-10-14T02:30:07.707548] https://fce.uit.edu.vn/thong-bao-thoi-gian-phat-chung-chi-giao-duc-quoc-phong-an-ninh-khoa-ky-thuat-may-tinh-dot-3-nam-2025/ status=None
[2025-10-14T02:30:10.857203] https://fce.uit.edu.vn/ke-hoach-xet-tot-nghiep-dot-03-nam-2025/ status=None
[2025-10-14T02:30:13.851783] https://fce.uit.edu.vn/thong-bao-ve-viec-nop-khoa-luan-tot-nghiep-hoc-ky-2-nam-hoc-2024-2025-ban-sau-bao-ve/ status=None
[2025-10-14T02:30:17.765231] https://fce.uit.edu.vn/thong-bao-ke-hoach-thuc-hien-do-an-1-va-do-an-2-hoc-ky-1-nam-hoc-2025-2026/ status=None
[2025-10-14T02:30:21.142412] https://fce.uit.edu.vn/thong-bao-thoi-gian-cham-thuc-tap-doanh-nghiep-hk32024-2025-lop-ce502-p31/ status=None
[2025-10-14T02:30:24.393465] https://fce.uit.edu.vn/thong-bao-ke-hoach-thuc-tap-doanh-nghiep-hoc-ky-i2025-2026-lop-ce502-q11-va-ce502-q11-mtcl/ status=None
[2025-10-14T02:30:27.595695] https://fce.uit.edu.vn/thong-bao-thoi-gian-cham-thuc-tap-doanh-nghiep-hk3-2024-2025-lop-ce502-p31-clc/ status=None
[2025-10-14T02:30:30.617130] https://fce.uit.edu.vn/danh-sach-de-tai-do-an-1-va-do-an-2-hoc-ky-1-nam-hoc-2025-2026/ status=None
[2025-10-14T02:30:33.714217] https://fce.uit.edu.vn/thong-bao-ve-viec-bao-cao-de-cuong-khoa-luan-tot-nghiep-hoc-ky-1-nam-hoc-2025-2026/ status=None
[2025-10-14T02:30:36.868467] https://fce.uit.edu.vn/thong-bao-buoi-tu-van-tuyen-sinh-ctdt-trinh-do-thac-si-dot-2-2025-cua-truong-dh-cntt/ status=None
[2025-10-14T02:30:39.873467] https://fce.uit.edu.vn/thong-bao-ve-viec-nop-lai-de-cuong-khoa-luan-tot-nghiep-hoc-ky-1-nam-hoc-2025-2026/ status=None
[2025-10-14T02:30:43.302551] https://fce.uit.edu.vn/thong-bao-tuyen-sinh-trinh-do-dai-hoc-chuong-trinh-lien-ket-voi-truong-dai-hoc-newcastle-lien-bang-uc-dot-2-nam-2025/ status=None
[2025-10-14T02:30:46.675649] https://fce.uit.edu.vn/thong-bao-tuyen-thuc-tap-sinh-asiclab-2025/ status=None
[2025-10-14T02:30:50.016910] https://fce.uit.edu.vn/thong-bao-seminar-hoc-thuat-lan-1-nam-2025/ status=None
[2025-10-14T02:30:53.079171] https://fce.uit.edu.vn/fpt-software-thong-bao-tuyen-dung-talent-embedded-engineer/ status=None
[2025-10-14T02:30:56.203693] https://fce.uit.edu.vn/ke-hoach-xu-ly-hoc-vu-hoc-ky-2-va-he-nam-hoc-2024-2025/ status=None
[2025-10-14T02:30:59.318805] https://fce.uit.edu.vn/seminar-huong-dan-thuc-tap-doanh-nghiep-ce502-hk-1-nam-hoc-2025-2026-khoa-ktmt/ status=None
[2025-10-14T02:31:02.487066] https://fce.uit.edu.vn/thong-bao-co-hoi-hoc-bong-toan-phan-thac-si-tien-si-tai-dai-hoc-quoc-gia-seoul-snu/ status=None
[2025-10-14T02:31:05.504005] https://fce.uit.edu.vn/dang-ky-de-tai-nghien-cuu-khoa-hoc-sv-hvch-2025/ status=None
[2025-10-14T02:31:08.494354] https://fce.uit.edu.vn/hoi-thao-gioi-thieu-chuong-trinh-du-hoc-nganh-ban-dan-gsssp-tai-dai-hoc-quoc-gia-seoul-snu/ status=None
[2025-10-14T02:31:11.513662] https://fce.uit.edu.vn/thong-bao-cuoc-thi-tri-tue-nhan-tao-viettel-ai-race-2025/ status=None
[2025-10-14T02:31:14.561375] https://fce.uit.edu.vn/thong-bao-chuong-trinh-kien-tap-tai-cong-ty-tnhh-thiet-ke-renesas-viet-nam/ status=None
[2025-10-14T02:31:17.707120] https://fce.uit.edu.vn/quan-ly-su-kien/ status=None
[2025-10-14T02:31:20.844929] https://fce.uit.edu.vn/dai-hoi-v-doan-khoa-ky-thuat-may-tinh/ status=None
[2025-10-14T02:31:23.720194] https://fce.uit.edu.vn/dai-hoi-v-doan-khoa-ky-thuat-may-tinh/van-kien-dai-hoi-v/ status=None
[2025-10-14T02:31:26.556838] https://fce.uit.edu.vn/dai-hoi-v-doan-khoa-ky-thuat-may-tinh/bau-cu-ban-chap-hanh-doan-khoa-ky-thuat-may-tinh-khoa-v-nhiem-ky-2024-2027/ status=None
[2025-10-14T02:31:29.620168] https://fce.uit.edu.vn/dai-hoi-v-doan-khoa-ky-thuat-may-tinh/bau-cu-doan-dai-bieu-tham-du-dai-hoi-doan-truong-dh-cong-nghe-thong-tin-lan-thu-viii-nhiem-ky-2024-2027/ status=None
[2025-10-14T02:31:32.811177] https://fce.uit.edu.vn/dang-cong-viec/ status=None
[2025-10-14T02:31:35.629102] https://fce.uit.edu.vn/tim-viec-lam/ status=None
[2025-10-14T02:31:40.270057] https://fce.uit.edu.vn/cuoc-thi-thiet-ke-vi-mach-uit/ status=None
[2025-10-14T02:31:43.443361] https://fce.uit.edu.vn/daihoivii/ status=None
[2025-10-14T02:31:46.313342] https://fce.uit.edu.vn/ce-day/amo/ status=None
[2025-10-14T02:31:49.603809] https://fce.uit.edu.vn/ce-day/tkvm2025/ status=None
[2025-10-14T02:31:52.794585] https://fce.uit.edu.vn/nhom-nghien-cuu/ceai-computer-engineering-with-artificial-intelligence/ status=None
[2025-10-14T02:31:56.022573] https://fce.uit.edu.vn/nhom-nghien-cuu/asic-lab-application-specific-integrated-circuit-lab/ status=None
[2025-10-14T02:31:58.829873] https://fce.uit.edu.vn/sample-page/ status=None
[2025-10-14T02:32:01.644338] https://fce.uit.edu.vn/kho-tai-lieu-so/ status=None
[2025-10-14T02:32:04.821242] https://fce.uit.edu.vn/lecturer-info/ status=None
[2025-10-14T02:32:07.931070] https://fce.uit.edu.vn/lecturer-info/nguyen-minh-son/ status=None
[2025-10-14T02:32:11.053589] https://fce.uit.edu.vn/lecturer-info/phan-dinh-duy/ status=None
[2025-10-14T02:32:14.687843] https://fce.uit.edu.vn/lecturer-info/doan-duy/ status=None
[2025-10-14T02:32:18.964490] https://fce.uit.edu.vn/lecturer-info/do-tri-nhut/ status=None
[2025-10-14T02:32:22.188675] https://fce.uit.edu.vn/lecturer-info/tran-dai-duong/ status=None
[2025-10-14T02:32:25.470088] https://fce.uit.edu.vn/lecturer-info/nguyen-duy-xuan-bach/ status=None
[2025-10-14T02:32:28.390458] https://fce.uit.edu.vn/lecturer-info/ta-tri-duc/ status=None
[2025-10-14T02:32:31.444070] https://fce.uit.edu.vn/lecturer-info/nguyen-hoai-nhan/ status=None
[2025-10-14T02:32:35.265221] https://fce.uit.edu.vn/lecturer-info/lam-duc-khai/ status=None
[2025-10-14T02:32:38.375230] https://fce.uit.edu.vn/lecturer-info/tran-quang-nguyen/ status=None
[2025-10-14T02:32:41.291728] https://fce.uit.edu.vn/lecturer-info/nguyen-thanh-thien/ status=None
[2025-10-14T02:32:45.095065] https://fce.uit.edu.vn/lecturer-info/ho-ngoc-diem/ status=None
[2025-10-14T02:32:48.309304] https://fce.uit.edu.vn/lecturer-info/pham-hoai-luan/ status=None
[2025-10-14T02:32:51.318327] https://fce.uit.edu.vn/lecturer-info/nguyen-thanh-nhan/ status=None
[2025-10-14T02:32:54.279863] https://fce.uit.edu.vn/lecturer-info/ngo-hieu-truong/ status=None
[2025-10-14T02:32:57.585966] https://fce.uit.edu.vn/lecturer-info/than-the-tung/ status=None
[2025-10-14T02:33:00.486846] https://fce.uit.edu.vn/lecturer-info/tran-hoang-loc/ status=None
[2025-10-14T02:33:03.566113] https://fce.uit.edu.vn/lecturer-info/vu-duc-lung/ status=None
[2025-10-14T02:33:06.652158] https://fce.uit.edu.vn/lecturer-info/nguyen-manh-thao/ status=None
[2025-10-14T02:33:09.650059] https://fce.uit.edu.vn/lecturer-info/le-hoai-nghia/ status=None
[2025-10-14T02:33:13.525386] https://fce.uit.edu.vn/lecturer-info/tran-thi-diem/ status=None
[2025-10-14T02:33:18.650919] https://fce.uit.edu.vn/lecturer-info/tran-van-quang/ status=None
[2025-10-14T02:33:21.632968] https://fce.uit.edu.vn/lecturer-info/tran-ngoc-duc/ status=None
[2025-10-14T02:33:24.933352] https://fce.uit.edu.vn/lecturer-info/truong-van-cuong/ status=None
[2025-10-14T02:33:27.951349] https://fce.uit.edu.vn/lecturer-info/trinh-le-huy/ status=None
[2025-10-14T02:33:31.787603] https://fce.uit.edu.vn/lecturer-info/nguyen-huu-luong/ status=None
[2025-10-14T02:33:35.021038] https://fce.uit.edu.vn/lecturer-info/pham-minh-quan/ status=None
[2025-10-14T02:33:38.411170] https://fce.uit.edu.vn/lecturer-info/pham-quoc-hung/ status=None
[2025-10-14T02:33:41.374087] https://fce.uit.edu.vn/lecturer-info/phan-quoc-huy/ status=None
[2025-10-14T02:33:44.488853] https://fce.uit.edu.vn/lecturer-info/le-vu-trung-duong/ status=None
[2025-10-14T02:33:47.383637] https://fce.uit.edu.vn/lecturer-info/cao-van-hung/ status=None
[2025-10-14T02:33:50.462594] https://fce.uit.edu.vn/lecturer-info/nguyen-mau-toan/ status=None
[2025-10-14T02:33:53.400176] https://fce.uit.edu.vn/lecturer-info/phan-thanh-tuan/ status=None
[2025-10-14T02:33:56.544932] https://fce.uit.edu.vn/category/cau-lac-bo/ status=None
[2025-10-14T02:33:59.854872] https://fce.uit.edu.vn/category/cau-lac-bo/clb-ceec/cetut/ status=None
[2025-10-14T02:34:02.901009] https://fce.uit.edu.vn/category/hoat-dong-ce-day/ status=None
[2025-10-14T02:34:05.909187] https://fce.uit.edu.vn/category/tin-tuc/ status=None
[2025-10-14T02:34:08.793614] https://fce.uit.edu.vn/category/tuyen-sinh/ status=None
[2025-10-14T02:34:11.884418] https://fce.uit.edu.vn/category/uncategorized/ status=None
[2025-10-14T02:34:15.365297] https://fce.uit.edu.vn/tag/chuong-trinh-lien-ket-quoc-te/ status=None
[2025-10-14T02:34:19.196587] https://fce.uit.edu.vn/tag/hoc-bong/ status=None
[2025-10-14T02:34:22.274803] https://fce.uit.edu.vn/tag/khoa-luan-tot-nghiep/ status=None
[2025-10-14T02:34:25.358415] https://fce.uit.edu.vn/tag/thuc-tap-doanh-nghiep/ status=None
[2025-10-14T02:34:28.506468] https://fce.uit.edu.vn/tag/tuyen-sinh/ status=None
[2025-10-14T02:34:31.892789] https://fce.uit.edu.vn/author/23521430/ status=None
[2025-10-14T02:34:35.031821] https://fce.uit.edu.vn/author/admin/ status=None
[2025-10-14T02:34:38.411316] https://fce.uit.edu.vn/author/ceec/ status=None
[2025-10-14T02:34:41.640956] https://fce.uit.edu.vn/author/hanglt/ status=None
[2025-10-14T02:34:44.562274] https://fce.uit.edu.vn/author/icc/ status=None
[2025-10-14T02:34:47.573946] https://fce.uit.edu.vn/author/nhannt/ status=None
[2025-10-14T02:34:50.680946] https://fce.uit.edu.vn/author/nuntn/ status=None
[2025-10-14T02:34:51.472503] https://daa.uit.edu.vn/internal#main status=None
[2025-10-14T02:34:52.046783] https://daa.uit.edu.vn/external#main status=None
[2025-10-14T02:34:52.316656] https://daa.uit.edu.vn/sites/daa/files/css/css_iGIPBOUrVucsqo5bGsbrwPoOqvXBe3CLgaBfCcr4yYc.css status=None
[2025-10-14T02:34:52.560478] https://daa.uit.edu.vn/sites/daa/files/js/js_dTqnMXUtPXN8VktrdZRewsB95h5IKO--K1rGpjZGLVo.js status=None
[2025-10-14T02:34:54.264236] https://daa.uit.edu.vn/#main status=None
[2025-10-14T02:34:56.036426] https://daa.uit.edu.vn/#main-nav status=None
[2025-10-14T02:34:56.770143] http://daa.uit.edu.vn/content/cong-thong-tin-dao-tao status=None
[2025-10-14T02:34:57.361683] https://daa.uit.edu.vn/content/cong-thong-tin-dao-tao status=None
[2025-10-14T02:34:58.241995] https://daa.uit.edu.vn/content/cac-nganh-dao-tao status=None
[2025-10-14T02:34:58.853113] https://daa.uit.edu.vn/content/chuc-nang-nhiem-vu-cua-phong-dao-tao-dai-hoc status=None
[2025-10-14T02:34:59.650356] https://daa.uit.edu.vn/thongbao status=None
[2025-10-14T02:35:00.421473] https://daa.uit.edu.vn/thongbaochinhquy status=None
[2025-10-14T02:35:01.094416] https://daa.uit.edu.vn/thong-bao-vb2 status=None
[2025-10-14T02:35:01.762273] https://daa.uit.edu.vn/thongbaotuxa status=None
[2025-10-14T02:35:02.420098] https://daa.uit.edu.vn/quydinh status=None
[2025-10-14T02:35:03.127915] https://daa.uit.edu.vn/qui-che-qui-dinh-qui-trinh status=None
[2025-10-14T02:35:14.628660] https://daa.uit.edu.vn/quy-che-quy-dinh-dao-tao-dai-hoc-cua-dhqg-hcm status=None
[2025-10-14T02:35:26.955875] https://daa.uit.edu.vn/quy-che-quy-dinh-dao-tao-dai-hoc-cua-bo-gddt status=None
[2025-10-14T02:35:27.598296] https://daa.uit.edu.vn/content/quy-dinh-dao-tao-ngan-han status=None
[2025-10-14T02:35:28.704038] https://daa.uit.edu.vn/content/quy-trinh-danh-cho-can-bo-giang-day status=None
[2025-10-14T02:35:29.944669] https://daa.uit.edu.vn/mot-so-quy-trinh-danh-cho-sinh-vien status=None
[2025-10-14T02:35:31.413458] https://daa.uit.edu.vn/thongbao/huong-dan-tra-cuu-va-xac-minh-van-bang-tot-nghiep-dai-hoc status=None
[2025-10-14T02:35:33.030075] https://daa.uit.edu.vn/content/huong-dan-sinh-vien-dai-hoc-he-chinh-quy-thuc-hien-cac-quy-dinh-ve-chuan-qua-trinh-va-chuan status=None
[2025-10-14T02:35:34.174950] https://daa.uit.edu.vn/thongbao/huong-dan-trien-khai-day-va-hoc-qua-mang-trong-thoi-gian-phong-chong-dich-covid-19 status=None
[2025-10-14T02:35:34.748370] https://daa.uit.edu.vn/kehoachnam status=None
[2025-10-14T02:35:35.333561] https://daa.uit.edu.vn/chuongtrinhdaotao status=None
[2025-10-14T02:35:36.090222] https://daa.uit.edu.vn/chinhquy status=None
[2025-10-14T02:35:36.734935] https://daa.uit.edu.vn/cqui/ctdt-khoa-2025 status=None
[2025-10-14T02:35:37.365913] https://daa.uit.edu.vn/chuong-trinh-dao-tao/ctdt-khoa-2024 status=None
[2025-10-14T02:35:37.973228] https://daa.uit.edu.vn/chuong-trinh-dao-tao/ctdt-khoa-2023 status=None
[2025-10-14T02:35:38.611360] https://daa.uit.edu.vn/chuong-trinh-dao-tao/ctdt-khoa-2022 status=None
[2025-10-14T02:35:39.244228] https://daa.uit.edu.vn/chuong-trinh-dao-tao/ctdt-khoa-2021 status=None
[2025-10-14T02:35:39.894416] https://daa.uit.edu.vn/chuong-trinh-dao-tao/ctdt-khoa-2020 status=None
[2025-10-14T02:35:40.528003] https://daa.uit.edu.vn/chuong-trinh-dao-tao/ctdt-khoa-2019 status=None
[2025-10-14T02:35:41.111724] https://daa.uit.edu.vn/chuong-trinh-dao-tao/ctdt-khoa-2018 status=None
[2025-10-14T02:35:41.713763] https://daa.uit.edu.vn/chuong-trinh-dao-tao/ctdt-khoa-2017 status=None
[2025-10-14T02:35:42.293302] https://daa.uit.edu.vn/chuong-trinh-dao-tao/ctdt-khoa-2016 status=None
[2025-10-14T02:35:42.903194] https://daa.uit.edu.vn/chuong-trinh-dao-tao/ctdt-khoa-2015 status=None
[2025-10-14T02:35:43.519090] https://daa.uit.edu.vn/chuong-trinh-dao-tao/ctdt-khoa-2014 status=None
[2025-10-14T02:35:44.108328] https://daa.uit.edu.vn/chuong-trinh-dao-tao/ctdt-khoa-2013 status=None
[2025-10-14T02:35:44.745008] https://daa.uit.edu.vn/chuong-trinh-dao-tao/ctdt-khoa-2012 status=None
[2025-10-14T02:35:45.963999] https://daa.uit.edu.vn/content/chuong-trinh-dao-tao-cu status=None
[2025-10-14T02:35:48.480115] https://daa.uit.edu.vn/danh-muc-mon-hoc-dai-hoc status=None
[2025-10-14T02:35:49.395835] https://daa.uit.edu.vn/content/bang-tom-tat-mon-hoc status=None
[2025-10-14T02:35:50.034001] https://daa.uit.edu.vn/loai-bai-viet/de-mo-nganh status=None
[2025-10-14T02:35:50.630829] https://daa.uit.edu.vn/tu-xa/ctdt-khoa-2008 status=None
[2025-10-14T02:35:51.292741] https://daa.uit.edu.vn/tu-xa/ctdt-khoa-2013 status=None
[2025-10-14T02:35:51.910499] https://daa.uit.edu.vn/tu-xa/ctdt-khoa-2018 status=None
[2025-10-14T02:35:52.495199] https://daa.uit.edu.vn/tu-xa/ctdt-khoa-2019 status=None
[2025-10-14T02:35:53.077682] https://daa.uit.edu.vn/tu-xa/ctdt-khoa-2020 status=None
[2025-10-14T02:35:53.724555] https://daa.uit.edu.vn/tu-xa/ctdt-khoa-2021 status=None
[2025-10-14T02:35:54.405410] https://daa.uit.edu.vn/tu-xa/ctdt-khoa-2022 status=None
[2025-10-14T02:35:54.992225] https://daa.uit.edu.vn/tu-xa/ctdt-khoa-2023 status=None
[2025-10-14T02:35:55.585736] https://daa.uit.edu.vn/tu-xa/ctdt-khoa-2024 status=None
[2025-10-14T02:36:00.049658] https://daa.uit.edu.vn/thoikhoabieu status=None
[2025-10-14T02:36:03.667631] https://daa.uit.edu.vn/lichphong status=None
[2025-10-14T02:36:05.383591] https://daa.uit.edu.vn/thong-bao-ve-viec-xet-mien-cac-mon-anh-van-1-2-va-3-dot-2-trong-hoc-ky-1-nam-hoc-2025-2026-cho-sinh status=None
[2025-10-14T02:36:07.596566] https://daa.uit.edu.vn/thong-bao-ky-thi-olympic-toan-hoc-sinh-vien-va-hoc-sinh-toan-quoc-nam-hoc-2025-2026 status=None
[2025-10-14T02:36:09.249762] https://daa.uit.edu.vn/thong-bao-lich-thi-ky-nang-noi-ngay-0892025-danh-cho-sinh-vien-thi-anh-van-dau-vao-nam-2025 status=None
[2025-10-14T02:36:10.420574] https://daa.uit.edu.vn/thong-bao-dang-ky-cac-khoa-hoc-google-career-certificate-tren-coursera-mien-phi-danh-cho-giang-vien status=None
[2025-10-14T02:36:11.988479] https://daa.uit.edu.vn/cap-nhat-ket-qua-xet-mien-anh-van-thong-bao-ve-viec-xet-mien-cac-mon-anh-van-1-2-va-3-dot-3-trong status=None
[2025-10-14T02:36:13.539368] https://daa.uit.edu.vn/cap-nhat-ket-qua-xet-mien-anh-van-thong-bao-ve-viec-xet-mien-cac-mon-anh-van-1-2-va-3-dot-2-trong-1 status=None
[2025-10-14T02:36:15.143816] https://daa.uit.edu.vn/thong-bao-sinh-vien-kiem-tra-chuan-qua-trinh-ngoai-ngu-truoc-khi-dang-ky-hoc-phan-hk2-nam-hoc-2024 status=None
[2025-10-14T02:36:17.254556] https://daa.uit.edu.vn/thong-bao-ky-thi-olympic-toan-hoc-sinh-vien-va-hoc-sinh-toan-quoc-nam-hoc-2024-2025 status=None
[2025-10-14T02:36:18.989736] https://daa.uit.edu.vn/thong-bao-ve-viec-dao-tao-song-nganh-trinh-do-dai-hoc-he-chinh-quy status=None
[2025-10-14T02:36:20.504560] https://daa.uit.edu.vn/thong-bao-dang-ky-lop-quan-tri-su-kien-mm003p11 status=None
[2025-10-14T02:36:22.041991] https://daa.uit.edu.vn/thong-bao-lich-thi-tap-trung-giua-ky-hoc-ky-1-nam-hoc-2025-2026 status=None
[2025-10-14T02:36:23.527870] https://daa.uit.edu.vn/thong-bao-khao-sat-lay-y-kien-sinh-vien-ve-dich-vu-ho-tro-nam-2025 status=None
[2025-10-14T02:36:25.271203] https://daa.uit.edu.vn/thong-bao-ve-viec-thu-hoc-phi-hoc-ky-1-nh-2025-2026-trinh-do-dtdh-k2025 status=None
[2025-10-14T02:36:26.894645] https://daa.uit.edu.vn/thong-bao-thu-hoc-phi-hoc-ky-1-nam-hoc-2025-2026-khoa-2024-tro-ve-truoc status=None
[2025-10-14T02:36:27.520080] https://daa.uit.edu.vn/ve-viec-hoc-cua-lop-ss00717-ss009p13-ss009p14 status=None
[2025-10-14T02:36:29.214331] https://daa.uit.edu.vn/thong-tin-ve-buoi-tu-van-tuyen-sinh-ctdt-trinh-do-thac-si-dot-22025-tren-cac-trang-thong-tin-dien-tu status=None
[2025-10-14T02:36:29.821756] https://daa.uit.edu.vn/thong-bao-quyet-dinh-cong-nhan-tot-nghiep-dot-3-nam-2025 status=None
[2025-10-14T02:36:30.480432] https://daa.uit.edu.vn/thong-bao-chung status=None
[2025-10-14T02:36:31.131891] https://daa.uit.edu.vn/ke-hoach-xet-tot-nghiep-dot-04-nam-2025 status=None
[2025-10-14T02:36:31.755204] https://daa.uit.edu.vn/thong-bao-thoi-khoa-bieu-hoc-ky-1-nam-hoc-2025-2026-cac-lop-vb2-dot-1-cap-nhat-ngay-892025 status=None
[2025-10-14T02:36:32.377849] https://daa.uit.edu.vn/thong-bao-lich-thi-cuoi-hoc-ky-2-nam-hoc-2024-2025-cac-lop-vb2dot-2 status=None
[2025-10-14T02:36:34.048086] https://daa.uit.edu.vn/thong-bao-ve-viec-tham-du-le-tot-nghiep-dot-1-nam-2025-va-danh-sach-xep-cho status=None
[2025-10-14T02:36:34.658862] https://daa.uit.edu.vn/thong-bao-thoi-khoa-bieu-hoc-ky-2-nam-hoc-2024-2025-cac-lop-vb2-dot-2 status=None
[2025-10-14T02:36:35.247323] https://daa.uit.edu.vn/thong-bao-lich-thi-cuoi-hoc-ky-2-nam-hoc-2024-2025-cac-lop-vb2dot-1-cap-nhat-1742025 status=None
[2025-10-14T02:36:36.845275] https://daa.uit.edu.vn/ke-hoach-xet-tot-nghiep-dot-01-nam-2025 status=None
[2025-10-14T02:36:37.484731] https://daa.uit.edu.vn/thong-bao-thoi-khoa-bieu-hoc-ky-2-nam-hoc-2024-2025-cac-lop-vb2-dot-1 status=None
[2025-10-14T02:36:38.106906] https://daa.uit.edu.vn/thong-bao-lich-thi-cuoi-hoc-ky-1-nam-hoc-2024-2025-cac-lop-vb2dot-2 status=None
[2025-10-14T02:36:38.751554] https://daa.uit.edu.vn/thong-bao-thoi-khoa-bieu-hoc-ky-1-nam-hoc-2024-2025-cac-lop-vb2-dot-2 status=None
[2025-10-14T02:36:39.384331] https://daa.uit.edu.vn/thong-bao-ve-viec-xac-nhan-dang-ky-hoc-phan-5-hk1-nam-hoc-2025-2026-cua-lop-lien-thong-chinh-quy status=None
[2025-10-14T02:36:40.056585] https://daa.uit.edu.vn/thong-bao-ve-thoi-khoa-bieu-hoc-phan-5-hk1-nam-hoc-2025-2026-cua-lop-lien-thong-chinh-quy-khoa-2024 status=None
[2025-10-14T02:36:40.659470] https://daa.uit.edu.vn/thong-bao-ve-viec-dang-ky-hoc-gdqpan-danh-cho-sinh-vien-lien-thong-trinh-do-dai-hoc-chinh-quy status=None
[2025-10-14T02:36:41.306908] https://daa.uit.edu.vn/thong-bao-ve-thoi-khoa-bieu-hoc-phan-1-hk1-nam-hoc-2025-2026-cua-lop-lien-thong-chinh-quy-khoa-2025 status=None
[2025-10-14T02:36:41.929175] https://daa.uit.edu.vn/lich-thi-cuoi-ky-hoc-phan-3-hoc-ky-2-nam-hoc-2024-2025-lop-lien-thong-chinh-quy-khoa-2024 status=None
[2025-10-14T02:36:42.530863] https://daa.uit.edu.vn/thong-bao-ve-viec-xac-nhan-dang-ky-hoc-phan-4-hk2-nam-hoc-2024-2025-cua-lop-lien-thong-chinh-quy status=None
[2025-10-14T02:36:43.167351] https://daa.uit.edu.vn/thong-bao-ve-thoi-khoa-bieu-hoc-phan-4-hk2-nam-hoc-2024-2025-cua-lop-lien-thong-chinh-quy-khoa-2024 status=None
[2025-10-14T02:36:43.762540] https://daa.uit.edu.vn/thong-bao-ve-viec-xac-nhan-dang-ky-hoc-phan-3-hk2-nam-hoc-2024-2025-cua-lop-lien-thong-chinh-quy status=None
[2025-10-14T02:36:44.391683] https://daa.uit.edu.vn/loai-bai-viet/lien-thong-cq status=None
[2025-10-14T02:36:46.242536] https://daa.uit.edu.vn/node/36741 status=None
[2025-10-14T02:36:47.992949] https://daa.uit.edu.vn/node/36740 status=None
[2025-10-14T02:36:49.850806] https://daa.uit.edu.vn/node/36739 status=None
[2025-10-14T02:36:51.657323] https://daa.uit.edu.vn/node/36738 status=None
[2025-10-14T02:36:53.551267] https://daa.uit.edu.vn/node/36737 status=None
[2025-10-14T02:36:55.436116] https://daa.uit.edu.vn/node/36736 status=None
[2025-10-14T02:36:57.227457] https://daa.uit.edu.vn/node/36735 status=None
[2025-10-14T02:36:59.002907] https://daa.uit.edu.vn/node/36734 status=None
[2025-10-14T02:37:00.633146] https://daa.uit.edu.vn/node/36733 status=None
[2025-10-14T02:37:02.344395] https://daa.uit.edu.vn/node/36732 status=None
[2025-10-14T02:37:03.206107] https://daa.uit.edu.vn/thong-bao-nghi-bu status=None
[2025-10-14T02:37:04.339305] https://daa.uit.edu.vn/thongbao/thong-bao-thay-doi-phong-hoc-cac-lop-it012o12cnvn-it012o11-it001o121-bus1125o11 status=None
[2025-10-14T02:37:05.934823] https://daa.uit.edu.vn/thongbao/thong-bao-thay-doi-phong-hoc-giang-duong-toa-nha status=None
[2025-10-14T02:37:07.603202] https://daa.uit.edu.vn/thongbao/thong-bao-thay-doi-phong-hoc-tang-6-7-toa-nha-b status=None
[2025-10-14T02:37:09.317091] https://daa.uit.edu.vn/thongbao/thong-bao-doi-phong-hoc-lop-is334n21 status=None
[2025-10-14T02:37:10.841960] https://daa.uit.edu.vn/thongbao/thong-bao-lich-hoc-cau-truc-du-lieu-va-giai-thuat-it003m282-ngay-29042022 status=None
[2025-10-14T02:37:12.342068] https://daa.uit.edu.vn/thongbao/thong-bao-doi-phong-hoc-ht2-may-hoc-cs114k211-ngay-19062020 status=None
[2025-10-14T02:37:14.248997] https://daa.uit.edu.vn/thongbao/thong-bao-doi-phong-hoc-thu-6-ngay-21122018-ma006j18-ss002j13-ss003j13 status=None
[2025-10-14T02:37:16.007943] https://daa.uit.edu.vn/thongbao/thong-bao-doi-phong-hoc-ma006j18-ss002j13ss003j13 status=None
[2025-10-14T02:37:17.634769] https://daa.uit.edu.vn/thongbao/pdtdh-tb-vv-chuyen-phong-hoc-mon-kho-du-lieu-va-olap-is217j11 status=None
[2025-10-14T02:37:19.278055] https://daa.uit.edu.vn/thongbao/chuyen-phong-hoc-lop-ce316j11-se100j11-is251j12 status=None
[2025-10-14T02:37:19.913103] https://daa.uit.edu.vn/thong-bao-phong-hoc status=None
[2025-10-14T02:37:20.466309] https://daa.uit.edu.vn/sites/daa/files/css/internal status=None
[2025-10-14T02:37:21.075011] https://daa.uit.edu.vn/sites/daa/files/css/external status=None
[2025-10-14T02:37:21.649051] https://daa.uit.edu.vn/sites/daa/files/js/internal status=None
[2025-10-14T02:37:22.193029] https://daa.uit.edu.vn/sites/daa/files/js/external status=None
[2025-10-14T02:37:22.771057] https://daa.uit.edu.vn/a status=None
[2025-10-14T02:37:23.348523] https://daa.uit.edu.vn/sites/all/themes/open_framework/js/internal status=None
[2025-10-14T02:37:23.935681] https://daa.uit.edu.vn/sites/all/themes/open_framework/js/external status=None
[2025-10-14T02:37:24.515215] https://daa.uit.edu.vn/sites/daa/files/internal status=None
[2025-10-14T02:37:25.087814] https://daa.uit.edu.vn/sites/daa/files/external status=None
[2025-10-14T02:37:25.648694] https://daa.uit.edu.vn/sites/all/themes/open_framework/images/internal status=None
[2025-10-14T02:37:26.229536] https://daa.uit.edu.vn/sites/all/themes/open_framework/images/external status=None
[2025-10-14T02:37:26.806968] https://daa.uit.edu.vn/van-ban/internal#main status=None
[2025-10-14T02:37:27.385978] https://daa.uit.edu.vn/van-ban/external#main status=None
[2025-10-14T02:37:27.980308] https://daa.uit.edu.vn/dao-tao/internal#main status=None
[2025-10-14T02:37:28.555077] https://daa.uit.edu.vn/dao-tao/external#main status=None
[2025-10-14T02:37:29.236760] https://oep.uit.edu.vn/internal#main status=None
[2025-10-14T02:37:29.705065] https://oep.uit.edu.vn/vi/internal status=None
[2025-10-14T02:37:30.201635] https://oep.uit.edu.vn/en/internal status=None
[2025-10-14T02:37:30.658493] https://oep.uit.edu.vn/external#main status=None
[2025-10-14T02:37:31.112679] https://oep.uit.edu.vn/vi/external status=None
[2025-10-14T02:37:31.629697] https://oep.uit.edu.vn/en/external status=None
[2025-10-14T02:37:32.244213] https://oep.uit.edu.vn/vi/thong-bao#main status=None
[2025-10-14T02:37:32.817769] https://oep.uit.edu.vn/vi/thong-bao#main-nav status=None
[2025-10-14T02:37:33.282991] https://oep.uit.edu.vn/vi/taxonomy/term/internal status=None
[2025-10-14T02:37:33.764459] https://oep.uit.edu.vn/vi/taxonomy/term/external status=None
[2025-10-14T02:37:34.334085] https://oep.uit.edu.vn/vi/taxonomy/term/68#main status=None
[2025-10-14T02:37:34.908772] https://oep.uit.edu.vn/vi/taxonomy/term/68#main-nav status=None
[2025-10-14T02:37:35.374203] https://oep.uit.edu.vn/sites/oep/files/css/internal status=None
[2025-10-14T02:37:35.840881] https://oep.uit.edu.vn/sites/oep/files/css/external status=None
[2025-10-14T02:37:36.321905] https://oep.uit.edu.vn/sites/oep/files/js/internal status=None
[2025-10-14T02:37:36.787117] https://oep.uit.edu.vn/sites/oep/files/js/external status=None
[2025-10-14T02:37:37.238632] https://oep.uit.edu.vn/a status=None
[2025-10-14T02:37:37.706490] https://oep.uit.edu.vn/sites/all/themes/open_framework/js/internal status=None
[2025-10-14T02:37:38.190664] https://oep.uit.edu.vn/sites/all/themes/open_framework/js/external status=None
[2025-10-14T02:37:38.428095] https://oep.uit.edu.vn/css/style.css status=None
[2025-10-14T02:37:38.675353] https://oep.uit.edu.vn/css/component.css status=None
[2025-10-14T02:37:38.907104] https://oep.uit.edu.vn/js/modernizr.custom.js status=None
[2025-10-14T02:37:39.146009] https://oep.uit.edu.vn/images/home.png status=None
[2025-10-14T02:37:39.381165] https://oep.uit.edu.vn/images/gioithieu.png status=None
[2025-10-14T02:37:40.008816] https://oep.uit.edu.vn/vi/thong-tin-tuyen-sinh status=None
[2025-10-14T02:37:40.241737] https://oep.uit.edu.vn/images/tuyensinh.png status=None
[2025-10-14T02:37:40.474345] https://oep.uit.edu.vn/images/giangvien.png status=None
[2025-10-14T02:37:41.212661] https://oep.uit.edu.vn/vi/giao-trinh/danh-muc-sach-moi status=None
[2025-10-14T02:37:41.453380] https://oep.uit.edu.vn/images/thuvien.png status=None
[2025-10-14T02:37:41.688880] https://oep.uit.edu.vn/images/banner.png status=None
[2025-10-14T02:37:41.921295] https://oep.uit.edu.vn/images/aep.png status=None
[2025-10-14T02:37:42.554427] https://oep.uit.edu.vn/vi/chuong-trinh-chat-luong-cao status=None
[2025-10-14T02:37:42.795714] https://oep.uit.edu.vn/images/hqp.png status=None
[2025-10-14T02:37:43.394552] https://oep.uit.edu.vn/vi/chuong-trinh-tai-nang status=None
[2025-10-14T02:37:43.620828] https://oep.uit.edu.vn/images/hp.png status=None
[2025-10-14T02:37:43.858724] https://oep.uit.edu.vn/images/ijp.png status=None
[2025-10-14T02:37:44.336147] https://oep.uit.edu.vn/sites/oep/files/internal status=None
[2025-10-14T02:37:44.820643] https://oep.uit.edu.vn/sites/oep/files/external status=None
[2025-10-14T02:37:45.305417] https://oep.uit.edu.vn/sites/oep/modules/contrib/languageicons/flags/internal status=None
[2025-10-14T02:37:45.775109] https://oep.uit.edu.vn/sites/oep/modules/contrib/languageicons/flags/external status=None
[2025-10-14T02:37:46.318418] https://oep.uit.edu.vn/en/taxonomy/term/122 status=None
[2025-10-14T02:37:46.521305] https://oep.uit.edu.vn/sites/oep/files/js/js_J_5FK0_Dm_u_r-0_jBXQS00AckUFOb8SGT1Lc0fPFl8.js status=None
[2025-10-14T02:37:47.068346] https://oep.uit.edu.vn/en/announcement#main status=None
[2025-10-14T02:37:47.624970] https://oep.uit.edu.vn/en/announcement#main-nav status=None
[2025-10-14T02:37:48.440232] https://oep.uit.edu.vn/en status=None
[2025-10-14T02:37:48.615507] https://oep.uit.edu.vn/sites/oep/files/banner2_en.png status=None
[2025-10-14T02:37:49.174275] https://oep.uit.edu.vn/en/contacts status=None
[2025-10-14T02:37:50.001706] https://oep.uit.edu.vn/en/general-information status=None
[2025-10-14T02:37:50.563475] https://oep.uit.edu.vn/en/gallery-hoc-tap status=None
[2025-10-14T02:37:51.139034] https://oep.uit.edu.vn/en/gallery-hoat-dong status=None
[2025-10-14T02:37:51.752972] https://oep.uit.edu.vn/en/teaching-staff status=None
[2025-10-14T02:37:52.303303] https://oep.uit.edu.vn/en/category/oversea-study status=None
[2025-10-14T02:37:52.836561] https://oep.uit.edu.vn/en/category/scholarship status=None
[2025-10-14T02:37:53.395733] https://oep.uit.edu.vn/en/category/transfer-osu status=None
[2025-10-14T02:37:53.961891] https://oep.uit.edu.vn/en/high-quality-programs status=None
[2025-10-14T02:37:54.524629] https://oep.uit.edu.vn/en/computer-science status=None
[2025-10-14T02:37:55.096913] https://oep.uit.edu.vn/en/computer-network-communication status=None
[2025-10-14T02:37:55.675596] https://oep.uit.edu.vn/en/computer-engineering status=None
[2025-10-14T02:37:56.246685] https://oep.uit.edu.vn/en/software-engineering status=None
[2025-10-14T02:37:56.796140] https://oep.uit.edu.vn/en/information-system status=None
[2025-10-14T02:37:57.363344] https://oep.uit.edu.vn/en/information-safety status=None
[2025-10-14T02:37:57.940826] https://oep.uit.edu.vn/en/honor-programs status=None
[2025-10-14T02:37:58.482247] https://oep.uit.edu.vn/en/computer-science-bachelor status=None
[2025-10-14T02:37:59.046030] https://oep.uit.edu.vn/en/information-safety-engineer status=None
[2025-10-14T02:37:59.601433] https://oep.uit.edu.vn/en/advanced-program-information-system status=None
[2025-10-14T02:38:00.172336] https://oep.uit.edu.vn/en/oklahoma-state-university status=None
[2025-10-14T02:38:00.709269] https://oep.uit.edu.vn/en/international-joint-programs status=None
[2025-10-14T02:38:01.264486] https://oep.uit.edu.vn/en/faqs status=None
[2025-10-14T02:38:01.805369] https://oep.uit.edu.vn/en/category/admission-infomation status=None
[2025-10-14T02:38:02.333533] https://oep.uit.edu.vn/en/category/news-forms status=None
[2025-10-14T02:38:02.923844] https://oep.uit.edu.vn/en/curriculum-advanced-program-information-system status=None
[2025-10-14T02:38:03.468727] https://oep.uit.edu.vn/en/curriculum-computer-science status=None
[2025-10-14T02:38:04.113252] https://oep.uit.edu.vn/en/curriculum-computer-engineering status=None
[2025-10-14T02:38:04.662536] https://oep.uit.edu.vn/en/curriculum-computer-network-communication status=None
[2025-10-14T02:38:05.312949] https://oep.uit.edu.vn/en/curriculum-software-engineering status=None
[2025-10-14T02:38:05.939363] https://oep.uit.edu.vn/en/curriculum-information-system status=None
[2025-10-14T02:38:06.515730] https://oep.uit.edu.vn/en/curriculum-information-safety status=None
[2025-10-14T02:38:07.076959] https://oep.uit.edu.vn/en/curriculum-honor-programs status=None
[2025-10-14T02:38:07.643749] https://oep.uit.edu.vn/en/curriculum-computer-science-bachelor status=None
[2025-10-14T02:38:08.201458] https://oep.uit.edu.vn/en/curriculum-information-safety-engineer status=None
[2025-10-14T02:38:08.903947] https://oep.uit.edu.vn/en/academic-plan-advanced-programs status=None
[2025-10-14T02:38:09.521759] https://oep.uit.edu.vn/en/academic-plan-computer-engineering status=None
[2025-10-14T02:38:10.207889] https://oep.uit.edu.vn/en/academic-plan-software-engineering status=None
[2025-10-14T02:38:10.815359] https://oep.uit.edu.vn/en/academic-plan-information-system status=None
[2025-10-14T02:38:11.426274] https://oep.uit.edu.vn/en/academic-plan-information-safety status=None
[2025-10-14T02:38:11.984641] https://oep.uit.edu.vn/en/academic-plan-computer-network-communication status=None
[2025-10-14T02:38:12.550113] https://oep.uit.edu.vn/en/academic-plan-computer-science status=None
[2025-10-14T02:38:13.091326] https://oep.uit.edu.vn/en/academic-plan-computer-science-bachelor status=None
[2025-10-14T02:38:13.633326] https://oep.uit.edu.vn/en/academic-plan-information-safety-engineer status=None
[2025-10-14T02:38:14.273248] https://oep.uit.edu.vn/en/giao-trinh/danh-muc-sach status=None
[2025-10-14T02:38:14.862721] https://oep.uit.edu.vn/en/taxonomy/term/138 status=None
[2025-10-14T02:38:15.433224] https://oep.uit.edu.vn/en/admission-information-high-quality-programs status=None
[2025-10-14T02:38:16.057661] https://oep.uit.edu.vn/vi/node/636 status=None
[2025-10-14T02:38:16.664357] https://oep.uit.edu.vn/vi/lien-he#main status=None
[2025-10-14T02:38:17.260377] https://oep.uit.edu.vn/vi/lien-he#main-nav status=None
[2025-10-14T02:38:17.731389] https://oep.uit.edu.vn/sites/oep/files/202503/internal status=None
[2025-10-14T02:38:18.194164] https://oep.uit.edu.vn/sites/oep/files/202503/external status=None
[2025-10-14T02:38:18.721513] https://oep.uit.edu.vn/vi/node/1094 status=None
[2025-10-14T02:38:19.256994] https://oep.uit.edu.vn/vi/tong-quan#main status=None
[2025-10-14T02:38:19.789012] https://oep.uit.edu.vn/vi/tong-quan#main-nav status=None
[2025-10-14T02:38:20.029895] https://oep.uit.edu.vn/sites/oep/files/uploads/vpctdb.png status=None
[2025-10-14T02:38:20.480662] https://oep.uit.edu.vn/vi/gallery-category/internal status=None
[2025-10-14T02:38:20.960809] https://oep.uit.edu.vn/vi/gallery-category/external status=None
[2025-10-14T02:38:21.525039] https://oep.uit.edu.vn/vi/taxonomy/term/140 status=None
[2025-10-14T02:38:21.717539] https://oep.uit.edu.vn/sites/oep/files/js/js_EfXojdcmY8ms_QZ2NsJbBc6eZ7Y7ZFtTu4kRyI7Kzxg.js status=None
[2025-10-14T02:38:22.251869] https://oep.uit.edu.vn/vi/gallery-category/hoc-tap#main status=None
[2025-10-14T02:38:22.812961] https://oep.uit.edu.vn/vi/gallery-category/hoc-tap#main-nav status=None
[2025-10-14T02:38:23.365294] https://oep.uit.edu.vn/en/taxonomy/term/140 status=None
[2025-10-14T02:38:23.924750] https://oep.uit.edu.vn/vi/gallery/phuong-phap-hoc-tap-bac-dai-hoc-hanh-trang-thiet-thuc-cho-tan-sinh-vien-oep-2025 status=None
[2025-10-14T02:38:24.099442] https://oep.uit.edu.vn/sites/oep/files/styles/gallery_medium_thumbnail/public/photos/thumbnail/202509/2025pphtdh9.jpg?itok=EtgfmERr status=None
[2025-10-14T02:38:24.636260] https://oep.uit.edu.vn/vi/gallery/tu-tin-nang-trinh-tieng-anh-truyen-cam-hung-hoc-tap-cho-sinh-vien-uit status=None
[2025-10-14T02:38:24.817932] https://oep.uit.edu.vn/sites/oep/files/styles/gallery_medium_thumbnail/public/photos/thumbnail/202509/554320928_1352885090176252_8246066679365013856_n.jpg?itok=drz6tbnC status=None
[2025-10-14T02:38:25.336255] https://oep.uit.edu.vn/vi/gallery/khai-giang-lop-ielts-danh-cho-sinh-vien-chuong-trinh-tai-nang-uit status=None
[2025-10-14T02:38:25.533196] https://oep.uit.edu.vn/sites/oep/files/styles/gallery_medium_thumbnail/public/photos/thumbnail/202504/1.jpg?itok=pFeI1GBN status=None
[2025-10-14T02:38:26.071652] https://oep.uit.edu.vn/vi/gallery/khai-giang-va-gap-mat-tsv-bcu-khoa-2019 status=None
[2025-10-14T02:38:26.264882] https://oep.uit.edu.vn/sites/oep/files/styles/gallery_medium_thumbnail/public/photos/thumbnail/202504/untitled-2.jpg?itok=o7qEE89G status=None
[2025-10-14T02:38:26.773587] https://oep.uit.edu.vn/vi/gallery/tap-huan-ky-nang-hoc-tap-bac-dh-khoa-2019 status=None
[2025-10-14T02:38:26.997291] https://oep.uit.edu.vn/sites/oep/files/styles/gallery_medium_thumbnail/public/photos/thumbnail/202504/untitled-3.jpg?itok=28k13Pd- status=None
[2025-10-14T02:38:27.188904] https://oep.uit.edu.vn/sites/oep/files/styles/gallery_medium_thumbnail/public/photos/thumbnail/202504/untitled-4.jpg?itok=wPbo4taa status=None
[2025-10-14T02:38:27.375887] https://oep.uit.edu.vn/sites/oep/files/styles/gallery_medium_thumbnail/public/photos/thumbnail/201902/img_20190222_081716_960_0.jpg?itok=v_8RkpTk status=None
[2025-10-14T02:38:27.561707] https://oep.uit.edu.vn/sites/oep/files/styles/gallery_medium_thumbnail/public/photos/thumbnail/201902/51929237_1180482732120180_5257608623973990400_o.jpg?itok=rLtHci5E status=None
[2025-10-14T02:38:27.756945] https://oep.uit.edu.vn/sites/oep/files/styles/gallery_medium_thumbnail/public/photos/thumbnail/201812/48378056_530079570827858_8802883820769509376_o.jpg?itok=sKtT5DxL status=None
[2025-10-14T02:38:27.938539] https://oep.uit.edu.vn/sites/oep/files/styles/gallery_medium_thumbnail/public/photos/thumbnail/201812/48329456_526120264557122_3300624638320574464_o_526120257890456_0.jpg?itok=7cz3YvxF status=None
[2025-10-14T02:38:28.124859] https://oep.uit.edu.vn/sites/oep/files/styles/gallery_medium_thumbnail/public/photos/thumbnail/201810/44775278_1135231036640490_2174276229518065664_o.jpg?itok=kkq7ZqA6 status=None
[2025-10-14T02:38:28.651175] https://oep.uit.edu.vn/vi/gallery/le-tot-nghiep-dot-1-2017 status=None
[2025-10-14T02:38:28.825215] https://oep.uit.edu.vn/sites/oep/files/styles/gallery_medium_thumbnail/public/photos/thumbnail/201706/1_0.png?itok=_CsOaios status=None
[2025-10-14T02:38:29.346322] https://oep.uit.edu.vn/vi/gallery-category/hoc-tap?page=1 status=None
[2025-10-14T02:38:29.893724] https://oep.uit.edu.vn/vi/taxonomy/term/139 status=None
[2025-10-14T02:38:30.469390] https://oep.uit.edu.vn/vi/gallery-category/hoat-dong#main status=None
[2025-10-14T02:38:31.109918] https://oep.uit.edu.vn/vi/gallery-category/hoat-dong#main-nav status=None
[2025-10-14T02:38:31.315454] https://oep.uit.edu.vn/en/taxonomy/term/139 status=None
[2025-10-14T02:38:31.518377] https://oep.uit.edu.vn/vi/gallery/teambuilding-oep-2025-vung-vang-ket-noi-khong-ngung-vuon-cao status=None
[2025-10-14T02:38:31.723314] https://oep.uit.edu.vn/sites/oep/files/styles/gallery_medium_thumbnail/public/photos/thumbnail/202509/2025tbd_resize17.jpg?itok=p08KW1X7 status=None
[2025-10-14T02:38:32.277372] https://oep.uit.edu.vn/vi/gallery/tap-huan-phuong-phap-hoc-tap-bac-dai-hoc-danh-cho-tan-sinh-vien-oep-2025 status=None
[2025-10-14T02:38:32.455095] https://oep.uit.edu.vn/sites/oep/files/styles/gallery_medium_thumbnail/public/photos/thumbnail/202509/0_copy.jpg?itok=dq8HSR8h status=None
[2025-10-14T02:38:32.656545] https://oep.uit.edu.vn/vi/gallery/uit-lam-viec-voi-bcu-va-mo-rong-ket-noi-nghien-cuu-o-anh status=None
[2025-10-14T02:38:32.844908] https://oep.uit.edu.vn/sites/oep/files/styles/gallery_medium_thumbnail/public/photos/thumbnail/202506/bia_1_0.jpg?itok=S9UjMmk2 status=None
[2025-10-14T02:38:33.046197] https://oep.uit.edu.vn/vi/gallery/uoc-nguyen-den-nhung-vi-sao-khi-van-hoa-gan-ket-nhung-trai-tim-yeu-nhat-ban status=None
[2025-10-14T02:38:33.281230] https://oep.uit.edu.vn/sites/oep/files/styles/gallery_medium_thumbnail/public/photos/thumbnail/202506/0_0.jpg?itok=OGxMQdc2 status=None
[2025-10-14T02:38:33.489258] https://oep.uit.edu.vn/vi/gallery/ngay-hoi-van-hoa-nhat-ban-2025 status=None
[2025-10-14T02:38:33.719198] https://oep.uit.edu.vn/sites/oep/files/styles/gallery_medium_thumbnail/public/photos/thumbnail/202505/2.jpg?itok=u6v_03qM status=None
[2025-10-14T02:38:33.923744] https://oep.uit.edu.vn/vi/gallery/chuyen-de-ky-nang-mem-thang-52025-toan-so-phong-chong-lua-dao-trong-linh-vuc-cntt status=None
[2025-10-14T02:38:34.152462] https://oep.uit.edu.vn/sites/oep/files/styles/gallery_medium_thumbnail/public/photos/thumbnail/202505/0_1.jpg?itok=mdxBlIAb status=None
[2025-10-14T02:38:34.362248] https://oep.uit.edu.vn/vi/gallery/le-tot-nghiep-chuong-trinh-lien-ket-bcu-2025-cot-moc-dang-nho-cua-nhung-hanh-trinh-vuon-tam status=None
[2025-10-14T02:38:34.542855] https://oep.uit.edu.vn/sites/oep/files/styles/gallery_medium_thumbnail/public/photos/thumbnail/202504/0.jpg?itok=Lc1RlWu8 status=None
[2025-10-14T02:38:34.747151] https://oep.uit.edu.vn/vi/gallery/le-trao-hoc-bong-uit-advanced-sinh-vien-dang-cap-quoc-te-dot-2-2024 status=None
[2025-10-14T02:38:34.980103] https://oep.uit.edu.vn/sites/oep/files/styles/gallery_medium_thumbnail/public/photos/thumbnail/202504/13-2_1.jpg?itok=0CST8fXw status=None
[2025-10-14T02:38:35.183126] https://oep.uit.edu.vn/vi/gallery/workshop-khoi-nghiep-sang-tao-2019 status=None
[2025-10-14T02:38:35.379543] https://oep.uit.edu.vn/sites/oep/files/styles/gallery_medium_thumbnail/public/photos/thumbnail/202504/untitled-1.jpg?itok=j0SxdJDi status=None
[2025-10-14T02:38:35.913310] https://oep.uit.edu.vn/vi/gallery/giao-vien-o-bcu-vuong-quoc-anh-sang-tham-sv-khi-cac-ban-hoc-lop-academic-english status=None
[2025-10-14T02:38:36.120685] https://oep.uit.edu.vn/sites/oep/files/styles/gallery_medium_thumbnail/public/photos/thumbnail/201910/4.jpg?itok=isRLZGcU status=None
[2025-10-14T02:38:36.676611] https://oep.uit.edu.vn/vi/gallery/chuong-trinh-gioi-thieu-cac-clb-ngoai-ngu-uit status=None
[2025-10-14T02:38:36.930594] https://oep.uit.edu.vn/sites/oep/files/styles/gallery_medium_thumbnail/public/photos/thumbnail/201909/img_08612-min.jpg?itok=C5ixfKce status=None
[2025-10-14T02:38:37.506008] https://oep.uit.edu.vn/vi/gallery/team-building-2019 status=None
[2025-10-14T02:38:37.711645] https://oep.uit.edu.vn/sites/oep/files/styles/gallery_medium_thumbnail/public/photos/thumbnail/201909/img_20190908_091905-min.jpg?itok=KK2j6msd status=None
[2025-10-14T02:38:38.251294] https://oep.uit.edu.vn/vi/gallery-category/hoat-dong?page=1 status=None
[2025-10-14T02:38:38.458804] https://oep.uit.edu.vn/vi/gallery-category/hoat-dong?page=2 status=None
[2025-10-14T02:38:38.660314] https://oep.uit.edu.vn/vi/node/629 status=None
[2025-10-14T02:38:38.857770] https://oep.uit.edu.vn/sites/oep/files/js/js_CF-QWP5vwoVYJMBRUqqsHGdWQ9JWdqMnqni4d3n2tbU.js status=None
[2025-10-14T02:38:39.108433] https://oep.uit.edu.vn/sites/oep/files/js/js_fh5MVxUqtN78CmlEAUoJaZ8A8x9EvRHJCPmm9v41OBg.js status=None
[2025-10-14T02:38:39.686427] https://oep.uit.edu.vn/vi/doi-ngu-giang-vien#main status=None
[2025-10-14T02:38:40.250323] https://oep.uit.edu.vn/vi/doi-ngu-giang-vien#main-nav status=None
[2025-10-14T02:38:40.825089] https://oep.uit.edu.vn/vi/category/chuong-trinh-tien-tien status=None
[2025-10-14T02:38:41.409117] https://oep.uit.edu.vn/vi/tb-lich-thi-anh-van-4-chuong-trinh-tien-tien-eng04p21cttt status=None
[2025-10-14T02:38:41.997613] https://oep.uit.edu.vn/vi/doi-ngu-giang-vien?page=1 status=None
[2025-10-14T02:38:42.560465] https://oep.uit.edu.vn/vi/node/627 status=None
[2025-10-14T02:38:43.127290] https://oep.uit.edu.vn/vi/chuong-trinh-tien-tien#main status=None
[2025-10-14T02:38:43.703263] https://oep.uit.edu.vn/vi/chuong-trinh-tien-tien#main-nav status=None
[2025-10-14T02:38:43.892946] https://oep.uit.edu.vn/sites/oep/files/images/picture/2.jpg status=None
[2025-10-14T02:38:44.083370] https://oep.uit.edu.vn/sites/oep/files/images/picture/1.jpg status=None
[2025-10-14T02:38:44.267435] https://oep.uit.edu.vn/sites/oep/files/uploads/images/201607/aep_2.jpg status=None
[2025-10-14T02:38:44.822254] https://oep.uit.edu.vn/vi/chuong-trinh-tien-tien?page=1 status=None
[2025-10-14T02:38:45.365516] https://oep.uit.edu.vn/vi/node/628 status=None
[2025-10-14T02:38:45.929474] https://oep.uit.edu.vn/vi/truong-dh-oklahoma#main status=None
[2025-10-14T02:38:46.474638] https://oep.uit.edu.vn/vi/truong-dh-oklahoma#main-nav status=None
[2025-10-14T02:38:46.658560] https://oep.uit.edu.vn/sites/oep/files/uploads/osu.jpg status=None
[2025-10-14T02:38:46.845885] https://oep.uit.edu.vn/sites/oep/files/uploads/osu1.jpg status=None
[2025-10-14T02:38:47.385743] https://oep.uit.edu.vn/vi/truong-dh-oklahoma?page=1 status=None
[2025-10-14T02:38:47.949036] https://oep.uit.edu.vn/vi/node/1068 status=None
[2025-10-14T02:38:48.492571] https://oep.uit.edu.vn/vi/tong-quan-ve-chuong-trinh-chat-luong-cao#main status=None
[2025-10-14T02:38:49.060154] https://oep.uit.edu.vn/vi/tong-quan-ve-chuong-trinh-chat-luong-cao#main-nav status=None
[2025-10-14T02:38:49.642585] https://oep.uit.edu.vn/vi/category/chuong-trinh-chat-luong-cao status=None
[2025-10-14T02:38:49.833434] https://oep.uit.edu.vn/sites/oep/files/uploads/images/201812/clc_1.png status=None
[2025-10-14T02:38:50.645472] https://oep.uit.edu.vn/vi/nganh-thuong-mai-dien-tu status=None
[2025-10-14T02:38:51.195832] https://oep.uit.edu.vn/vi/tong-quan-ve-chuong-trinh-chat-luong-cao?page=1 status=None
[2025-10-14T02:38:51.759583] https://oep.uit.edu.vn/vi/tong-quan-ve-chuong-trinh-chat-luong-cao?page=2 status=None
[2025-10-14T02:38:52.311970] https://oep.uit.edu.vn/vi/tong-quan-ve-chuong-trinh-chat-luong-cao?page=3 status=None
[2025-10-14T02:38:52.856964] https://oep.uit.edu.vn/vi/tong-quan-ve-chuong-trinh-chat-luong-cao?page=4 status=None
[2025-10-14T02:38:53.385655] https://oep.uit.edu.vn/vi/node/2442 status=None
[2025-10-14T02:38:53.936475] https://oep.uit.edu.vn/vi/tong-quan-nganh-ky-thuat-may-tinh#main status=None
[2025-10-14T02:38:54.475915] https://oep.uit.edu.vn/vi/tong-quan-nganh-ky-thuat-may-tinh#main-nav status=None
[2025-10-14T02:39:00.751667] http://ce.uit.edu.vn status=None
[2025-10-14T02:39:00.934031] https://oep.uit.edu.vn/sites/oep/files/uploads/images/201607/poster-2015-clc2.jpg status=None
[2025-10-14T02:39:01.510431] https://oep.uit.edu.vn/vi/tong-quan-nganh-ky-thuat-may-tinh?page=1 status=None
[2025-10-14T02:39:02.078558] https://oep.uit.edu.vn/vi/tong-quan-nganh-ky-thuat-may-tinh?page=2 status=None
[2025-10-14T02:39:02.637154] https://oep.uit.edu.vn/vi/tong-quan-nganh-ky-thuat-may-tinh?page=3 status=None
[2025-10-14T02:39:03.175547] https://oep.uit.edu.vn/vi/tong-quan-nganh-ky-thuat-may-tinh?page=4 status=None
[2025-10-14T02:39:03.735038] https://oep.uit.edu.vn/vi/node/2440 status=None
[2025-10-14T02:39:04.336709] https://oep.uit.edu.vn/vi/tong-quan-nganh-ky-thuat-phan-mem#main status=None
[2025-10-14T02:39:04.902796] https://oep.uit.edu.vn/vi/tong-quan-nganh-ky-thuat-phan-mem#main-nav status=None
[2025-10-14T02:39:06.815448] http://www.se.uit.edu.vn/ status=None
[2025-10-14T02:39:07.005238] https://oep.uit.edu.vn/sites/oep/files/uploads/images/201607/clc_ktpm_truoc.jpg status=None
[2025-10-14T02:39:07.207043] https://oep.uit.edu.vn/sites/oep/files/uploads/images/201607/clc_ktpm_sau_05.jpg status=None
[2025-10-14T02:39:07.748843] https://oep.uit.edu.vn/vi/tong-quan-nganh-ky-thuat-phan-mem?page=1 status=None
[2025-10-14T02:39:08.293577] https://oep.uit.edu.vn/vi/tong-quan-nganh-ky-thuat-phan-mem?page=2 status=None
[2025-10-14T02:39:08.846054] https://oep.uit.edu.vn/vi/tong-quan-nganh-ky-thuat-phan-mem?page=3 status=None
[2025-10-14T02:39:09.406665] https://oep.uit.edu.vn/vi/tong-quan-nganh-ky-thuat-phan-mem?page=4 status=None
[2025-10-14T02:39:10.019220] https://oep.uit.edu.vn/vi/node/2441 status=None
[2025-10-14T02:39:10.624628] https://oep.uit.edu.vn/vi/tong-quan-nganh-he-thong-thong-tin#main status=None
[2025-10-14T02:39:11.235262] https://oep.uit.edu.vn/vi/tong-quan-nganh-he-thong-thong-tin#main-nav status=None
[2025-10-14T02:39:12.415133] http://httt.uit.edu.vn status=None
[2025-10-14T02:39:12.608084] https://oep.uit.edu.vn/sites/oep/files/uploads/images/201607/clc_1.jpg status=None
[2025-10-14T02:39:12.794940] https://oep.uit.edu.vn/sites/oep/files/uploads/images/201607/clc_2.jpg status=None
[2025-10-14T02:39:13.428817] https://oep.uit.edu.vn/vi/tong-quan-nganh-he-thong-thong-tin?page=1 status=None
[2025-10-14T02:39:14.053661] https://oep.uit.edu.vn/vi/tong-quan-nganh-he-thong-thong-tin?page=2 status=None
[2025-10-14T02:39:14.650758] https://oep.uit.edu.vn/vi/tong-quan-nganh-he-thong-thong-tin?page=3 status=None
[2025-10-14T02:39:15.276398] https://oep.uit.edu.vn/vi/tong-quan-nganh-he-thong-thong-tin?page=4 status=None
[2025-10-14T02:39:15.823878] https://oep.uit.edu.vn/vi/node/2445 status=None
[2025-10-14T02:39:16.373403] https://oep.uit.edu.vn/vi/tong-quan-nganh-toan-thong-tin#main status=None
[2025-10-14T02:39:16.918607] https://oep.uit.edu.vn/vi/tong-quan-nganh-toan-thong-tin#main-nav status=None
[2025-10-14T02:39:17.465806] https://oep.uit.edu.vn/vi/tong-quan-nganh-toan-thong-tin?page=1 status=None
[2025-10-14T02:39:18.044426] https://oep.uit.edu.vn/vi/tong-quan-nganh-toan-thong-tin?page=2 status=None
[2025-10-14T02:39:18.591953] https://oep.uit.edu.vn/vi/tong-quan-nganh-toan-thong-tin?page=3 status=None
[2025-10-14T02:39:19.139949] https://oep.uit.edu.vn/vi/tong-quan-nganh-toan-thong-tin?page=4 status=None
[2025-10-14T02:39:19.701097] https://oep.uit.edu.vn/vi/node/2446 status=None
[2025-10-14T02:39:20.278651] https://oep.uit.edu.vn/vi/tong-quan-nganh-mang-may-tinh-truyen-thong-du-lieu#main status=None
[2025-10-14T02:39:20.847033] https://oep.uit.edu.vn/vi/tong-quan-nganh-mang-may-tinh-truyen-thong-du-lieu#main-nav status=None
[2025-10-14T02:39:21.739174] http://oep.uit.edu.vn status=None
[2025-10-14T02:39:22.691454] http://nc.uit.edu.vn status=None
[2025-10-14T02:39:23.276414] https://oep.uit.edu.vn/vi/tong-quan-nganh-mang-may-tinh-truyen-thong-du-lieu?page=1 status=None
[2025-10-14T02:39:23.835394] https://oep.uit.edu.vn/vi/tong-quan-nganh-mang-may-tinh-truyen-thong-du-lieu?page=2 status=None
[2025-10-14T02:39:24.404982] https://oep.uit.edu.vn/vi/tong-quan-nganh-mang-may-tinh-truyen-thong-du-lieu?page=3 status=None
[2025-10-14T02:39:24.943114] https://oep.uit.edu.vn/vi/tong-quan-nganh-mang-may-tinh-truyen-thong-du-lieu?page=4 status=None
[2025-10-14T02:39:25.517668] https://oep.uit.edu.vn/vi/node/2444 status=None
[2025-10-14T02:39:26.107061] https://oep.uit.edu.vn/vi/tong-quan-nganh-khoa-hoc-may-tinh#main status=None
[2025-10-14T02:39:26.685619] https://oep.uit.edu.vn/vi/tong-quan-nganh-khoa-hoc-may-tinh#main-nav status=None
[2025-10-14T02:39:27.486914] http://oep.uit.edu.vn/ status=None
[2025-10-14T02:39:29.026555] http://cs.uit.edu.vn/ status=None
[2025-10-14T02:39:29.678603] https://oep.uit.edu.vn/vi/tong-quan-nganh-khoa-hoc-may-tinh?page=1 status=None
[2025-10-14T02:39:30.256399] https://oep.uit.edu.vn/vi/tong-quan-nganh-khoa-hoc-may-tinh?page=2 status=None
[2025-10-14T02:39:30.847686] https://oep.uit.edu.vn/vi/tong-quan-nganh-khoa-hoc-may-tinh?page=3 status=None
[2025-10-14T02:39:31.420813] https://oep.uit.edu.vn/vi/tong-quan-nganh-khoa-hoc-may-tinh?page=4 status=None
[2025-10-14T02:39:31.961849] https://oep.uit.edu.vn/vi/node/4569 status=None
[2025-10-14T02:39:32.507936] https://oep.uit.edu.vn/vi/nganh-cong-nghe-thong-tin-chat-luong-cao-dinh-huong-nhat-ban#main status=None
[2025-10-14T02:39:33.053577] https://oep.uit.edu.vn/vi/nganh-cong-nghe-thong-tin-chat-luong-cao-dinh-huong-nhat-ban#main-nav status=None
[2025-10-14T02:39:33.673727] https://oep.uit.edu.vn/vi/node/5626 status=None
[2025-10-14T02:39:34.282972] https://oep.uit.edu.vn/vi/tong-quan-nganh-thuong-mai-dien-tu#main status=None
[2025-10-14T02:39:34.908986] https://oep.uit.edu.vn/vi/tong-quan-nganh-thuong-mai-dien-tu#main-nav status=None
[2025-10-14T02:39:35.544717] https://oep.uit.edu.vn/vi/tong-quan-nganh-thuong-mai-dien-tu?page=1 status=None
[2025-10-14T02:39:36.147548] https://oep.uit.edu.vn/vi/tong-quan-nganh-thuong-mai-dien-tu?page=2 status=None
[2025-10-14T02:39:36.742609] https://oep.uit.edu.vn/vi/tong-quan-nganh-thuong-mai-dien-tu?page=3 status=None
[2025-10-14T02:39:37.358586] https://oep.uit.edu.vn/vi/tong-quan-nganh-thuong-mai-dien-tu?page=4 status=None
[2025-10-14T02:39:37.911113] https://oep.uit.edu.vn/vi/node/1070 status=None
[2025-10-14T02:39:38.459332] https://oep.uit.edu.vn/vi/tong-quan-ve-chuong-trinh-tai-nang#main status=None
[2025-10-14T02:39:39.021455] https://oep.uit.edu.vn/vi/tong-quan-ve-chuong-trinh-tai-nang#main-nav status=None
[2025-10-14T02:39:39.599725] https://oep.uit.edu.vn/vi/category/chuong-trinh-tai-nang status=None
[2025-10-14T02:39:40.206085] https://oep.uit.edu.vn/vi/2025-uit-tuyen-sinh-chuong-trinh-tai-nang-nam-2025 status=None
[2025-10-14T02:39:40.764821] https://oep.uit.edu.vn/vi/recap-gap-mat-tsv-chuong-trinh-tai-nang-2024 status=None
[2025-10-14T02:39:41.647634] https://oep.uit.edu.vn/vi/ks-trien-khai-khao-sat-sv-cttn-cap-dhqg-hcm status=None
[2025-10-14T02:39:42.284697] https://oep.uit.edu.vn/vi/tb-ket-qua-du-kien-sv-nhan-giai-thuong-sv-tai-nang-cham-toi-dinh-cao-dot-1-nam-2022 status=None
[2025-10-14T02:39:42.879624] https://oep.uit.edu.vn/vi/tong-quan-ve-chuong-trinh-tai-nang?page=1 status=None
[2025-10-14T02:39:43.453428] https://oep.uit.edu.vn/vi/tong-quan-ve-chuong-trinh-tai-nang?page=2 status=None
[2025-10-14T02:39:44.013519] https://oep.uit.edu.vn/vi/node/2443 status=None
[2025-10-14T02:39:44.581027] https://oep.uit.edu.vn/vi/cu-nhan-tai-nang-nganh-toan-thong-tin#main status=None
[2025-10-14T02:39:45.154452] https://oep.uit.edu.vn/vi/cu-nhan-tai-nang-nganh-toan-thong-tin#main-nav status=None
[2025-10-14T02:39:45.356587] https://oep.uit.edu.vn/sites/oep/files/uploads/images/201607/posterantt2016.jpg status=None
[2025-10-14T02:39:45.916060] https://oep.uit.edu.vn/vi/cu-nhan-tai-nang-nganh-toan-thong-tin?page=1 status=None
[2025-10-14T02:39:46.511077] https://oep.uit.edu.vn/vi/cu-nhan-tai-nang-nganh-toan-thong-tin?page=2 status=None
[2025-10-14T02:39:47.065298] https://oep.uit.edu.vn/vi/node/2439 status=None
[2025-10-14T02:39:47.646209] https://oep.uit.edu.vn/vi/cu-nhan-tai-nang-nganh-khoa-hoc-may-tinh#main status=None
[2025-10-14T02:39:48.229812] https://oep.uit.edu.vn/vi/cu-nhan-tai-nang-nganh-khoa-hoc-may-tinh#main-nav status=None
[2025-10-14T02:39:49.663572] http://cs.uit.edu.vn status=None
[2025-10-14T02:39:49.863052] https://oep.uit.edu.vn/sites/oep/files/uploads/images/201607/cntn_poster_khmt.jpg status=None
[2025-10-14T02:39:50.452413] https://oep.uit.edu.vn/vi/cu-nhan-tai-nang-nganh-khoa-hoc-may-tinh?page=1 status=None
[2025-10-14T02:39:51.025046] https://oep.uit.edu.vn/vi/cu-nhan-tai-nang-nganh-khoa-hoc-may-tinh?page=2 status=None
[2025-10-14T02:39:51.651515] https://oep.uit.edu.vn/vi/node/23797 status=None
[2025-10-14T02:39:52.241431] https://oep.uit.edu.vn/vi/cu-nhan-tai-nang-thiet-ke-vi-mach#main status=None
[2025-10-14T02:39:52.822258] https://oep.uit.edu.vn/vi/cu-nhan-tai-nang-thiet-ke-vi-mach#main-nav status=None
[2025-10-14T02:39:53.007202] https://oep.uit.edu.vn/sites/oep/files/uploads/files/202507/20250709_tkvm_thumbnail.jpg status=None
[2025-10-14T02:39:53.197237] https://oep.uit.edu.vn/sites/oep/files/uploads/files/202507/20250710_5_diem_dac_biet_tkvm.jpg status=None
[2025-10-14T02:39:53.771669] https://oep.uit.edu.vn/vi/cu-nhan-tai-nang-thiet-ke-vi-mach?page=1 status=None
[2025-10-14T02:39:54.349447] https://oep.uit.edu.vn/vi/cu-nhan-tai-nang-thiet-ke-vi-mach?page=2 status=None
[2025-10-14T02:39:54.905743] https://oep.uit.edu.vn/vi/node/23782 status=None
[2025-10-14T02:39:55.505488] https://oep.uit.edu.vn/vi/tong-quan-ve-chuong-trinh-lien-ket#main status=None
[2025-10-14T02:39:56.071644] https://oep.uit.edu.vn/vi/tong-quan-ve-chuong-trinh-lien-ket#main-nav status=None
[2025-10-14T02:39:56.274586] https://oep.uit.edu.vn/sites/oep/files/uploads/images/202507/ctlkqt_thumbnail.jpg status=None
[2025-10-14T02:39:57.073158] https://oep.uit.edu.vn status=None
[2025-10-14T02:39:57.654722] https://oep.uit.edu.vn/vi/node/5627 status=None
[2025-10-14T02:39:58.252623] https://oep.uit.edu.vn/vi/tong-quan-ve-chuong-trinh-lien-ket-bcu#main status=None
[2025-10-14T02:39:58.844751] https://oep.uit.edu.vn/vi/tong-quan-ve-chuong-trinh-lien-ket-bcu#main-nav status=None
[2025-10-14T02:39:59.403858] https://oep.uit.edu.vn/vi/category/chuong-trinh-lien-ket-bcu status=None
[2025-10-14T02:39:59.595989] https://oep.uit.edu.vn/sites/oep/files/lich_su_ra_doi.jpg status=None
[2025-10-14T02:39:59.781206] https://oep.uit.edu.vn/sites/oep/files/birmingham-city-map-in-uk1.jpg status=None
[2025-10-14T02:39:59.967583] https://oep.uit.edu.vn/sites/oep/files/sv_bcu.jpg status=None
[2025-10-14T02:40:00.170175] https://oep.uit.edu.vn/sites/oep/files/uploads/files/202507/202507_8_diem_noi_bat_bcu1.jpg status=None
[2025-10-14T02:40:00.786033] https://oep.uit.edu.vn/vi/nganh-khoa-hoc-may-tinh-bcu status=None
[2025-10-14T02:40:00.987435] https://oep.uit.edu.vn/sites/oep/files/uploads/files/202507/icon_nganh-01.png status=None
[2025-10-14T02:40:01.590556] https://oep.uit.edu.vn/vi/nganh-mang-may-tinh-va-toan-thong-tin-bcu status=None
[2025-10-14T02:40:01.778479] https://oep.uit.edu.vn/sites/oep/files/uploads/files/202507/icon_nganh-02.png status=None
[2025-10-14T02:40:02.428831] https://oep.uit.edu.vn/vi/bcu-thong-tin-tham-khao-ve-chi-phi-sinh-hoat-khi-hoc-tap-tai-vuong-quoc-anh status=None
[2025-10-14T02:40:03.225077] https://oep.uit.edu.vn/vi/bcutkb-thoi-khoa-bieu-hoc-ky-1-2025-2026-du-kien-chuong-trinh-lien-ket-voi-dai-hoc-birmingham-city status=None
[2025-10-14T02:40:03.950839] https://oep.uit.edu.vn/vi/danh-sach-sinh-vien-bcu-khoa-2024-du-kien-nhan-hoc-bong-khuyen-khich-hoc-tap status=None
[2025-10-14T02:40:04.552835] https://oep.uit.edu.vn/vi/test-bcu-bcu-english-proficiency-test-registration-dang-ky-kiem-tra-tieng-anh-dau-vao-danh-cho-0 status=None
[2025-10-14T02:40:05.168958] https://oep.uit.edu.vn/vi/tong-quan-ve-chuong-trinh-lien-ket-bcu?page=1 status=None
[2025-10-14T02:40:05.760411] https://oep.uit.edu.vn/vi/tong-quan-ve-chuong-trinh-lien-ket-bcu?page=2 status=None
[2025-10-14T02:40:06.343732] https://oep.uit.edu.vn/vi/tong-quan-ve-chuong-trinh-lien-ket-bcu?page=3 status=None
[2025-10-14T02:40:06.928115] https://oep.uit.edu.vn/vi/tong-quan-ve-chuong-trinh-lien-ket-bcu?page=4 status=None
[2025-10-14T02:40:07.523117] https://oep.uit.edu.vn/vi/node/23767 status=None
[2025-10-14T02:40:08.127260] https://oep.uit.edu.vn/vi/chuong-trinh-lien-ket-dai-hoc-newcastle#main status=None
[2025-10-14T02:40:08.707112] https://oep.uit.edu.vn/vi/chuong-trinh-lien-ket-dai-hoc-newcastle#main-nav status=None
[2025-10-14T02:40:09.284819] https://oep.uit.edu.vn/vi/category/chuong-trinh-lien-ket-uon status=None
[2025-10-14T02:40:09.487963] https://oep.uit.edu.vn/sites/oep/files/uploads/files/202507/university-of-newcastle.jpg status=None
[2025-10-14T02:40:10.076997] https://oep.uit.edu.vn/vi/ky-thuat-may-tinh-ky-thuat-he-thong-may-tinh-uon status=None
[2025-10-14T02:40:10.277263] https://oep.uit.edu.vn/sites/oep/files/uploads/files/202507/icon_nganh-03.png status=None
[2025-10-14T02:40:10.985649] https://oep.uit.edu.vn/vi/2025-hoc-bong-danh-cho-sinh-vien-chuong-trinh-lien-ket-voi-dh-newcastle-uc status=None
[2025-10-14T02:40:11.559476] https://oep.uit.edu.vn/vi/qdbm-quy-che-quy-dinh#main status=None
[2025-10-14T02:40:12.112066] https://oep.uit.edu.vn/vi/qdbm-quy-che-quy-dinh#main-nav status=None
[2025-10-14T02:40:12.689915] https://oep.uit.edu.vn/en/qdbm-quy-che-quy-dinh status=None
[2025-10-14T02:40:14.176342] https://oep.uit.edu.vn/vi/quy-dinh-chuc-quan-ly-chuong-trinh-lien-ket-dao-tao-voi-nuoc-ngoai-trinh-do-dai-hoc-tai-truong status=None
[2025-10-14T02:40:14.863106] https://oep.uit.edu.vn/vi/tb-thoi-diem-va-muc-thu-hoc-phi-gia-han-doi-voi-sv-he-dai-hoc-chinh-quy status=None
[2025-10-14T02:40:15.859343] https://oep.uit.edu.vn/vi/thoi-diem-va-muc-thu-hoc-phi-gia-han status=None
[2025-10-14T02:40:17.424575] https://oep.uit.edu.vn/vi/quy-che-dao-tao-theo-hoc-che-tin-chi status=None
[2025-10-14T02:40:18.848247] https://oep.uit.edu.vn/vi/quy-dinh-ve-dao-tao-chuong-trinh-tien-tien status=None
[2025-10-14T02:40:21.786202] https://oep.uit.edu.vn/vi/quy-dinh-ve-dao-tao-ngoai-ngu-va-huong-dan-thuc-hien status=None
[2025-10-14T02:40:24.436852] https://oep.uit.edu.vn/vi/quy-dinh-ve-dao-tao-chuong-trinh-tai-nang status=None
[2025-10-14T02:40:25.231049] https://oep.uit.edu.vn/vi/quyet-dinh-ve-viec-su-dung-diem-ren-luyen-de-xet-loai-tot-nghiep-cho-sinh-vien-he-chinh-quy-truong status=None
[2025-10-14T02:40:27.451421] https://oep.uit.edu.vn/vi/quy-dinh-ve-dao-tao-chuong-trinh-clc status=None
[2025-10-14T02:40:28.024086] https://oep.uit.edu.vn/vi/qdbm-bieu-mau#main status=None
[2025-10-14T02:40:28.582968] https://oep.uit.edu.vn/vi/qdbm-bieu-mau#main-nav status=None
[2025-10-14T02:40:29.144646] https://oep.uit.edu.vn/en/qdbm-bieu-mau status=None
[2025-10-14T02:40:29.746953] https://oep.uit.edu.vn/vi/dang-ky-hoc-phan status=None
[2025-10-14T02:40:30.330554] https://oep.uit.edu.vn/vi/mau-don-xet-mien-hoc-phan-anh-van status=None
[2025-10-14T02:40:31.029728] https://oep.uit.edu.vn/vi/mau-de-cuong-mon-hoc status=None
[2025-10-14T02:40:31.946494] https://oep.uit.edu.vn/vi/mau-khoa-luan-tot-nghiep status=None
[2025-10-14T02:40:32.592375] https://oep.uit.edu.vn/vi/mau-don-xet-tuyen-chuong-trinh-tai-nang status=None
[2025-10-14T02:40:33.261276] https://oep.uit.edu.vn/vi/bang-danh-gia-qua-trinh-thuc-tap status=None
[2025-10-14T02:40:33.884878] https://oep.uit.edu.vn/vi/giay-gioi-thieu status=None
[2025-10-14T02:40:34.479661] https://oep.uit.edu.vn/vi/don-de-nghi-xet-tot-nghiep status=None
[2025-10-14T02:40:35.174219] https://oep.uit.edu.vn/vi/bieu-mau-chuc-thi status=None
[2025-10-14T02:40:35.757061] https://oep.uit.edu.vn/vi/content/mau-so-yeu-ly-lich status=None
[2025-10-14T02:40:36.425607] https://daa.uit.edu.vn/chuong-trinh-dao-tao-tu-khoa-7-tro-di#main status=None
[2025-10-14T02:40:37.104984] https://daa.uit.edu.vn/chuong-trinh-dao-tao-tu-khoa-7-tro-di#main-nav status=None
[2025-10-14T02:40:38.341706] https://daa.uit.edu.vn/content/cu-nhan-nganh-cong-nghe-thong-tin-ap-dung-tu-khoa-19-2024 status=None
[2025-10-14T02:40:39.127149] https://daa.uit.edu.vn/content/cu-nhan-nganh-he-thong-thong-tin-ap-dung-tu-khoa-19-2024 status=None
[2025-10-14T02:40:39.842286] https://daa.uit.edu.vn/content/chuong-trinh-tien-tien-nganh-he-thong-thong-tin-ap-dung-tu-khoa-18-2023 status=None
[2025-10-14T02:40:40.544713] https://daa.uit.edu.vn/content/cu-nhan-nganh-khoa-hoc-may-tinh-chuong-trinh-lien-ket-voi-dh-birmingham-city-ap-dung-tu-0 status=None
[2025-10-14T02:40:41.260500] https://daa.uit.edu.vn/content/cu-nhan-nganh-mang-may-tinh-va-toan-thong-tin-chuong-trinh-lien-ket-voi-dh-birmingham-city-1 status=None
[2025-10-14T02:40:42.082719] https://daa.uit.edu.vn/content/cu-nhan-nganh-khoa-hoc-may-tinh-ap-dung-tu-khoa-19-2024 status=None
[2025-10-14T02:40:42.836949] https://daa.uit.edu.vn/content/cu-nhan-nganh-ky-thuat-phan-mem-ap-dung-tu-khoa-20-2025 status=None
[2025-10-14T02:40:43.633749] https://daa.uit.edu.vn/content/cu-nhan-nganh-tri-tue-nhan-tao-ap-dung-tu-khoa-19-2024 status=None
[2025-10-14T02:40:44.412576] https://daa.uit.edu.vn/content/cu-nhan-nganh-ky-thuat-may-tinh-ap-dung-tu-khoa-19-2024 status=None
[2025-10-14T02:40:45.227830] https://daa.uit.edu.vn/content/cu-nhan-nganh-ky-thuat-he-thong-may-tinh-chuong-trinh-lien-ket-voi-truong-dai-hoc-newcastle status=None
[2025-10-14T02:40:46.185750] https://daa.uit.edu.vn/content/cu-nhan-nganh-truyen-thong-da-phuong-tien-ap-dung-tu-khoa-20-2025 status=None
[2025-10-14T02:40:46.968610] https://daa.uit.edu.vn/content/cu-nhan-nganh-mang-may-tinh-va-truyen-thong-du-lieu-ap-dung-tu-khoa-19-2024 status=None
[2025-10-14T02:40:47.792683] https://daa.uit.edu.vn/content/cu-nhan-nganh-toan-thong-tin-ap-dung-tu-khoa-19-2024 status=None
[2025-10-14T02:40:48.553860] https://daa.uit.edu.vn/content/cu-nhan-nganh-thuong-mai-dien-tu-ap-dung-tu-khoa-19-2024 status=None
[2025-10-14T02:40:49.370597] https://daa.uit.edu.vn/content/chuong-trinh-dao-tao-song-nganh-nganh-thuong-mai-dien-tu-ap-dung-tu-khoa-19-2024 status=None
[2025-10-14T02:40:50.140140] https://daa.uit.edu.vn/content/cu-nhan-khoa-hoc-nganh-khoa-hoc-du-lieu-ap-dung-tu-khoa-19-2024 status=None
[2025-10-14T02:40:51.033721] https://daa.uit.edu.vn/content/cu-nhan-nganh-ky-thuat-phan-mem-ap-dung-tu-khoa-19-2024 status=None
[2025-10-14T02:40:52.191712] https://daa.uit.edu.vn/content/cu-nhan-nganh-cong-nghe-thong-tin-ap-dung-tu-khoa-18-2023 status=None
[2025-10-14T02:40:53.132880] https://daa.uit.edu.vn/content/cu-nhan-nganh-he-thong-thong-tin-ap-dung-tu-khoa-18-2023 status=None
[2025-10-14T02:40:53.945639] https://daa.uit.edu.vn/content/cu-nhan-nganh-khoa-hoc-may-tinh-ap-dung-tu-khoa-18-2023 status=None
[2025-10-14T02:40:54.775368] https://daa.uit.edu.vn/content/cu-nhan-nganh-tri-tue-nhan-tao-ap-dung-tu-khoa-18-2023 status=None
[2025-10-14T02:40:55.588594] https://daa.uit.edu.vn/content/cu-nhan-nganh-ky-thuat-phan-mem-ap-dung-tu-khoa-18-2023 status=None
[2025-10-14T02:40:56.412417] https://daa.uit.edu.vn/content/cu-nhan-nganh-mang-may-tinh-va-truyen-thong-du-lieu-ap-dung-tu-khoa-18-2023 status=None
[2025-10-14T02:40:57.188335] https://daa.uit.edu.vn/content/cu-nhan-nganh-an-toan-thong-tin-ap-dung-tu-khoa-18-2023 status=None
[2025-10-14T02:40:57.995094] https://daa.uit.edu.vn/content/cu-nhan-nganh-thuong-mai-dien-tu-ap-dung-tu-khoa-18-2023 status=None
[2025-10-14T02:40:58.767229] https://daa.uit.edu.vn/content/cu-nhan-khoa-hoc-nganh-khoa-hoc-du-lieu-ap-dung-tu-khoa-18-2023 status=None
[2025-10-14T02:40:59.802683] https://daa.uit.edu.vn/content/cu-nhan-nganh-cong-nghe-thong-tin-ap-dung-tu-khoa-17-2022 status=None
[2025-10-14T02:41:00.598569] https://daa.uit.edu.vn/content/cu-nhan-nganh-he-thong-thong-tin-ap-dung-tu-khoa-17-2022 status=None
[2025-10-14T02:41:01.345234] https://daa.uit.edu.vn/content/chuong-trinh-tien-tien-nganh-he-thong-thong-tin-ap-dung-tu-khoa-15-2020 status=None
[2025-10-14T02:41:02.032727] https://daa.uit.edu.vn/content/cu-nhan-nganh-khoa-hoc-may-tinh-chuong-trinh-lien-ket-voi-dh-birmingham-city-ap-dung-tu-khoa status=None
[2025-10-14T02:41:02.785290] https://daa.uit.edu.vn/content/cu-nhan-nganh-mang-may-tinh-va-toan-thong-tin-chuong-trinh-lien-ket-voi-dh-birmingham-city-0 status=None
[2025-10-14T02:41:03.672820] https://daa.uit.edu.vn/content/cu-nhan-nganh-khoa-hoc-may-tinh-ap-dung-tu-khoa-17-2022 status=None
[2025-10-14T02:41:04.454973] https://daa.uit.edu.vn/content/cu-nhan-nganh-tri-tue-nhan-tao-ap-dung-tu-khoa-17-2022 status=None
[2025-10-14T02:41:05.212489] https://daa.uit.edu.vn/content/cu-nhan-nganh-ky-thuat-phan-mem-ap-dung-tu-khoa-17-2022 status=None
[2025-10-14T02:41:06.032380] https://daa.uit.edu.vn/content/cu-nhan-nganh-mang-may-tinh-va-truyen-thong-du-lieu-ap-dung-tu-khoa-17-2022 status=None
[2025-10-14T02:41:06.819421] https://daa.uit.edu.vn/content/cu-nhan-nganh-toan-thong-tin-ap-dung-tu-khoa-17-2022 status=None
[2025-10-14T02:41:07.546393] https://daa.uit.edu.vn/content/cu-nhan-nganh-thuong-mai-dien-tu-ap-dung-tu-khoa-17-2022 status=None
[2025-10-14T02:41:08.404319] https://daa.uit.edu.vn/content/cu-nhan-khoa-hoc-nganh-khoa-hoc-du-lieu-ap-dung-tu-khoa-17-2022 status=None
[2025-10-14T02:41:09.524160] https://daa.uit.edu.vn/content/cu-nhan-nganh-cong-nghe-thong-tin-ap-dung-tu-khoa-15-2020 status=None
[2025-10-14T02:41:10.364657] https://daa.uit.edu.vn/content/cu-nhan-nganh-he-thong-thong-tin-ap-dung-tu-khoa-15-2020 status=None
[2025-10-14T02:41:11.054577] https://daa.uit.edu.vn/content/cu-nhan-nganh-khoa-hoc-may-tinh-chuong-trinh-lien-ket-voi-dh-birmingham-city status=None
[2025-10-14T02:41:11.855646] https://daa.uit.edu.vn/content/cu-nhan-nganh-khoa-hoc-may-tinh-ap-dung-tu-khoa-15-2020 status=None
[2025-10-14T02:41:12.596372] https://daa.uit.edu.vn/content/cu-nhan-nganh-ky-thuat-phan-mem-ap-dung-tu-khoa-15-2020 status=None
[2025-10-14T02:41:13.268528] https://daa.uit.edu.vn/content/cu-nhan-nganh-mang-may-tinh-va-toan-thong-tin-chuong-trinh-lien-ket-voi-dh-birmingham-city status=None
[2025-10-14T02:41:14.051547] https://daa.uit.edu.vn/content/cu-nhan-nganh-mang-may-tinh-va-truyen-thong-du-lieu-ap-dung-tu-khoa-15-2020 status=None
[2025-10-14T02:41:14.872341] https://daa.uit.edu.vn/content/cu-nhan-nganh-toan-thong-tin-ap-dung-tu-khoa-15-2020 status=None
[2025-10-14T02:41:15.641518] https://daa.uit.edu.vn/content/cu-nhan-nganh-thuong-mai-dien-tu-ap-dung-tu-khoa-15-2020 status=None
[2025-10-14T02:41:16.403741] https://daa.uit.edu.vn/content/cu-nhan-khoa-hoc-nganh-khoa-hoc-du-lieu-ap-dung-tu-khoa-15-2020 status=None
[2025-10-14T02:41:17.140562] https://daa.uit.edu.vn/content/cu-nhan-nganh-cong-nghe-thong-tin-chuong-trinh-lien-thong status=None
[2025-10-14T02:41:18.277877] https://daa.uit.edu.vn/content/cu-nhan-nganh-cong-nghe-thong-tin-ap-dung-tu-khoa-14-2019 status=None
[2025-10-14T02:41:19.213032] https://daa.uit.edu.vn/content/ky-su-nganh-he-thong-thong-tin-ap-dung-tu-khoa-14-2019 status=None
[2025-10-14T02:41:19.958220] https://daa.uit.edu.vn/content/chuong-trinh-tien-tien-ky-su-nganh-he-thong-thong-tin-ap-dung-tu-khoa-14-2019 status=None
[2025-10-14T02:41:20.813982] https://daa.uit.edu.vn/content/cu-nhan-nganh-khoa-hoc-may-tinh-ap-dung-tu-khoa-14-2019 status=None
[2025-10-14T02:41:21.583509] https://daa.uit.edu.vn/content/ky-su-nganh-ky-thuat-phan-mem-ap-dung-tu-khoa-14-2019 status=None
[2025-10-14T02:41:22.403479] https://daa.uit.edu.vn/content/ky-su-nganh-ky-thuat-may-tinh-ap-dung-tu-khoa-14-2019 status=None
[2025-10-14T02:41:23.217737] https://daa.uit.edu.vn/content/ky-su-nganh-mang-may-tinh-va-truyen-thong-du-lieu-ap-dung-tu-khoa-14-2019 status=None
[2025-10-14T02:41:24.033157] https://daa.uit.edu.vn/content/ky-su-nganh-toan-thong-tin-ap-dung-tu-khoa-14-2019 status=None
[2025-10-14T02:41:24.885368] https://daa.uit.edu.vn/content/cu-nhan-nganh-thuong-mai-dien-tu-ap-dung-tu-khoa-14-2019 status=None
[2025-10-14T02:41:25.652256] https://daa.uit.edu.vn/content/cu-nhan-khoa-hoc-nganh-khoa-hoc-du-lieu-ap-dung-tu-khoa-14-2019 status=None
[2025-10-14T02:41:26.440331] https://daa.uit.edu.vn/content/cu-nhan-nganh-cong-nghe-thong-tin-ap-dung-tu-khoa-12-2017 status=None
[2025-10-14T02:41:27.262567] https://daa.uit.edu.vn/content/nganh-cong-nghe-thong-tin-chat-luong-cao-dinh-huong-nhat-ban status=None
[2025-10-14T02:41:28.111575] https://daa.uit.edu.vn/content/ky-su-nganh-he-thong-thong-tin-ap-dung-tu-khoa-12-2017 status=None
[2025-10-14T02:41:28.823703] https://daa.uit.edu.vn/content/chuong-trinh-tien-tien-nganh-he-thong-thong-tin-ap-dung-tu-khoa-13-2018 status=None
[2025-10-14T02:41:29.739820] https://daa.uit.edu.vn/content/cu-nhan-nganh-khoa-hoc-may-tinh-ap-dung-tu-khoa-12-2017 status=None
[2025-10-14T02:41:30.572622] https://daa.uit.edu.vn/content/ky-su-nganh-ky-thuat-phan-mem-ap-dung-tu-khoa-12-2017 status=None
[2025-10-14T02:41:31.414888] https://daa.uit.edu.vn/content/ky-su-nganh-ky-thuat-may-tinh-ap-dung-tu-khoa-12-2017 status=None
[2025-10-14T02:41:32.173314] https://daa.uit.edu.vn/content/ky-su-nganh-mang-may-tinh-va-truyen-thong-du-lieu-ap-dung-tu-khoa-13-2018 status=None
[2025-10-14T02:41:32.969435] https://daa.uit.edu.vn/content/ky-su-nganh-toan-thong-tin-ap-dung-tu-khoa-12-2017 status=None
[2025-10-14T02:41:33.816197] https://daa.uit.edu.vn/content/cu-nhan-nganh-thuong-mai-dien-tu-ap-dung-tu-khoa-13-2018 status=None
[2025-10-14T02:41:34.548987] https://daa.uit.edu.vn/content/cu-nhan-khoa-hoc-nganh-khoa-hoc-du-lieu-ap-dung-tu-khoa-13-2018 status=None
[2025-10-14T02:41:35.251600] https://daa.uit.edu.vn/content/chuong-trinh-tien-tien-nganh-he-thong-thong-tin-ap-dung-tu-khoa-12-2017 status=None
[2025-10-14T02:41:36.046503] https://daa.uit.edu.vn/content/ky-su-nganh-truyen-thong-va-mang-may-tinh-ap-dung-tu-khoa-12-2017 status=None
[2025-10-14T02:41:36.871749] https://daa.uit.edu.vn/content/ky-su-nganh-he-thong-thong-tin-chuyen-nganh-thuong-mai-dien-tu-ap-dung-tu-khoa-12-2017 status=None
[2025-10-14T02:41:37.580959] https://daa.uit.edu.vn/content/cu-nhan-nganh-cong-nghe-thong-tin-ap-dung-tu-khoa-11-2016 status=None
[2025-10-14T02:41:38.331131] https://daa.uit.edu.vn/content/ky-su-nganh-he-thong-thong-tin-ap-dung-tu-khoa-11-2016 status=None
[2025-10-14T02:41:39.045789] https://daa.uit.edu.vn/content/chuong-trinh-tien-tien-nganh-he-thong-thong-tin-ap-dung-tu-khoa-11-2016 status=None
[2025-10-14T02:41:39.758616] https://daa.uit.edu.vn/content/cu-nhan-nganh-khoa-hoc-may-tinh-ap-dung-tu-khoa-11-2016 status=None
[2025-10-14T02:41:40.508683] https://daa.uit.edu.vn/content/ky-su-nganh-ky-thuat-phan-mem-ap-dung-tu-khoa-11-2016 status=None
[2025-10-14T02:41:41.255732] https://daa.uit.edu.vn/content/ky-su-nganh-ky-thuat-may-tinh-ap-dung-tu-khoa-11-2016 status=None
[2025-10-14T02:41:41.989611] https://daa.uit.edu.vn/content/ky-su-nganh-truyen-thong-va-mang-may-tinh-ap-dung-tu-khoa-11-2016 status=None
[2025-10-14T02:41:42.709212] https://daa.uit.edu.vn/content/ky-su-nganh-toan-thong-tin-ap-dung-tu-khoa-11-2016 status=None
[2025-10-14T02:41:43.433503] https://daa.uit.edu.vn/content/ky-su-nganh-he-thong-thong-tin-chuyen-nganh-thuong-mai-dien-tu-ap-dung-tu-khoa-11-2016 status=None
[2025-10-14T02:41:44.224091] https://daa.uit.edu.vn/content/cu-nhan-nganh-cong-nghe-thong-tin-ap-dung-tu-khoa-7-2012 status=None
[2025-10-14T02:41:45.092990] https://daa.uit.edu.vn/content/ky-su-nganh-he-thong-thong-tin-ap-dung-tu-khoa-7-2012 status=None
[2025-10-14T02:41:45.903754] https://daa.uit.edu.vn/content/nganh-he-thong-thong-tin-cttt status=None
[2025-10-14T02:41:46.718414] https://daa.uit.edu.vn/content/cu-nhan-nganh-khoa-hoc-may-tinh-ap-dung-tu-khoa-9-2014 status=None
[2025-10-14T02:41:47.480338] https://daa.uit.edu.vn/content/ky-su-nganh-ky-thuat-phan-mem-ap-dung-tu-khoa-7-2012 status=None
[2025-10-14T02:41:48.252353] https://daa.uit.edu.vn/content/ky-su-nganh-ky-thuat-may-tinh-ap-dung-tu-khoa-7-2012 status=None
[2025-10-14T02:41:49.022117] https://daa.uit.edu.vn/content/ky-su-nganh-truyen-thong-va-mang-may-tinh-ap-dung-tu-khoa-9-2014 status=None
[2025-10-14T02:41:49.776908] https://daa.uit.edu.vn/content/ky-su-nganh-toan-thong-tin-ap-dung-tu-khoa-9-2014 status=None
[2025-10-14T02:41:50.493662] https://daa.uit.edu.vn/content/ky-su-nganh-he-thong-thong-tin-chuyen-nganh-thuong-mai-dien-tu-ap-dung-tu-khoa-10-2015 status=None
[2025-10-14T02:41:51.225698] https://daa.uit.edu.vn/content/ky-su-nganh-thuong-mai-dien-tu-ap-dung-tu-khoa-8-den-khoa-9 status=None
[2025-10-14T02:41:52.022344] https://daa.uit.edu.vn/content/cu-nhan-nganh-khoa-hoc-may-tinh-ap-dung-tu-khoa-7-den-khoa-8 status=None
[2025-10-14T02:41:52.798868] https://daa.uit.edu.vn/content/ky-su-nganh-truyen-thong-va-mang-may-tinh-ap-dung-tu-khoa-7-den-khoa-8 status=None
[2025-10-14T02:41:53.581036] https://daa.uit.edu.vn/content/chuyen-nganh-ninh-thong-tin-thuoc-nganh-cong-nghe-thong-tin-ap-dung-tu-khoa-7-den-khoa-8 status=None
[2025-10-14T02:41:54.260916] https://oep.uit.edu.vn/vi/node/634 status=None
[2025-10-14T02:41:54.937832] https://oep.uit.edu.vn/vi/ke-hoach-giang-day#main status=None
[2025-10-14T02:41:55.613210] https://oep.uit.edu.vn/vi/ke-hoach-giang-day#main-nav status=None
[2025-10-14T02:41:56.334061] https://oep.uit.edu.vn/vi/ke-hoach-giang-day?page=1 status=None
[2025-10-14T02:41:57.002872] https://oep.uit.edu.vn/vi/node/1117 status=None
[2025-10-14T02:41:57.668536] https://oep.uit.edu.vn/vi/ke-hoach-giang-day-chuong-trinh-tien-tien#main status=None
[2025-10-14T02:41:58.360919] https://oep.uit.edu.vn/vi/ke-hoach-giang-day-chuong-trinh-tien-tien#main-nav status=None
[2025-10-14T02:41:59.042595] https://oep.uit.edu.vn/vi/ke-hoach-giang-day-chuong-trinh-tien-tien?page=1 status=None
[2025-10-14T02:41:59.643966] https://oep.uit.edu.vn/vi/node/4627 status=None
[2025-10-14T02:42:00.289140] https://oep.uit.edu.vn/vi/nganh-cong-nghe-thong-tin-chat-luong-cao-dinh-huong-nhat-ban-1#main status=None
[2025-10-14T02:42:00.927807] https://oep.uit.edu.vn/vi/nganh-cong-nghe-thong-tin-chat-luong-cao-dinh-huong-nhat-ban-1#main-nav status=None
[2025-10-14T02:42:01.515132] https://oep.uit.edu.vn/vi/node/2681 status=None
[2025-10-14T02:42:02.115330] https://oep.uit.edu.vn/vi/ke-hoach-giang-day-chat-luong-cao-nganh-khoa-hoc-may-tinh#main status=None
[2025-10-14T02:42:02.776387] https://oep.uit.edu.vn/vi/ke-hoach-giang-day-chat-luong-cao-nganh-khoa-hoc-may-tinh#main-nav status=None
[2025-10-14T02:42:03.352070] https://oep.uit.edu.vn/vi/ke-hoach-giang-day-chat-luong-cao-nganh-khoa-hoc-may-tinh?page=1 status=None
[2025-10-14T02:42:03.959619] https://oep.uit.edu.vn/vi/ke-hoach-giang-day-chat-luong-cao-nganh-khoa-hoc-may-tinh?page=2 status=None
[2025-10-14T02:42:04.562750] https://oep.uit.edu.vn/vi/ke-hoach-giang-day-chat-luong-cao-nganh-khoa-hoc-may-tinh?page=3 status=None
[2025-10-14T02:42:05.163264] https://oep.uit.edu.vn/vi/ke-hoach-giang-day-chat-luong-cao-nganh-khoa-hoc-may-tinh?page=4 status=None
[2025-10-14T02:42:05.754222] https://oep.uit.edu.vn/vi/node/1119 status=None
[2025-10-14T02:42:06.361708] https://oep.uit.edu.vn/vi/ke-hoach-giang-day-chat-luong-cao-nganh-ky-thuat-may-tinh#main status=None
[2025-10-14T02:42:06.952262] https://oep.uit.edu.vn/vi/ke-hoach-giang-day-chat-luong-cao-nganh-ky-thuat-may-tinh#main-nav status=None
[2025-10-14T02:42:07.563740] https://oep.uit.edu.vn/vi/ke-hoach-giang-day-chat-luong-cao-nganh-ky-thuat-may-tinh?page=1 status=None
[2025-10-14T02:42:08.149234] https://oep.uit.edu.vn/vi/ke-hoach-giang-day-chat-luong-cao-nganh-ky-thuat-may-tinh?page=2 status=None
[2025-10-14T02:42:08.741673] https://oep.uit.edu.vn/vi/ke-hoach-giang-day-chat-luong-cao-nganh-ky-thuat-may-tinh?page=3 status=None
[2025-10-14T02:42:09.332847] https://oep.uit.edu.vn/vi/ke-hoach-giang-day-chat-luong-cao-nganh-ky-thuat-may-tinh?page=4 status=None
[2025-10-14T02:42:10.006508] https://oep.uit.edu.vn/vi/node/1120 status=None
[2025-10-14T02:42:10.655450] https://oep.uit.edu.vn/vi/ke-hoach-giang-day-chat-luong-cao-nganh-ky-thuat-phan-mem#main status=None
[2025-10-14T02:42:11.293082] https://oep.uit.edu.vn/vi/ke-hoach-giang-day-chat-luong-cao-nganh-ky-thuat-phan-mem#main-nav status=None
[2025-10-14T02:42:11.486515] https://oep.uit.edu.vn/modules/file/icons/x-office-document.png status=None
[2025-10-14T02:42:12.154890] https://oep.uit.edu.vn/vi/ke-hoach-giang-day-chat-luong-cao-nganh-ky-thuat-phan-mem?page=1 status=None
[2025-10-14T02:42:12.805437] https://oep.uit.edu.vn/vi/ke-hoach-giang-day-chat-luong-cao-nganh-ky-thuat-phan-mem?page=2 status=None
[2025-10-14T02:42:13.430422] https://oep.uit.edu.vn/vi/ke-hoach-giang-day-chat-luong-cao-nganh-ky-thuat-phan-mem?page=3 status=None
[2025-10-14T02:42:14.198479] https://oep.uit.edu.vn/vi/ke-hoach-giang-day-chat-luong-cao-nganh-ky-thuat-phan-mem?page=4 status=None
[2025-10-14T02:42:14.795446] https://oep.uit.edu.vn/vi/node/1118 status=None
[2025-10-14T02:42:15.405707] https://oep.uit.edu.vn/vi/ke-hoach-giang-day-chat-luong-cao-nganh-he-thong-thong-tin-du-kien#main status=None
[2025-10-14T02:42:16.015460] https://oep.uit.edu.vn/vi/ke-hoach-giang-day-chat-luong-cao-nganh-he-thong-thong-tin-du-kien#main-nav status=None
[2025-10-14T02:42:16.900792] https://daa.uit.edu.vn/content/ky-su-nganh-he-thong-thong-tin status=None
[2025-10-14T02:42:17.499878] https://oep.uit.edu.vn/vi/ke-hoach-giang-day-chat-luong-cao-nganh-he-thong-thong-tin-du-kien?page=1 status=None
[2025-10-14T02:42:18.093230] https://oep.uit.edu.vn/vi/ke-hoach-giang-day-chat-luong-cao-nganh-he-thong-thong-tin-du-kien?page=2 status=None
[2025-10-14T02:42:18.666072] https://oep.uit.edu.vn/vi/ke-hoach-giang-day-chat-luong-cao-nganh-he-thong-thong-tin-du-kien?page=3 status=None
[2025-10-14T02:42:19.279048] https://oep.uit.edu.vn/vi/ke-hoach-giang-day-chat-luong-cao-nganh-he-thong-thong-tin-du-kien?page=4 status=None
[2025-10-14T02:42:19.874018] https://oep.uit.edu.vn/vi/node/2677 status=None
[2025-10-14T02:42:20.473887] https://oep.uit.edu.vn/vi/ke-hoach-giang-day-chat-luong-cao-nganh-toan-thong-tin#main status=None
[2025-10-14T02:42:21.098990] https://oep.uit.edu.vn/vi/ke-hoach-giang-day-chat-luong-cao-nganh-toan-thong-tin#main-nav status=None
[2025-10-14T02:42:21.688709] https://oep.uit.edu.vn/vi/ke-hoach-giang-day-chat-luong-cao-nganh-toan-thong-tin?page=1 status=None
[2025-10-14T02:42:22.328513] https://oep.uit.edu.vn/vi/ke-hoach-giang-day-chat-luong-cao-nganh-toan-thong-tin?page=2 status=None
[2025-10-14T02:42:22.946444] https://oep.uit.edu.vn/vi/ke-hoach-giang-day-chat-luong-cao-nganh-toan-thong-tin?page=3 status=None
[2025-10-14T02:42:23.526820] https://oep.uit.edu.vn/vi/ke-hoach-giang-day-chat-luong-cao-nganh-toan-thong-tin?page=4 status=None
[2025-10-14T02:42:24.121602] https://oep.uit.edu.vn/vi/node/2679 status=None
[2025-10-14T02:42:24.752007] https://oep.uit.edu.vn/vi/ke-hoach-giang-day-nganh-mang-may-tinh-va-truyen-thong-du-lieu#main status=None
[2025-10-14T02:42:25.391673] https://oep.uit.edu.vn/vi/ke-hoach-giang-day-nganh-mang-may-tinh-va-truyen-thong-du-lieu#main-nav status=None
[2025-10-14T02:42:26.014367] https://oep.uit.edu.vn/vi/ke-hoach-giang-day-nganh-mang-may-tinh-va-truyen-thong-du-lieu?page=1 status=None
[2025-10-14T02:42:26.632746] https://oep.uit.edu.vn/vi/ke-hoach-giang-day-nganh-mang-may-tinh-va-truyen-thong-du-lieu?page=2 status=None
[2025-10-14T02:42:27.225768] https://oep.uit.edu.vn/vi/ke-hoach-giang-day-nganh-mang-may-tinh-va-truyen-thong-du-lieu?page=3 status=None
[2025-10-14T02:42:27.863979] https://oep.uit.edu.vn/vi/ke-hoach-giang-day-nganh-mang-may-tinh-va-truyen-thong-du-lieu?page=4 status=None
[2025-10-14T02:42:28.522208] https://oep.uit.edu.vn/vi/node/6399 status=None
[2025-10-14T02:42:29.204369] https://oep.uit.edu.vn/vi/ke-hoach-giang-day-chat-luong-cao-nganh-thuong-mai-dien-tu#main status=None
[2025-10-14T02:42:29.864754] https://oep.uit.edu.vn/vi/ke-hoach-giang-day-chat-luong-cao-nganh-thuong-mai-dien-tu#main-nav status=None
[2025-10-14T02:42:30.517862] https://oep.uit.edu.vn/vi/ke-hoach-giang-day-chat-luong-cao-nganh-thuong-mai-dien-tu?page=1 status=None
[2025-10-14T02:42:31.199997] https://oep.uit.edu.vn/vi/ke-hoach-giang-day-chat-luong-cao-nganh-thuong-mai-dien-tu?page=2 status=None
[2025-10-14T02:42:31.858834] https://oep.uit.edu.vn/vi/ke-hoach-giang-day-chat-luong-cao-nganh-thuong-mai-dien-tu?page=3 status=None
[2025-10-14T02:42:32.493287] https://oep.uit.edu.vn/vi/ke-hoach-giang-day-chat-luong-cao-nganh-thuong-mai-dien-tu?page=4 status=None
[2025-10-14T02:42:33.057872] https://oep.uit.edu.vn/vi/node/4628 status=None
[2025-10-14T02:42:33.670343] https://oep.uit.edu.vn/vi/ky-su-tai-nang-toan-thong-tin-0#main status=None
[2025-10-14T02:42:34.272287] https://oep.uit.edu.vn/vi/ky-su-tai-nang-toan-thong-tin-0#main-nav status=None
[2025-10-14T02:42:34.869239] https://oep.uit.edu.vn/vi/node/1122 status=None
[2025-10-14T02:42:35.462702] https://oep.uit.edu.vn/vi/ke-hoach-giang-day-cu-nhan-tai-nang-khoa-hoc-may-tinh#main status=None
[2025-10-14T02:42:36.072862] https://oep.uit.edu.vn/vi/ke-hoach-giang-day-cu-nhan-tai-nang-khoa-hoc-may-tinh#main-nav status=None
[2025-10-14T02:42:36.677839] https://oep.uit.edu.vn/vi/ke-hoach-giang-day-cu-nhan-tai-nang-khoa-hoc-may-tinh?page=1 status=None
[2025-10-14T02:42:37.251358] https://oep.uit.edu.vn/vi/ke-hoach-giang-day-cu-nhan-tai-nang-khoa-hoc-may-tinh?page=2 status=None
[2025-10-14T02:42:37.838734] https://oep.uit.edu.vn/vi/node/6379 status=None
[2025-10-14T02:42:38.424456] https://oep.uit.edu.vn/vi/ke-hoach-giang-day-nganh-khoa-hoc-may-tinh-bcu-nam-2019#main status=None
[2025-10-14T02:42:39.021097] https://oep.uit.edu.vn/vi/ke-hoach-giang-day-nganh-khoa-hoc-may-tinh-bcu-nam-2019#main-nav status=None
[2025-10-14T02:42:39.607122] https://oep.uit.edu.vn/vi/ke-hoach-giang-day-nganh-khoa-hoc-may-tinh-bcu-nam-2019?page=1 status=None
[2025-10-14T02:42:40.191796] https://oep.uit.edu.vn/vi/ke-hoach-giang-day-nganh-khoa-hoc-may-tinh-bcu-nam-2019?page=2 status=None
[2025-10-14T02:42:40.794682] https://oep.uit.edu.vn/vi/ke-hoach-giang-day-nganh-khoa-hoc-may-tinh-bcu-nam-2019?page=3 status=None
[2025-10-14T02:42:41.393323] https://oep.uit.edu.vn/vi/ke-hoach-giang-day-nganh-khoa-hoc-may-tinh-bcu-nam-2019?page=4 status=None
[2025-10-14T02:42:41.967448] https://oep.uit.edu.vn/vi/node/6380 status=None
[2025-10-14T02:42:42.542335] https://oep.uit.edu.vn/vi/ke-hoach-giang-day-nganh-mang-may-tinh-va-toan-thong-tin-bcu-nam-2019#main status=None
[2025-10-14T02:42:43.123521] https://oep.uit.edu.vn/vi/ke-hoach-giang-day-nganh-mang-may-tinh-va-toan-thong-tin-bcu-nam-2019#main-nav status=None
[2025-10-14T02:42:43.684967] https://oep.uit.edu.vn/vi/ke-hoach-giang-day-nganh-mang-may-tinh-va-toan-thong-tin-bcu-nam-2019?page=1 status=None
[2025-10-14T02:42:44.301460] https://oep.uit.edu.vn/vi/ke-hoach-giang-day-nganh-mang-may-tinh-va-toan-thong-tin-bcu-nam-2019?page=2 status=None
[2025-10-14T02:42:44.859518] https://oep.uit.edu.vn/vi/ke-hoach-giang-day-nganh-mang-may-tinh-va-toan-thong-tin-bcu-nam-2019?page=3 status=None
[2025-10-14T02:42:45.467934] https://oep.uit.edu.vn/vi/ke-hoach-giang-day-nganh-mang-may-tinh-va-toan-thong-tin-bcu-nam-2019?page=4 status=None
[2025-10-14T02:42:46.102127] https://oep.uit.edu.vn/vi/node/23870 status=None
[2025-10-14T02:42:46.737639] https://oep.uit.edu.vn/vi/ke-hoach-giang-day-nganh-khoa-hoc-may-tinh-bcu-nam-2022#main status=None
[2025-10-14T02:42:47.338026] https://oep.uit.edu.vn/vi/ke-hoach-giang-day-nganh-khoa-hoc-may-tinh-bcu-nam-2022#main-nav status=None
[2025-10-14T02:42:47.949750] https://oep.uit.edu.vn/vi/ke-hoach-giang-day-nganh-khoa-hoc-may-tinh-bcu-nam-2022?page=1 status=None
[2025-10-14T02:42:48.566899] https://oep.uit.edu.vn/vi/ke-hoach-giang-day-nganh-khoa-hoc-may-tinh-bcu-nam-2022?page=2 status=None
[2025-10-14T02:42:49.168766] https://oep.uit.edu.vn/vi/ke-hoach-giang-day-nganh-khoa-hoc-may-tinh-bcu-nam-2022?page=3 status=None
[2025-10-14T02:42:49.762780] https://oep.uit.edu.vn/vi/ke-hoach-giang-day-nganh-khoa-hoc-may-tinh-bcu-nam-2022?page=4 status=None
[2025-10-14T02:42:50.370811] https://oep.uit.edu.vn/vi/node/23875 status=None
[2025-10-14T02:42:50.976447] https://oep.uit.edu.vn/vi/ke-hoach-giang-day-nganh-mang-may-tinh-va-toan-thong-tin-bcu-nam-2022#main status=None
[2025-10-14T02:42:51.581608] https://oep.uit.edu.vn/vi/ke-hoach-giang-day-nganh-mang-may-tinh-va-toan-thong-tin-bcu-nam-2022#main-nav status=None
[2025-10-14T02:42:52.164806] https://oep.uit.edu.vn/vi/ke-hoach-giang-day-nganh-mang-may-tinh-va-toan-thong-tin-bcu-nam-2022?page=1 status=None
[2025-10-14T02:42:52.780028] https://oep.uit.edu.vn/vi/ke-hoach-giang-day-nganh-mang-may-tinh-va-toan-thong-tin-bcu-nam-2022?page=2 status=None
[2025-10-14T02:42:53.394918] https://oep.uit.edu.vn/vi/ke-hoach-giang-day-nganh-mang-may-tinh-va-toan-thong-tin-bcu-nam-2022?page=3 status=None
[2025-10-14T02:42:53.968089] https://oep.uit.edu.vn/vi/ke-hoach-giang-day-nganh-mang-may-tinh-va-toan-thong-tin-bcu-nam-2022?page=4 status=None
[2025-10-14T02:42:54.584923] https://oep.uit.edu.vn/vi/node/23860 status=None
[2025-10-14T02:42:55.202826] https://oep.uit.edu.vn/vi/ke-hoach-giang-day-chuong-trinh-lien-ket-newcastle#main status=None
[2025-10-14T02:42:55.806568] https://oep.uit.edu.vn/vi/ke-hoach-giang-day-chuong-trinh-lien-ket-newcastle#main-nav status=None
[2025-10-14T02:42:56.483203] https://oep.uit.edu.vn/vi/node/9131 status=None
[2025-10-14T02:42:57.184338] https://oep.uit.edu.vn/vi/huong-dan-danh-cho-sv#main status=None
[2025-10-14T02:42:57.831993] https://oep.uit.edu.vn/vi/huong-dan-danh-cho-sv#main-nav status=None
[2025-10-14T02:42:58.411997] https://oep.uit.edu.vn/vi/category/thong-tin-chung status=None
[2025-10-14T02:42:59.066324] https://oep.uit.edu.vn/vi/huong-dan-danh-cho-sv#capbangdiem status=None
[2025-10-14T02:42:59.725705] https://oep.uit.edu.vn/vi/huong-dan-danh-cho-sv#dangkyhocphan status=None
[2025-10-14T02:43:00.459681] https://oep.uit.edu.vn/vi/huong-dan-danh-cho-sv#chuyennganh status=None
[2025-10-14T02:43:01.118224] https://oep.uit.edu.vn/vi/huong-dan-danh-cho-sv#chuyentruong status=None
[2025-10-14T02:43:01.769622] https://oep.uit.edu.vn/vi/huong-dan-danh-cho-sv#baoluuketqua status=None
[2025-10-14T02:43:02.460826] https://oep.uit.edu.vn/vi/huong-dan-danh-cho-sv#hoanthi status=None
[2025-10-14T02:43:03.143157] https://oep.uit.edu.vn/vi/huong-dan-danh-cho-sv#thoihoc status=None
[2025-10-14T02:43:03.789328] https://oep.uit.edu.vn/vi/huong-dan-danh-cho-sv#giahandaotao status=None
[2025-10-14T02:43:04.468527] https://oep.uit.edu.vn/vi/huong-dan-danh-cho-sv#phuctradiem status=None
[2025-10-14T02:43:05.120078] https://oep.uit.edu.vn/vi/huong-dan-danh-cho-sv#capgiaygioithieu status=None
[2025-10-14T02:43:05.789314] https://oep.uit.edu.vn/vi/huong-dan-danh-cho-sv#mienhocphannn status=None
[2025-10-14T02:43:06.416605] https://oep.uit.edu.vn/vi/huong-dan-danh-cho-sv#xettotnghiep status=None
[2025-10-14T02:43:07.052621] https://oep.uit.edu.vn/vi/huong-dan-danh-cho-sv#khieunaikhac status=None
[2025-10-14T02:43:07.723090] https://oep.uit.edu.vn/vi/huong-dan-danh-cho-sv#dkphonghoc status=None
[2025-10-14T02:43:08.392075] https://oep.uit.edu.vn/vi/huong-dan-danh-cho-sv#xingxn status=None
[2025-10-14T02:43:09.052306] https://oep.uit.edu.vn/vi/huong-dan-danh-cho-sv#quytrinhkhac status=None
[2025-10-14T02:43:09.739345] https://oep.uit.edu.vn/vi/huong-dan-danh-cho-sv#msteams status=None
[2025-10-14T02:43:09.943460] https://oep.uit.edu.vn/sites/oep/files/uploads/files/202204/in_bang_diem.jpg status=None
[2025-10-14T02:43:10.590071] https://oep.uit.edu.vn/vi/goc-nho-sv-hd-quy-trinh-gui-bang-diem-giay-du-hoc-sang-truong-nuoc-ngoai-qua-email-hoac-buu-dien status=None
[2025-10-14T02:43:12.479668] http://daa.uit.edu.vn/ status=None
[2025-10-14T02:43:12.929842] https://dkhp.uit.edu.vn/ status=None
[2025-10-14T02:43:13.130358] https://oep.uit.edu.vn/sites/oep/files/uploads/images/quy-trinh-sv-oep.png status=None
[2025-10-14T02:43:13.733520] https://daa.uit.edu.vn/sinhvien/dkphuckhao status=None
[2025-10-14T02:43:14.490549] https://oep.uit.edu.vn/vi/goc-nho-sinh-vien-giao-tiep-qua-email status=None
[2025-10-14T02:43:18.460701] https://banqlcs.uit.edu.vn/ status=None
[2025-10-14T02:43:19.160865] https://ctsv.uit.edu.vn/quy-trinh status=None
[2025-10-14T02:43:20.074316] https://khtc.uit.edu.vn/loai-bai-viet/qui-trinh status=None
[2025-10-14T02:43:20.527041] https://banqlcs.uit.edu.vn/tai-lieu status=None
[2025-10-14T02:43:21.668978] https://oep.uit.edu.vn/vi/thong-bao-vv-chon-doi-tuyen-du-thi-olympic-toan-hoc-sinh-vien-toan-quoc-nam-hoc-2025-2026 status=None
[2025-10-14T02:43:22.275576] https://oep.uit.edu.vn/vi/chuyen-de-ky-nang-tu-tin-nang-trinh-tieng-anh-giao-luu-cung-thay-9x-nguyen-thai-duong status=None
[2025-10-14T02:43:22.958693] https://oep.uit.edu.vn/vi/tb-vv-khao-sat-lay-y-kien-cua-sinh-vien-giang-vien-ve-hoat-dong-giang-day-truc-tuyen status=None
[2025-10-14T02:43:23.523217] https://oep.uit.edu.vn/vi/thong-bao-ve-viec-dang-ky-tham-gia-mien-phi-tour-tham-quan-cong-ty-zalo-ngay-21052018 status=None
[2025-10-14T02:43:24.012692] https://oep.uit.edu.vn/vi/category/internal status=None
[2025-10-14T02:43:24.482476] https://oep.uit.edu.vn/vi/category/external status=None
[2025-10-14T02:43:25.049453] https://oep.uit.edu.vn/vi/taxonomy/term/32 status=None
[2025-10-14T02:43:25.624505] https://oep.uit.edu.vn/vi/category/thong-tin-tuyen-sinh#main status=None
[2025-10-14T02:43:26.222783] https://oep.uit.edu.vn/vi/category/thong-tin-tuyen-sinh#main-nav status=None
[2025-10-14T02:43:27.138639] https://oep.uit.edu.vn/vi/2025-thong-bao-tuyen-sinh-trinh-do-dai-hoc-chuong-trinh-lien-ket-voi-truong-dai-hoc-birmingham-city status=None
[2025-10-14T02:43:27.863054] https://oep.uit.edu.vn/vi/2025-hoc-bong-danh-cho-sinh-vien-chuong-trinh-bcu-khoa-2025 status=None
[2025-10-14T02:43:28.494337] https://oep.uit.edu.vn/vi/2025-tuyen-sinh-chuong-trinh-cu-nhan-tai-nang-nganh-thiet-ke-vi-mach-khoa-2024 status=None
[2025-10-14T02:43:29.105740] https://oep.uit.edu.vn/vi/2025-thong-bao-tuyen-sinh-trinh-do-dai-hoc-chuong-trinh-lien-ket-voi-truong-dai-hoc-newcastle-lien status=None
[2025-10-14T02:43:29.939716] https://oep.uit.edu.vn/vi/2025-thong-bao-tuyen-sinh-vao-dai-hoc-chuong-trinh-lien-ket-voi-dai-hoc-birmingham-city-vuong-quoc status=None
[2025-10-14T02:43:30.509845] https://oep.uit.edu.vn/vi/tuyen-sinh-thu-moi-tham-du-buoi-tu-van-tuyen-sinh-ctdt-trinh-do-thac-si-dot-1-nam-2025 status=None
[2025-10-14T02:43:31.103297] https://oep.uit.edu.vn/vi/ts-buoi-tu-van-tuyen-sinh-ctdt-trinh-do-thac-si-dot-32024 status=None
[2025-10-14T02:43:31.664410] https://oep.uit.edu.vn/vi/2024-buoi-tu-van-tuyen-sinh-ctdt-trinh-do-thac-si-dot-22024 status=None
[2025-10-14T02:43:32.474383] https://oep.uit.edu.vn/vi/2024-tb-tuyen-sinh-chuong-trinh-tai-nang-nam-2024 status=None
[2025-10-14T02:43:33.052889] https://oep.uit.edu.vn/vi/category/thong-tin-tuyen-sinh?page=1 status=None
[2025-10-14T02:43:33.670051] https://oep.uit.edu.vn/vi/category/thong-tin-tuyen-sinh?page=2 status=None
[2025-10-14T02:43:34.250070] https://oep.uit.edu.vn/vi/category/thong-tin-tuyen-sinh?page=3 status=None
[2025-10-14T02:43:34.805067] https://oep.uit.edu.vn/vi/category/thong-tin-tuyen-sinh?page=4 status=None
[2025-10-14T02:43:35.351230] https://oep.uit.edu.vn/vi/thong-bao-bieu-mau#main status=None
[2025-10-14T02:43:35.924931] https://oep.uit.edu.vn/vi/thong-bao-bieu-mau#main-nav status=None
[2025-10-14T02:43:36.522080] https://oep.uit.edu.vn/vi/node/638 status=None
[2025-10-14T02:43:37.127230] https://oep.uit.edu.vn/vi/cau-hoi-thuong-gap#main status=None
[2025-10-14T02:43:37.720717] https://oep.uit.edu.vn/vi/cau-hoi-thuong-gap#main-nav status=None
[2025-10-14T02:43:38.305106] https://oep.uit.edu.vn/vi/category/thong-tin-0 status=None
[2025-10-14T02:43:38.935167] https://oep.uit.edu.vn/vi/tb-vv-duoc-nghi-cac-lop-hoc-thu-7-0792019-cua-khoa-2019-thuoc-cac-ctdb status=None
[2025-10-14T02:43:39.583788] https://oep.uit.edu.vn/vi/danh-sach-cap-nhat-cvht-cua-cac-lop-chuong-trinh-dac-biet-hoc-ki-2-nam-hoc-2017-2018 status=None
[2025-10-14T02:43:40.179271] https://oep.uit.edu.vn/vi/content/thong-bao-chuyen-phong-hoc-tu-a106-sang-c301-lop-cs3373f11cttt status=None
[2025-10-14T02:43:41.077321] https://oep.uit.edu.vn/vi/content/chuong-trinh-thac-si-tin-hoc-do-dai-hoc-bordeaux-va-paris-vi-chiu-trach-nhiem-dao-tao-va-cap status=None
[2025-10-14T02:43:41.677688] https://oep.uit.edu.vn/vi/cau-hoi-thuong-gap?page=1 status=None
[2025-10-14T02:43:42.263994] https://oep.uit.edu.vn/vi/cau-hoi-thuong-gap?page=2 status=None
[2025-10-14T02:43:42.800056] https://oep.uit.edu.vn/vi/taxonomy/term/147 status=None
[2025-10-14T02:43:43.363880] https://oep.uit.edu.vn/vi/category/clb-tieng-anh#main status=None
[2025-10-14T02:43:43.916814] https://oep.uit.edu.vn/vi/category/clb-tieng-anh#main-nav status=None
[2025-10-14T02:43:44.490339] https://oep.uit.edu.vn/en/taxonomy/term/147 status=None
[2025-10-14T02:43:45.090627] https://oep.uit.edu.vn/vi/hoat-dong-cau-lac-bo-tieng-anh status=None
[2025-10-14T02:43:45.662503] https://oep.uit.edu.vn/vi/hoat-dong-clb-tieng-anh-0 status=None
[2025-10-14T02:43:47.375068] https://oep.uit.edu.vn/vi/hoat-dong-clb-tieng-anh status=None
[2025-10-14T02:43:48.021938] https://oep.uit.edu.vn/vi/chuc-seminar-tieng-anh-cho-tan-sinh-vien status=None
[2025-10-14T02:43:48.617365] https://oep.uit.edu.vn/vi/thong-bao-tham-gia-seminar-ve-nang-cao-hieu-qua-hoc-tap-va-giao-tiep-tieng-anh-5122015 status=None
[2025-10-14T02:43:50.360954] https://oep.uit.edu.vn/vi/cuoc-thi-hung-bien-tieng-anh-uit-cup-speak-it-out status=None
[2025-10-14T02:43:50.926663] https://oep.uit.edu.vn/vi/gallery/internal status=None
[2025-10-14T02:43:51.490844] https://oep.uit.edu.vn/vi/gallery/external status=None
[2025-10-14T02:43:52.038158] https://oep.uit.edu.vn/vi/node/4571 status=None
[2025-10-14T02:43:52.600323] https://oep.uit.edu.vn/vi/gallery/ban-ket-cuoc-thi-uits-got-talent-2018#main status=None
[2025-10-14T02:43:53.165785] https://oep.uit.edu.vn/vi/gallery/ban-ket-cuoc-thi-uits-got-talent-2018#main-nav status=None
[2025-10-14T02:43:53.795911] https://oep.uit.edu.vn/en/node/4571 status=None
[2025-10-14T02:43:54.033638] https://oep.uit.edu.vn/sites/oep/files/photos/large/201812/48156173_526155934553555_4153770727180337152_o_526155927886889.jpg status=None
[2025-10-14T02:43:54.235737] https://oep.uit.edu.vn/sites/oep/files/styles/gallerythumbnail/public/photos/large/201812/48156173_526155934553555_4153770727180337152_o_526155927886889.jpg?itok=96dbRZ9w status=None
[2025-10-14T02:43:54.474296] https://oep.uit.edu.vn/sites/oep/files/photos/large/201812/48221810_526155107886971_8012740499800588288_o_526155101220305.jpg status=None
[2025-10-14T02:43:54.664477] https://oep.uit.edu.vn/sites/oep/files/styles/gallerythumbnail/public/photos/large/201812/48221810_526155107886971_8012740499800588288_o_526155101220305.jpg?itok=PqNqM1hs status=None
[2025-10-14T02:43:54.901153] https://oep.uit.edu.vn/sites/oep/files/photos/large/201812/48230462_526154811220334_8510606567517716480_o_526154794553669.jpg status=None
[2025-10-14T02:43:55.091779] https://oep.uit.edu.vn/sites/oep/files/styles/gallerythumbnail/public/photos/large/201812/48230462_526154811220334_8510606567517716480_o_526154794553669.jpg?itok=sAarJCpM status=None
[2025-10-14T02:43:55.339060] https://oep.uit.edu.vn/sites/oep/files/photos/large/201812/48256003_526155511220264_6987845570786230272_o_526155504553598.jpg status=None
[2025-10-14T02:43:55.526956] https://oep.uit.edu.vn/sites/oep/files/styles/gallerythumbnail/public/photos/large/201812/48256003_526155511220264_6987845570786230272_o_526155504553598.jpg?itok=q3CiT4wx status=None
[2025-10-14T02:43:55.761141] https://oep.uit.edu.vn/sites/oep/files/photos/large/201812/48270332_526120991223716_4998136777605644288_o_526120984557050.jpg status=None
[2025-10-14T02:43:55.966782] https://oep.uit.edu.vn/sites/oep/files/styles/gallerythumbnail/public/photos/large/201812/48270332_526120991223716_4998136777605644288_o_526120984557050.jpg?itok=MUEZq4tR status=None
[2025-10-14T02:43:56.207838] https://oep.uit.edu.vn/sites/oep/files/photos/large/201812/48315889_526120677890414_3497047219482132480_o_526120671223748.jpg status=None
[2025-10-14T02:43:56.393597] https://oep.uit.edu.vn/sites/oep/files/styles/gallerythumbnail/public/photos/large/201812/48315889_526120677890414_3497047219482132480_o_526120671223748.jpg?itok=_BEcWHL9 status=None
[2025-10-14T02:43:56.628204] https://oep.uit.edu.vn/sites/oep/files/photos/large/201812/48356771_526120641223751_2640579974146293760_o_526120631223752.jpg status=None
[2025-10-14T02:43:56.831750] https://oep.uit.edu.vn/sites/oep/files/styles/gallerythumbnail/public/photos/large/201812/48356771_526120641223751_2640579974146293760_o_526120631223752.jpg?itok=X9t77NhE status=None
[2025-10-14T02:43:57.081124] https://oep.uit.edu.vn/sites/oep/files/photos/large/201812/48360253_526156067886875_4758011778925854720_o_526156054553543.jpg status=None
[2025-10-14T02:43:57.283307] https://oep.uit.edu.vn/sites/oep/files/styles/gallerythumbnail/public/photos/large/201812/48360253_526156067886875_4758011778925854720_o_526156054553543.jpg?itok=Y7tPT1Vi status=None
[2025-10-14T02:43:57.516075] https://oep.uit.edu.vn/sites/oep/files/photos/large/201812/48365699_526120751223740_8607921129056632832_o_526120747890407.jpg status=None
[2025-10-14T02:43:57.701154] https://oep.uit.edu.vn/sites/oep/files/styles/gallerythumbnail/public/photos/large/201812/48365699_526120751223740_8607921129056632832_o_526120747890407.jpg?itok=HwNwHp4v status=None
[2025-10-14T02:43:57.938941] https://oep.uit.edu.vn/sites/oep/files/photos/large/201812/48369342_526155261220289_4205132866683666432_o_526155251220290.jpg status=None
[2025-10-14T02:43:58.137763] https://oep.uit.edu.vn/sites/oep/files/styles/gallerythumbnail/public/photos/large/201812/48369342_526155261220289_4205132866683666432_o_526155251220290.jpg?itok=z1FRGGWY status=None
[2025-10-14T02:43:58.406932] https://oep.uit.edu.vn/sites/oep/files/photos/large/201812/48369864_526156247886857_8439205794238431232_o_526156244553524.jpg status=None
[2025-10-14T02:43:58.613274] https://oep.uit.edu.vn/sites/oep/files/styles/gallerythumbnail/public/photos/large/201812/48369864_526156247886857_8439205794238431232_o_526156244553524.jpg?itok=RSHfOLzW status=None
[2025-10-14T02:43:58.856327] https://oep.uit.edu.vn/sites/oep/files/photos/large/201812/48370111_526155277886954_5504485646250541056_o_526155271220288.jpg status=None
[2025-10-14T02:43:59.058332] https://oep.uit.edu.vn/sites/oep/files/styles/gallerythumbnail/public/photos/large/201812/48370111_526155277886954_5504485646250541056_o_526155271220288.jpg?itok=FmcYJdso status=None
[2025-10-14T02:43:59.293744] https://oep.uit.edu.vn/sites/oep/files/photos/large/201812/48370134_526120607890421_4766899522255192064_o_526120601223755.jpg status=None
[2025-10-14T02:43:59.478653] https://oep.uit.edu.vn/sites/oep/files/styles/gallerythumbnail/public/photos/large/201812/48370134_526120607890421_4766899522255192064_o_526120601223755.jpg?itok=Ba8h_ba_ status=None
[2025-10-14T02:43:59.715176] https://oep.uit.edu.vn/sites/oep/files/photos/large/201812/48395773_526156231220192_2401269949805887488_o_526156224553526.jpg status=None
[2025-10-14T02:43:59.932441] https://oep.uit.edu.vn/sites/oep/files/styles/gallerythumbnail/public/photos/large/201812/48395773_526156231220192_2401269949805887488_o_526156224553526.jpg?itok=7FVzn02l status=None
[2025-10-14T02:44:00.180733] https://oep.uit.edu.vn/sites/oep/files/photos/large/201812/48403813_526155767886905_7902804111710486528_o_526155761220239.jpg status=None
[2025-10-14T02:44:00.391243] https://oep.uit.edu.vn/sites/oep/files/styles/gallerythumbnail/public/photos/large/201812/48403813_526155767886905_7902804111710486528_o_526155761220239.jpg?itok=fB7OVciQ status=None
[2025-10-14T02:44:00.633350] https://oep.uit.edu.vn/sites/oep/files/photos/large/201812/48405613_526156057886876_7173670388864385024_o_526156047886877.jpg status=None
[2025-10-14T02:44:00.819971] https://oep.uit.edu.vn/sites/oep/files/styles/gallerythumbnail/public/photos/large/201812/48405613_526156057886876_7173670388864385024_o_526156047886877.jpg?itok=WuBhehLK status=None
[2025-10-14T02:44:01.068836] https://oep.uit.edu.vn/sites/oep/files/photos/large/201812/48414871_526156157886866_5257123099396014080_o_526156147886867.jpg status=None
[2025-10-14T02:44:01.268970] https://oep.uit.edu.vn/sites/oep/files/styles/gallerythumbnail/public/photos/large/201812/48414871_526156157886866_5257123099396014080_o_526156147886867.jpg?itok=QUDO3_si status=None
[2025-10-14T02:44:01.845470] https://oep.uit.edu.vn/vi/node/3786 status=None
[2025-10-14T02:44:02.431986] https://oep.uit.edu.vn/vi/gallery/cuoc-thi-infinity-choice-clb-english-home#main status=None
[2025-10-14T02:44:03.013282] https://oep.uit.edu.vn/vi/gallery/cuoc-thi-infinity-choice-clb-english-home#main-nav status=None
[2025-10-14T02:44:03.583172] https://oep.uit.edu.vn/en/node/3786 status=None
[2025-10-14T02:44:03.810457] https://oep.uit.edu.vn/sites/oep/files/photos/large/201806/35437343_988433384658450_3971145492233977856_o_0.jpg status=None
[2025-10-14T02:44:04.002461] https://oep.uit.edu.vn/sites/oep/files/styles/gallerythumbnail/public/photos/large/201806/35437343_988433384658450_3971145492233977856_o_0.jpg?itok=wScpsee5 status=None
[2025-10-14T02:44:04.246846] https://oep.uit.edu.vn/sites/oep/files/photos/large/201806/35464650_988432754658513_5757695490430861312_o_0.jpg status=None
[2025-10-14T02:44:04.453056] https://oep.uit.edu.vn/sites/oep/files/styles/gallerythumbnail/public/photos/large/201806/35464650_988432754658513_5757695490430861312_o_0.jpg?itok=CLiMDYTZ status=None
[2025-10-14T02:44:04.685574] https://oep.uit.edu.vn/sites/oep/files/photos/large/201806/35478695_988433321325123_6640038655299682304_o_0.jpg status=None
[2025-10-14T02:44:04.877195] https://oep.uit.edu.vn/sites/oep/files/styles/gallerythumbnail/public/photos/large/201806/35478695_988433321325123_6640038655299682304_o_0.jpg?itok=eVBQ2mRO status=None
[2025-10-14T02:44:05.111307] https://oep.uit.edu.vn/sites/oep/files/photos/large/201806/35484856_988433107991811_1019322488120672256_o_0.jpg status=None
[2025-10-14T02:44:05.297552] https://oep.uit.edu.vn/sites/oep/files/styles/gallerythumbnail/public/photos/large/201806/35484856_988433107991811_1019322488120672256_o_0.jpg?itok=h1-nbmDU status=None
[2025-10-14T02:44:05.533224] https://oep.uit.edu.vn/sites/oep/files/photos/large/201806/35488022_988433217991800_4609086656975208448_o_0.jpg status=None
[2025-10-14T02:44:05.723751] https://oep.uit.edu.vn/sites/oep/files/styles/gallerythumbnail/public/photos/large/201806/35488022_988433217991800_4609086656975208448_o_0.jpg?itok=Ae3aTz3j status=None
[2025-10-14T02:44:05.994345] https://oep.uit.edu.vn/sites/oep/files/photos/large/201806/35493899_988432937991828_183309960107524096_o_0.jpg status=None
[2025-10-14T02:44:06.195515] https://oep.uit.edu.vn/sites/oep/files/styles/gallerythumbnail/public/photos/large/201806/35493899_988432937991828_183309960107524096_o_0.jpg?itok=MV2EdEfS status=None
[2025-10-14T02:44:06.424280] https://oep.uit.edu.vn/sites/oep/files/photos/large/201806/35511989_988432744658514_6918774808675090432_o_0.jpg status=None
[2025-10-14T02:44:06.613705] https://oep.uit.edu.vn/sites/oep/files/styles/gallerythumbnail/public/photos/large/201806/35511989_988432744658514_6918774808675090432_o_0.jpg?itok=fW1YUW48 status=None
[2025-10-14T02:44:06.852415] https://oep.uit.edu.vn/sites/oep/files/photos/large/201806/35522351_988433071325148_7067338010911571968_o_0.jpg status=None
[2025-10-14T02:44:07.036030] https://oep.uit.edu.vn/sites/oep/files/styles/gallerythumbnail/public/photos/large/201806/35522351_988433071325148_7067338010911571968_o_0.jpg?itok=j8bb1Qfu status=None
[2025-10-14T02:44:07.276407] https://oep.uit.edu.vn/sites/oep/files/photos/large/201806/35522454_988433437991778_3418010419552321536_o_0.jpg status=None
[2025-10-14T02:44:07.476387] https://oep.uit.edu.vn/sites/oep/files/styles/gallerythumbnail/public/photos/large/201806/35522454_988433437991778_3418010419552321536_o_0.jpg?itok=rQLOKWHU status=None
[2025-10-14T02:44:07.726669] https://oep.uit.edu.vn/sites/oep/files/photos/large/201806/35529168_988433087991813_985677818857783296_o_0.jpg status=None
[2025-10-14T02:44:07.914544] https://oep.uit.edu.vn/sites/oep/files/styles/gallerythumbnail/public/photos/large/201806/35529168_988433087991813_985677818857783296_o_0.jpg?itok=hQvbEh3g status=None
[2025-10-14T02:44:08.153340] https://oep.uit.edu.vn/sites/oep/files/photos/large/201806/35542718_988432904658498_4479547522750087168_o_0.jpg status=None
[2025-10-14T02:44:08.339436] https://oep.uit.edu.vn/sites/oep/files/styles/gallerythumbnail/public/photos/large/201806/35542718_988432904658498_4479547522750087168_o_0.jpg?itok=XnTdYR2x status=None
[2025-10-14T02:44:08.575557] https://oep.uit.edu.vn/sites/oep/files/photos/large/201806/35548203_988433197991802_1574804863508807680_o_0.jpg status=None
[2025-10-14T02:44:08.759980] https://oep.uit.edu.vn/sites/oep/files/styles/gallerythumbnail/public/photos/large/201806/35548203_988433197991802_1574804863508807680_o_0.jpg?itok=kxknPAbK status=None
[2025-10-14T02:44:08.994035] https://oep.uit.edu.vn/sites/oep/files/photos/large/201806/35645077_988432924658496_4347633902970470400_o_0.jpg status=None
[2025-10-14T02:44:09.197154] https://oep.uit.edu.vn/sites/oep/files/styles/gallerythumbnail/public/photos/large/201806/35645077_988432924658496_4347633902970470400_o_0.jpg?itok=uNZ8Zaju status=None
[2025-10-14T02:44:09.432282] https://oep.uit.edu.vn/sites/oep/files/photos/large/201806/35686873_988433297991792_4254007193625427968_o_0.jpg status=None
[2025-10-14T02:44:09.621804] https://oep.uit.edu.vn/sites/oep/files/styles/gallerythumbnail/public/photos/large/201806/35686873_988433297991792_4254007193625427968_o_0.jpg?itok=1m_CW3-2 status=None
[2025-10-14T02:44:10.161140] https://oep.uit.edu.vn/vi/node/4078 status=None
[2025-10-14T02:44:10.704738] https://oep.uit.edu.vn/vi/gallery/buoi-tuyen-thanh-vien-clb-tieng-anh-e-home-2018#main status=None
[2025-10-14T02:44:11.270075] https://oep.uit.edu.vn/vi/gallery/buoi-tuyen-thanh-vien-clb-tieng-anh-e-home-2018#main-nav status=None
[2025-10-14T02:44:11.828759] https://oep.uit.edu.vn/en/node/4078 status=None
[2025-10-14T02:44:12.044742] https://oep.uit.edu.vn/sites/oep/files/photos/large/201810/b39018e758197ac9539c11407ae45817-preschool-worksheets-free-preschool-jobs.jpg status=None
[2025-10-14T02:44:12.249482] https://oep.uit.edu.vn/sites/oep/files/styles/gallerythumbnail/public/photos/large/201810/b39018e758197ac9539c11407ae45817-preschool-worksheets-free-preschool-jobs.jpg?itok=B67qLgG_ status=None
[2025-10-14T02:44:12.498454] https://oep.uit.edu.vn/sites/oep/files/photos/large/201810/dsc03819-2.jpg status=None
[2025-10-14T02:44:12.686125] https://oep.uit.edu.vn/sites/oep/files/styles/gallerythumbnail/public/photos/large/201810/dsc03819-2.jpg?itok=ns27s4R9 status=None
[2025-10-14T02:44:13.030909] https://oep.uit.edu.vn/sites/oep/files/photos/large/201810/dsc03824-2.jpg status=None
[2025-10-14T02:44:13.223329] https://oep.uit.edu.vn/sites/oep/files/styles/gallerythumbnail/public/photos/large/201810/dsc03824-2.jpg?itok=bpr-TPAY status=None
[2025-10-14T02:44:13.466302] https://oep.uit.edu.vn/sites/oep/files/photos/large/201810/dsc03826-2.jpg status=None
[2025-10-14T02:44:13.653467] https://oep.uit.edu.vn/sites/oep/files/styles/gallerythumbnail/public/photos/large/201810/dsc03826-2.jpg?itok=5NsuDm5Q status=None
[2025-10-14T02:44:13.902438] https://oep.uit.edu.vn/sites/oep/files/photos/large/201810/dsc03827-2.jpg status=None
[2025-10-14T02:44:14.093023] https://oep.uit.edu.vn/sites/oep/files/styles/gallerythumbnail/public/photos/large/201810/dsc03827-2.jpg?itok=oE5YasIE status=None
[2025-10-14T02:44:14.327615] https://oep.uit.edu.vn/sites/oep/files/photos/large/201810/dsc03829-2.jpg status=None
[2025-10-14T02:44:14.512661] https://oep.uit.edu.vn/sites/oep/files/styles/gallerythumbnail/public/photos/large/201810/dsc03829-2.jpg?itok=yxGxKgN6 status=None
[2025-10-14T02:44:14.747071] https://oep.uit.edu.vn/sites/oep/files/photos/large/201810/dsc03839-2.jpg status=None
[2025-10-14T02:44:14.951609] https://oep.uit.edu.vn/sites/oep/files/styles/gallerythumbnail/public/photos/large/201810/dsc03839-2.jpg?itok=gYPS-LkT status=None
[2025-10-14T02:44:15.185811] https://oep.uit.edu.vn/sites/oep/files/photos/large/201810/dsc03842-2.jpg status=None
[2025-10-14T02:44:15.403826] https://oep.uit.edu.vn/sites/oep/files/styles/gallerythumbnail/public/photos/large/201810/dsc03842-2.jpg?itok=nSKF0ruW status=None
[2025-10-14T02:44:15.637213] https://oep.uit.edu.vn/sites/oep/files/photos/large/201810/dsc03861-2.jpg status=None
[2025-10-14T02:44:15.825378] https://oep.uit.edu.vn/sites/oep/files/styles/gallerythumbnail/public/photos/large/201810/dsc03861-2.jpg?itok=JnuIAbh2 status=None
[2025-10-14T02:44:16.062399] https://oep.uit.edu.vn/sites/oep/files/photos/large/201810/dsc03876-2.jpg status=None
[2025-10-14T02:44:16.262831] https://oep.uit.edu.vn/sites/oep/files/styles/gallerythumbnail/public/photos/large/201810/dsc03876-2.jpg?itok=f9i6QAba status=None
[2025-10-14T02:44:16.841998] https://oep.uit.edu.vn/vi/node/4596 status=None
[2025-10-14T02:44:17.400447] https://oep.uit.edu.vn/vi/gallery/chung-ket-cuoc-thi-uits-got-talent-2018#main status=None
[2025-10-14T02:44:17.963251] https://oep.uit.edu.vn/vi/gallery/chung-ket-cuoc-thi-uits-got-talent-2018#main-nav status=None
[2025-10-14T02:44:18.538558] https://oep.uit.edu.vn/en/node/4596 status=None
[2025-10-14T02:44:18.762045] https://oep.uit.edu.vn/sites/oep/files/photos/large/201812/48382376_530100414159107_2495903751672430592_o.jpg status=None
[2025-10-14T02:44:18.952361] https://oep.uit.edu.vn/sites/oep/files/styles/gallerythumbnail/public/photos/large/201812/48382376_530100414159107_2495903751672430592_o.jpg?itok=TIMucnBh status=None
[2025-10-14T02:44:19.185379] https://oep.uit.edu.vn/sites/oep/files/photos/large/201812/48387497_530081387494343_4053880173106298880_o.jpg status=None
[2025-10-14T02:44:19.373140] https://oep.uit.edu.vn/sites/oep/files/styles/gallerythumbnail/public/photos/large/201812/48387497_530081387494343_4053880173106298880_o.jpg?itok=JN1yRWLR status=None
[2025-10-14T02:44:19.603684] https://oep.uit.edu.vn/sites/oep/files/photos/large/201812/48388247_530100907492391_5782075867991638016_o.jpg status=None
[2025-10-14T02:44:19.808931] https://oep.uit.edu.vn/sites/oep/files/styles/gallerythumbnail/public/photos/large/201812/48388247_530100907492391_5782075867991638016_o.jpg?itok=4c5E7-Ma status=None
[2025-10-14T02:44:20.043570] https://oep.uit.edu.vn/sites/oep/files/photos/large/201812/48388353_530101270825688_5274527655499137024_o.jpg status=None
[2025-10-14T02:44:20.244101] https://oep.uit.edu.vn/sites/oep/files/styles/gallerythumbnail/public/photos/large/201812/48388353_530101270825688_5274527655499137024_o.jpg?itok=pD9jSFb7 status=None
[2025-10-14T02:44:20.478924] https://oep.uit.edu.vn/sites/oep/files/photos/large/201812/48394331_530101404159008_4514111830410395648_o.jpg status=None
[2025-10-14T02:44:20.682408] https://oep.uit.edu.vn/sites/oep/files/styles/gallerythumbnail/public/photos/large/201812/48394331_530101404159008_4514111830410395648_o.jpg?itok=vZ22MZIn status=None
[2025-10-14T02:44:20.919572] https://oep.uit.edu.vn/sites/oep/files/photos/large/201812/48395357_530081250827690_5115921724507947008_o.jpg status=None
[2025-10-14T02:44:21.127270] https://oep.uit.edu.vn/sites/oep/files/styles/gallerythumbnail/public/photos/large/201812/48395357_530081250827690_5115921724507947008_o.jpg?itok=0xtxJVLS status=None
[2025-10-14T02:44:21.389005] https://oep.uit.edu.vn/sites/oep/files/photos/large/201812/48405913_530081427494339_3952232577976238080_o.jpg status=None
[2025-10-14T02:44:21.608374] https://oep.uit.edu.vn/sites/oep/files/styles/gallerythumbnail/public/photos/large/201812/48405913_530081427494339_3952232577976238080_o.jpg?itok=JgawA7O- status=None
[2025-10-14T02:44:21.869074] https://oep.uit.edu.vn/sites/oep/files/photos/large/201812/48419558_530100930825722_5261525045737422848_o.jpg status=None
[2025-10-14T02:44:22.057022] https://oep.uit.edu.vn/sites/oep/files/styles/gallerythumbnail/public/photos/large/201812/48419558_530100930825722_5261525045737422848_o.jpg?itok=NdlgsgHN status=None
[2025-10-14T02:44:22.287849] https://oep.uit.edu.vn/sites/oep/files/photos/large/201812/48420317_530081757494306_5882389377560084480_o.jpg status=None
[2025-10-14T02:44:22.478073] https://oep.uit.edu.vn/sites/oep/files/styles/gallerythumbnail/public/photos/large/201812/48420317_530081757494306_5882389377560084480_o.jpg?itok=AE5KRTr4 status=None
[2025-10-14T02:44:22.712696] https://oep.uit.edu.vn/sites/oep/files/photos/large/201812/48423285_530101047492377_2727906537698754560_o.jpg status=None
[2025-10-14T02:44:22.903234] https://oep.uit.edu.vn/sites/oep/files/styles/gallerythumbnail/public/photos/large/201812/48423285_530101047492377_2727906537698754560_o.jpg?itok=Hwek9v96 status=None
[2025-10-14T02:44:23.453540] https://oep.uit.edu.vn/vi/taxonomy/term/163 status=None
[2025-10-14T02:44:24.028889] https://oep.uit.edu.vn/vi/category/clb-tieng-nhat#main status=None
[2025-10-14T02:44:24.578752] https://oep.uit.edu.vn/vi/category/clb-tieng-nhat#main-nav status=None
[2025-10-14T02:44:25.120821] https://oep.uit.edu.vn/en/taxonomy/term/163 status=None
[2025-10-14T02:44:25.696602] https://oep.uit.edu.vn/vi/khong-gian-nhat-ngu-uit status=None
[2025-10-14T02:44:26.278462] https://oep.uit.edu.vn/vi/taxonomy/term/153 status=None
[2025-10-14T02:44:26.840512] https://oep.uit.edu.vn/vi/category/goc-nho-sinh-vien#main status=None
[2025-10-14T02:44:27.431687] https://oep.uit.edu.vn/vi/category/goc-nho-sinh-vien#main-nav status=None
[2025-10-14T02:44:27.987834] https://oep.uit.edu.vn/en/taxonomy/term/153 status=None
[2025-10-14T02:44:28.609820] https://oep.uit.edu.vn/vi/recap-lop-phuong-phap-hoc-tap-bac-dai-hoc-nam-2024 status=None
[2025-10-14T02:44:29.254057] https://oep.uit.edu.vn/vi/recap-uit-english-contest-mua-01-san-choi-moi-danh-cho-tai-nang-tre-uit status=None
[2025-10-14T02:44:29.854856] https://oep.uit.edu.vn/vi/goc-nho-sv-sinh-hoat-tieng-anh-mien-phi-theo-lich-tai-tt-ngoai-ngu-uit status=None
[2025-10-14T02:44:30.505985] https://oep.uit.edu.vn/vi/goc-nho-sv-nhung-luu-y-khi-tham-du-le-tn-danh-cho-sv-bcu-nam-2023 status=None
[2025-10-14T02:44:31.130311] https://oep.uit.edu.vn/vi/recap-gap-mat-sv-chuong-trinh-tai-nang-cttn-nam-2023 status=None
[2025-10-14T02:44:31.731707] https://oep.uit.edu.vn/vi/goc-nho-sv-tong-ket-lop-phuong-phap-hoc-tap-bac-dai-hoc-2023 status=None
[2025-10-14T02:44:32.338307] https://oep.uit.edu.vn/vi/ks-khao-sat-lay-y-kien-danh-gia-cua-sv-oep-ve-cvht status=None
[2025-10-14T02:44:32.898223] https://oep.uit.edu.vn/vi/goc-nho-sv-vv-xac-nhan-chung-chi-va-cac-giay-khac-tren-daa status=None
[2025-10-14T02:44:33.542756] https://oep.uit.edu.vn/vi/goc-nho-sv-quy-trinh-dang-ky-xet-tn status=None
[2025-10-14T02:44:34.112046] https://oep.uit.edu.vn/vi/category/goc-nho-sinh-vien?page=1 status=None
[2025-10-14T02:44:34.691716] https://oep.uit.edu.vn/vi/category/goc-nho-sinh-vien?page=2 status=None
[2025-10-14T02:44:35.267339] https://oep.uit.edu.vn/vi/category/goc-nho-sinh-vien?page=3 status=None
[2025-10-14T02:44:35.833123] https://oep.uit.edu.vn/vi/category/goc-nho-sinh-vien?page=4 status=None
[2025-10-14T02:44:36.463501] https://oep.uit.edu.vn/vi/category/goc-nho-sinh-vien?page=5 status=None
[2025-10-14T02:44:37.031095] https://oep.uit.edu.vn/vi/category/goc-nho-sinh-vien?page=6 status=None
[2025-10-14T02:44:37.609989] https://oep.uit.edu.vn/vi/node/3693 status=None
[2025-10-14T02:44:38.161962] https://oep.uit.edu.vn/vi/gallery/tour-tham-quan-cong-ty-zalo-ngay-21052018#main status=None
[2025-10-14T02:44:38.731471] https://oep.uit.edu.vn/vi/gallery/tour-tham-quan-cong-ty-zalo-ngay-21052018#main-nav status=None
[2025-10-14T02:44:39.319317] https://oep.uit.edu.vn/en/node/3693 status=None
[2025-10-14T02:44:39.540648] https://oep.uit.edu.vn/sites/oep/files/photos/large/201805/33020607_174166499959802_4430445562541637632_o.jpg status=None
[2025-10-14T02:44:39.727154] https://oep.uit.edu.vn/sites/oep/files/styles/gallerythumbnail/public/photos/large/201805/33020607_174166499959802_4430445562541637632_o.jpg?itok=n2fJfX-V status=None
[2025-10-14T02:44:39.963364] https://oep.uit.edu.vn/sites/oep/files/photos/large/201805/33022013_174166956626423_1035163285286027264_o.jpg status=None
[2025-10-14T02:44:40.181053] https://oep.uit.edu.vn/sites/oep/files/styles/gallerythumbnail/public/photos/large/201805/33022013_174166956626423_1035163285286027264_o.jpg?itok=vPIYimh0 status=None
[2025-10-14T02:44:40.415119] https://oep.uit.edu.vn/sites/oep/files/photos/large/201805/33022282_174166023293183_224245190326484992_o.jpg status=None
[2025-10-14T02:44:40.603379] https://oep.uit.edu.vn/sites/oep/files/styles/gallerythumbnail/public/photos/large/201805/33022282_174166023293183_224245190326484992_o.jpg?itok=UQ5j3NPy status=None
[2025-10-14T02:44:40.849565] https://oep.uit.edu.vn/sites/oep/files/photos/large/201805/33023454_174166266626492_687538218714791936_o.jpg status=None
[2025-10-14T02:44:41.053584] https://oep.uit.edu.vn/sites/oep/files/styles/gallerythumbnail/public/photos/large/201805/33023454_174166266626492_687538218714791936_o.jpg?itok=jLm3NIHA status=None
[2025-10-14T02:44:41.288120] https://oep.uit.edu.vn/sites/oep/files/photos/large/201805/33027206_174166486626470_9427182631780352_o.jpg status=None
[2025-10-14T02:44:41.493547] https://oep.uit.edu.vn/sites/oep/files/styles/gallerythumbnail/public/photos/large/201805/33027206_174166486626470_9427182631780352_o.jpg?itok=snXJCuTx status=None
[2025-10-14T02:44:41.739326] https://oep.uit.edu.vn/sites/oep/files/photos/large/201805/33028075_174165899959862_7026593889557413888_o.jpg status=None
[2025-10-14T02:44:41.927447] https://oep.uit.edu.vn/sites/oep/files/styles/gallerythumbnail/public/photos/large/201805/33028075_174165899959862_7026593889557413888_o.jpg?itok=uExrs0Xm status=None
[2025-10-14T02:44:42.159475] https://oep.uit.edu.vn/sites/oep/files/photos/large/201805/33032871_174166529959799_1941987055072444416_o.jpg status=None
[2025-10-14T02:44:42.350552] https://oep.uit.edu.vn/sites/oep/files/styles/gallerythumbnail/public/photos/large/201805/33032871_174166529959799_1941987055072444416_o.jpg?itok=pL6gG603 status=None
[2025-10-14T02:44:42.599222] https://oep.uit.edu.vn/sites/oep/files/photos/large/201805/33035970_174166313293154_7416582065405034496_o.jpg status=None
[2025-10-14T02:44:42.783592] https://oep.uit.edu.vn/sites/oep/files/styles/gallerythumbnail/public/photos/large/201805/33035970_174166313293154_7416582065405034496_o.jpg?itok=DbJ9H1b5 status=None
[2025-10-14T02:44:43.001071] https://oep.uit.edu.vn/sites/oep/files/photos/large/201805/33038958_174165853293200_2762392651184472064_o.jpg status=None
[2025-10-14T02:44:43.191262] https://oep.uit.edu.vn/sites/oep/files/styles/gallerythumbnail/public/photos/large/201805/33038958_174165853293200_2762392651184472064_o.jpg?itok=iMK6vZmV status=None
[2025-10-14T02:44:43.424350] https://oep.uit.edu.vn/sites/oep/files/photos/large/201805/33040793_174166673293118_4659257389730496512_o.jpg status=None
[2025-10-14T02:44:43.611114] https://oep.uit.edu.vn/sites/oep/files/styles/gallerythumbnail/public/photos/large/201805/33040793_174166673293118_4659257389730496512_o.jpg?itok=aSVN05tT status=None
[2025-10-14T02:44:43.829804] https://oep.uit.edu.vn/sites/oep/files/photos/large/201805/33059610_174166889959763_4341178077498310656_o.jpg status=None
[2025-10-14T02:44:44.017079] https://oep.uit.edu.vn/sites/oep/files/styles/gallerythumbnail/public/photos/large/201805/33059610_174166889959763_4341178077498310656_o.jpg?itok=J-BvnIUk status=None
[2025-10-14T02:44:44.236470] https://oep.uit.edu.vn/sites/oep/files/photos/large/201805/33060336_174165546626564_7747261626272710656_o.jpg status=None
[2025-10-14T02:44:44.424273] https://oep.uit.edu.vn/sites/oep/files/styles/gallerythumbnail/public/photos/large/201805/33060336_174165546626564_7747261626272710656_o.jpg?itok=Umn6LUNa status=None
[2025-10-14T02:44:44.656286] https://oep.uit.edu.vn/sites/oep/files/photos/large/201805/33066117_174166059959846_981042406684098560_o.jpg status=None
[2025-10-14T02:44:44.857010] https://oep.uit.edu.vn/sites/oep/files/styles/gallerythumbnail/public/photos/large/201805/33066117_174166059959846_981042406684098560_o.jpg?itok=xtbHJpJL status=None
[2025-10-14T02:44:45.094203] https://oep.uit.edu.vn/sites/oep/files/photos/large/201805/33073852_174166663293119_3250672175803269120_o.jpg status=None
[2025-10-14T02:44:45.295052] https://oep.uit.edu.vn/sites/oep/files/styles/gallerythumbnail/public/photos/large/201805/33073852_174166663293119_3250672175803269120_o.jpg?itok=jxJEa-C2 status=None
[2025-10-14T02:44:45.526423] https://oep.uit.edu.vn/sites/oep/files/photos/large/201805/33077444_174166639959788_1344387337026535424_o.jpg status=None
[2025-10-14T02:44:45.716879] https://oep.uit.edu.vn/sites/oep/files/styles/gallerythumbnail/public/photos/large/201805/33077444_174166639959788_1344387337026535424_o.jpg?itok=8ps6A4wI status=None
[2025-10-14T02:44:45.955423] https://oep.uit.edu.vn/sites/oep/files/photos/large/201805/33082990_174165669959885_3715486597571936256_o.jpg status=None
[2025-10-14T02:44:46.159733] https://oep.uit.edu.vn/sites/oep/files/styles/gallerythumbnail/public/photos/large/201805/33082990_174165669959885_3715486597571936256_o.jpg?itok=H3Ci5yzx status=None
[2025-10-14T02:44:46.409526] https://oep.uit.edu.vn/sites/oep/files/photos/large/201805/33083051_174165576626561_1728235882894327808_o.jpg status=None
[2025-10-14T02:44:46.599445] https://oep.uit.edu.vn/sites/oep/files/styles/gallerythumbnail/public/photos/large/201805/33083051_174165576626561_1728235882894327808_o.jpg?itok=STqc09VP status=None
[2025-10-14T02:44:46.829475] https://oep.uit.edu.vn/sites/oep/files/photos/large/201805/33087686_174166189959833_8688145951300255744_o.jpg status=None
[2025-10-14T02:44:47.019534] https://oep.uit.edu.vn/sites/oep/files/styles/gallerythumbnail/public/photos/large/201805/33087686_174166189959833_8688145951300255744_o.jpg?itok=8suEBYLL status=None
[2025-10-14T02:44:47.243348] https://oep.uit.edu.vn/sites/oep/files/photos/large/201805/33088983_174166219959830_4459423788492128256_o.jpg status=None
[2025-10-14T02:44:47.441827] https://oep.uit.edu.vn/sites/oep/files/styles/gallerythumbnail/public/photos/large/201805/33088983_174166219959830_4459423788492128256_o.jpg?itok=v5maFDxz status=None
[2025-10-14T02:44:47.692382] https://oep.uit.edu.vn/sites/oep/files/photos/large/201805/33096381_174166703293115_4701035215223521280_o.jpg status=None
[2025-10-14T02:44:47.880552] https://oep.uit.edu.vn/sites/oep/files/styles/gallerythumbnail/public/photos/large/201805/33096381_174166703293115_4701035215223521280_o.jpg?itok=G42HiOA- status=None
[2025-10-14T02:44:48.478409] https://oep.uit.edu.vn/vi/node/3739 status=None
[2025-10-14T02:44:49.070555] https://oep.uit.edu.vn/vi/gallery/giai-bong-da-oep-mo-rong-lan-6-2018#main status=None
[2025-10-14T02:44:49.636394] https://oep.uit.edu.vn/vi/gallery/giai-bong-da-oep-mo-rong-lan-6-2018#main-nav status=None
[2025-10-14T02:44:50.261016] https://oep.uit.edu.vn/en/node/3739 status=None
[2025-10-14T02:44:50.456406] https://oep.uit.edu.vn/sites/oep/files/uploads/images/201805/img_3998.jpg status=None
[2025-10-14T02:44:50.687879] https://oep.uit.edu.vn/sites/oep/files/photos/large/201805/33712127_621649311518538_1451105690805338112_o.jpg status=None
[2025-10-14T02:44:50.884659] https://oep.uit.edu.vn/sites/oep/files/styles/gallerythumbnail/public/photos/large/201805/33712127_621649311518538_1451105690805338112_o.jpg?itok=_KaSadfb status=None
[2025-10-14T02:44:51.126652] https://oep.uit.edu.vn/sites/oep/files/photos/large/201805/33753515_621649164851886_6027828540844539904_o.jpg status=None
[2025-10-14T02:44:51.315471] https://oep.uit.edu.vn/sites/oep/files/styles/gallerythumbnail/public/photos/large/201805/33753515_621649164851886_6027828540844539904_o.jpg?itok=3SkALnvg status=None
[2025-10-14T02:44:51.548722] https://oep.uit.edu.vn/sites/oep/files/photos/large/201805/33754878_621649201518549_4124731894946332672_o.jpg status=None
[2025-10-14T02:44:51.736462] https://oep.uit.edu.vn/sites/oep/files/styles/gallerythumbnail/public/photos/large/201805/33754878_621649201518549_4124731894946332672_o.jpg?itok=DCzqUzbl status=None
[2025-10-14T02:44:51.969722] https://oep.uit.edu.vn/sites/oep/files/photos/large/201805/33769733_621649211518548_411034378886447104_o.jpg status=None
[2025-10-14T02:44:52.161059] https://oep.uit.edu.vn/sites/oep/files/styles/gallerythumbnail/public/photos/large/201805/33769733_621649211518548_411034378886447104_o.jpg?itok=OuGEwvKL status=None
[2025-10-14T02:44:52.392515] https://oep.uit.edu.vn/sites/oep/files/photos/large/201805/33770834_621649488185187_8839054789795905536_o.jpg status=None
[2025-10-14T02:44:52.596710] https://oep.uit.edu.vn/sites/oep/files/styles/gallerythumbnail/public/photos/large/201805/33770834_621649488185187_8839054789795905536_o.jpg?itok=cItrj7HM status=None
[2025-10-14T02:44:52.859095] https://oep.uit.edu.vn/sites/oep/files/photos/large/201805/33777411_621649071518562_820845778720260096_o.jpg status=None
[2025-10-14T02:44:53.045642] https://oep.uit.edu.vn/sites/oep/files/styles/gallerythumbnail/public/photos/large/201805/33777411_621649071518562_820845778720260096_o.jpg?itok=xImkWgBG status=None
[2025-10-14T02:44:53.279959] https://oep.uit.edu.vn/sites/oep/files/photos/large/201805/33778934_621648981518571_503175042431975424_o.jpg status=None
[2025-10-14T02:44:53.470987] https://oep.uit.edu.vn/sites/oep/files/styles/gallerythumbnail/public/photos/large/201805/33778934_621648981518571_503175042431975424_o.jpg?itok=XPtsi3k9 status=None
[2025-10-14T02:44:53.705592] https://oep.uit.edu.vn/sites/oep/files/photos/large/201805/33783340_621648944851908_4824425030022594560_o.jpg status=None
[2025-10-14T02:44:53.908166] https://oep.uit.edu.vn/sites/oep/files/styles/gallerythumbnail/public/photos/large/201805/33783340_621648944851908_4824425030022594560_o.jpg?itok=veklexpX status=None
[2025-10-14T02:44:54.143150] https://oep.uit.edu.vn/sites/oep/files/photos/large/201805/33783362_621649091518560_8052865724957327360_o.jpg status=None
[2025-10-14T02:44:54.328821] https://oep.uit.edu.vn/sites/oep/files/styles/gallerythumbnail/public/photos/large/201805/33783362_621649091518560_8052865724957327360_o.jpg?itok=xiNHGQar status=None
[2025-10-14T02:44:54.563224] https://oep.uit.edu.vn/sites/oep/files/photos/large/201805/33822474_621649308185205_2962142779733442560_o.jpg status=None
[2025-10-14T02:44:54.751427] https://oep.uit.edu.vn/sites/oep/files/styles/gallerythumbnail/public/photos/large/201805/33822474_621649308185205_2962142779733442560_o.jpg?itok=xlbz9nPt status=None
[2025-10-14T02:44:54.984824] https://oep.uit.edu.vn/sites/oep/files/photos/large/201805/33825650_621649114851891_3276960446556405760_o.jpg status=None
[2025-10-14T02:44:55.177058] https://oep.uit.edu.vn/sites/oep/files/styles/gallerythumbnail/public/photos/large/201805/33825650_621649114851891_3276960446556405760_o.jpg?itok=XZjv-sYQ status=None
[2025-10-14T02:44:55.407108] https://oep.uit.edu.vn/sites/oep/files/photos/large/201805/33827372_621649508185185_7632022607134457856_o.jpg status=None
[2025-10-14T02:44:55.608551] https://oep.uit.edu.vn/sites/oep/files/styles/gallerythumbnail/public/photos/large/201805/33827372_621649508185185_7632022607134457856_o.jpg?itok=gRefEdd3 status=None
[2025-10-14T02:44:55.846837] https://oep.uit.edu.vn/sites/oep/files/photos/large/201805/33828788_621649461518523_730553136522985472_o.jpg status=None
[2025-10-14T02:44:56.047875] https://oep.uit.edu.vn/sites/oep/files/styles/gallerythumbnail/public/photos/large/201805/33828788_621649461518523_730553136522985472_o.jpg?itok=O8Q4C8X4 status=None
[2025-10-14T02:44:56.282972] https://oep.uit.edu.vn/sites/oep/files/photos/large/201805/33862417_621648974851905_2643488684912934912_o.jpg status=None
[2025-10-14T02:44:56.490795] https://oep.uit.edu.vn/sites/oep/files/styles/gallerythumbnail/public/photos/large/201805/33862417_621648974851905_2643488684912934912_o.jpg?itok=FAcw_2sS status=None
[2025-10-14T02:44:56.706721] https://oep.uit.edu.vn/sites/oep/files/photos/large/201805/33865987_621649411518528_2853907215872425984_o.jpg status=None
[2025-10-14T02:44:56.894457] https://oep.uit.edu.vn/sites/oep/files/styles/gallerythumbnail/public/photos/large/201805/33865987_621649411518528_2853907215872425984_o.jpg?itok=L9FzaISf status=None
[2025-10-14T02:44:57.128710] https://oep.uit.edu.vn/sites/oep/files/photos/large/201805/33873821_621649438185192_6363119320335122432_o.jpg status=None
[2025-10-14T02:44:57.313885] https://oep.uit.edu.vn/sites/oep/files/styles/gallerythumbnail/public/photos/large/201805/33873821_621649438185192_6363119320335122432_o.jpg?itok=gbLC2c7H status=None
[2025-10-14T02:44:57.563888] https://oep.uit.edu.vn/sites/oep/files/photos/large/201805/33897369_621649344851868_4047225799885979648_o.jpg status=None
[2025-10-14T02:44:57.767051] https://oep.uit.edu.vn/sites/oep/files/styles/gallerythumbnail/public/photos/large/201805/33897369_621649344851868_4047225799885979648_o.jpg?itok=H5177wzx status=None
[2025-10-14T02:44:58.321712] https://oep.uit.edu.vn/vi/node/4718 status=None
[2025-10-14T02:44:58.879021] https://oep.uit.edu.vn/vi/gallery/buoi-gioi-thieu-ve-truong-dai-hoc-saga-danh-cho-sinh-vien-clc-nganh-cong-nghe-thong-tin-dinh#main status=None
[2025-10-14T02:44:59.432959] https://oep.uit.edu.vn/vi/gallery/buoi-gioi-thieu-ve-truong-dai-hoc-saga-danh-cho-sinh-vien-clc-nganh-cong-nghe-thong-tin-dinh#main-nav status=None
[2025-10-14T02:45:00.024672] https://oep.uit.edu.vn/en/node/4718 status=None
[2025-10-14T02:45:00.245141] https://oep.uit.edu.vn/sites/oep/files/photos/large/201902/img_20190222_081716_954.jpg status=None
[2025-10-14T02:45:00.434473] https://oep.uit.edu.vn/sites/oep/files/styles/gallerythumbnail/public/photos/large/201902/img_20190222_081716_954.jpg?itok=9MNTG5FM status=None
[2025-10-14T02:45:00.669091] https://oep.uit.edu.vn/sites/oep/files/photos/large/201902/img_20190222_081716_956.jpg status=None
[2025-10-14T02:45:00.871747] https://oep.uit.edu.vn/sites/oep/files/styles/gallerythumbnail/public/photos/large/201902/img_20190222_081716_956.jpg?itok=ikkaOqhd status=None
[2025-10-14T02:45:01.104989] https://oep.uit.edu.vn/sites/oep/files/photos/large/201902/img_20190222_081716_958.jpg status=None
[2025-10-14T02:45:01.294310] https://oep.uit.edu.vn/sites/oep/files/styles/gallerythumbnail/public/photos/large/201902/img_20190222_081716_958.jpg?itok=yqDV9ccu status=None
[2025-10-14T02:45:01.528941] https://oep.uit.edu.vn/sites/oep/files/photos/large/201902/img_20190222_081716_959.jpg status=None
[2025-10-14T02:45:01.721135] https://oep.uit.edu.vn/sites/oep/files/styles/gallerythumbnail/public/photos/large/201902/img_20190222_081716_959.jpg?itok=C_xIlvx2 status=None
[2025-10-14T02:45:01.970192] https://oep.uit.edu.vn/sites/oep/files/photos/large/201902/img_20190222_081716_960.jpg status=None
[2025-10-14T02:45:02.157631] https://oep.uit.edu.vn/sites/oep/files/styles/gallerythumbnail/public/photos/large/201902/img_20190222_081716_960.jpg?itok=tp_hb3p9 status=None
[2025-10-14T02:45:02.389069] https://oep.uit.edu.vn/sites/oep/files/photos/large/201902/img_20190222_081716_962.jpg status=None
[2025-10-14T02:45:02.575941] https://oep.uit.edu.vn/sites/oep/files/styles/gallerythumbnail/public/photos/large/201902/img_20190222_081716_962.jpg?itok=5X1JXq-D status=None
[2025-10-14T02:45:03.144622] https://oep.uit.edu.vn/vi/node/5241 status=None
[2025-10-14T02:45:03.693121] https://oep.uit.edu.vn/vi/gallery/buoi-khai-mac-giai-bong-da-oep-mo-rong-lan-7-nam-2019#main status=None
[2025-10-14T02:45:04.252256] https://oep.uit.edu.vn/vi/gallery/buoi-khai-mac-giai-bong-da-oep-mo-rong-lan-7-nam-2019#main-nav status=None
[2025-10-14T02:45:04.851090] https://oep.uit.edu.vn/en/node/5241 status=None
[2025-10-14T02:45:05.098425] https://oep.uit.edu.vn/sites/oep/files/photos/large/201905/60419150_1237801509721635_7927494757708726272_o.jpg status=None
[2025-10-14T02:45:05.297237] https://oep.uit.edu.vn/sites/oep/files/styles/gallerythumbnail/public/photos/large/201905/60419150_1237801509721635_7927494757708726272_o.jpg?itok=flSP-9JR status=None
[2025-10-14T02:45:05.529536] https://oep.uit.edu.vn/sites/oep/files/photos/large/201905/60225751_1237801066388346_9219312124528951296_o.jpg status=None
[2025-10-14T02:45:05.719309] https://oep.uit.edu.vn/sites/oep/files/styles/gallerythumbnail/public/photos/large/201905/60225751_1237801066388346_9219312124528951296_o.jpg?itok=EB6bTgJI status=None
[2025-10-14T02:45:05.958690] https://oep.uit.edu.vn/sites/oep/files/photos/large/201905/60270770_1237801359721650_4635041221654347776_o.jpg status=None
[2025-10-14T02:45:06.159148] https://oep.uit.edu.vn/sites/oep/files/styles/gallerythumbnail/public/photos/large/201905/60270770_1237801359721650_4635041221654347776_o.jpg?itok=KxYgmbkT status=None
[2025-10-14T02:45:06.390074] https://oep.uit.edu.vn/sites/oep/files/photos/large/201905/60276357_1237801413054978_3006589983235506176_o.jpg status=None
[2025-10-14T02:45:06.580071] https://oep.uit.edu.vn/sites/oep/files/styles/gallerythumbnail/public/photos/large/201905/60276357_1237801413054978_3006589983235506176_o.jpg?itok=DN9khwep status=None
[2025-10-14T02:45:06.812031] https://oep.uit.edu.vn/sites/oep/files/photos/large/201905/60319436_1237801116388341_3591746575434514432_o.jpg status=None
[2025-10-14T02:45:07.002213] https://oep.uit.edu.vn/sites/oep/files/styles/gallerythumbnail/public/photos/large/201905/60319436_1237801116388341_3591746575434514432_o.jpg?itok=6Jpw1oI0 status=None
[2025-10-14T02:45:07.236767] https://oep.uit.edu.vn/sites/oep/files/photos/large/201905/60327296_1237801053055014_1282776580921229312_o.jpg status=None
[2025-10-14T02:45:07.421202] https://oep.uit.edu.vn/sites/oep/files/styles/gallerythumbnail/public/photos/large/201905/60327296_1237801053055014_1282776580921229312_o.jpg?itok=neWZ9Ffk status=None
[2025-10-14T02:45:07.656684] https://oep.uit.edu.vn/sites/oep/files/photos/large/201905/60334448_1237801099721676_5843015007175966720_o.jpg status=None
[2025-10-14T02:45:07.840985] https://oep.uit.edu.vn/sites/oep/files/styles/gallerythumbnail/public/photos/large/201905/60334448_1237801099721676_5843015007175966720_o.jpg?itok=59og7wf8 status=None
[2025-10-14T02:45:08.077621] https://oep.uit.edu.vn/sites/oep/files/photos/large/201905/60334772_1237801613054958_1467840232010285056_o.jpg status=None
[2025-10-14T02:45:08.261016] https://oep.uit.edu.vn/sites/oep/files/styles/gallerythumbnail/public/photos/large/201905/60334772_1237801613054958_1467840232010285056_o.jpg?itok=u65oVHLy status=None
[2025-10-14T02:45:08.496168] https://oep.uit.edu.vn/sites/oep/files/photos/large/201905/60345154_1237801286388324_1176657997850476544_o.jpg status=None
[2025-10-14T02:45:08.691475] https://oep.uit.edu.vn/sites/oep/files/styles/gallerythumbnail/public/photos/large/201905/60345154_1237801286388324_1176657997850476544_o.jpg?itok=mItg-y5G status=None
[2025-10-14T02:45:08.934500] https://oep.uit.edu.vn/sites/oep/files/photos/large/201905/60501860_1237801403054979_1503034147516448768_o.jpg status=None
[2025-10-14T02:45:09.122295] https://oep.uit.edu.vn/sites/oep/files/styles/gallerythumbnail/public/photos/large/201905/60501860_1237801403054979_1503034147516448768_o.jpg?itok=HsZtUAPD status=None
[2025-10-14T02:45:09.659102] https://oep.uit.edu.vn/vi/node/4783 status=None
[2025-10-14T02:45:10.205020] https://oep.uit.edu.vn/vi/gallery/hinh-anh-buoi-dinh-huong-nghien-cuu-khoa-hoc-uit#main status=None
[2025-10-14T02:45:10.738501] https://oep.uit.edu.vn/vi/gallery/hinh-anh-buoi-dinh-huong-nghien-cuu-khoa-hoc-uit#main-nav status=None
[2025-10-14T02:45:11.314582] https://oep.uit.edu.vn/en/node/4783 status=None
[2025-10-14T02:45:11.561831] https://oep.uit.edu.vn/sites/oep/files/photos/large/201903/53318722_1189382357896884_4587662367965315072_o.jpg status=None
[2025-10-14T02:45:11.762202] https://oep.uit.edu.vn/sites/oep/files/styles/gallerythumbnail/public/photos/large/201903/53318722_1189382357896884_4587662367965315072_o.jpg?itok=BDhTmYx- status=None
[2025-10-14T02:45:11.996518] https://oep.uit.edu.vn/sites/oep/files/photos/large/201903/53365797_1189382387896881_3346134635775000576_o.jpg status=None
[2025-10-14T02:45:12.194042] https://oep.uit.edu.vn/sites/oep/files/styles/gallerythumbnail/public/photos/large/201903/53365797_1189382387896881_3346134635775000576_o.jpg?itok=ZDFC2Y9U status=None
[2025-10-14T02:45:12.403265] https://oep.uit.edu.vn/sites/oep/files/photos/large/201903/53461685_1189382504563536_3806365232222175232_o.jpg status=None
[2025-10-14T02:45:12.608746] https://oep.uit.edu.vn/sites/oep/files/styles/gallerythumbnail/public/photos/large/201903/53461685_1189382504563536_3806365232222175232_o.jpg?itok=B1EDt60v status=None
[2025-10-14T02:45:12.844607] https://oep.uit.edu.vn/sites/oep/files/photos/large/201903/53556245_1189382497896870_5451001917457039360_o.jpg status=None
[2025-10-14T02:45:13.030180] https://oep.uit.edu.vn/sites/oep/files/styles/gallerythumbnail/public/photos/large/201903/53556245_1189382497896870_5451001917457039360_o.jpg?itok=6ZAQbKhf status=None
[2025-10-14T02:45:13.268567] https://oep.uit.edu.vn/sites/oep/files/photos/large/201903/53669849_1189382511230202_7880440405978775552_o.jpg status=None
[2025-10-14T02:45:13.468241] https://oep.uit.edu.vn/sites/oep/files/styles/gallerythumbnail/public/photos/large/201903/53669849_1189382511230202_7880440405978775552_o.jpg?itok=-gRwXoph status=None
[2025-10-14T02:45:13.701874] https://oep.uit.edu.vn/sites/oep/files/photos/large/201903/53677006_1189382347896885_7466947136840531968_o.jpg status=None
[2025-10-14T02:45:13.902887] https://oep.uit.edu.vn/sites/oep/files/styles/gallerythumbnail/public/photos/large/201903/53677006_1189382347896885_7466947136840531968_o.jpg?itok=n3Qtl_Cm status=None
[2025-10-14T02:45:14.457344] https://oep.uit.edu.vn/vi/node/4713 status=None
[2025-10-14T02:45:15.021433] https://oep.uit.edu.vn/vi/gallery/hinh-anh-ve-lop-hoc-cua-giao-su-john-f-hurdle-dai-hoc-utah-hoa-ky#main status=None
[2025-10-14T02:45:15.562575] https://oep.uit.edu.vn/vi/gallery/hinh-anh-ve-lop-hoc-cua-giao-su-john-f-hurdle-dai-hoc-utah-hoa-ky#main-nav status=None
[2025-10-14T02:45:16.169738] https://oep.uit.edu.vn/en/node/4713 status=None
[2025-10-14T02:45:16.380668] https://oep.uit.edu.vn/sites/oep/files/photos/large/201902/52476620_1180482832120170_7924527399163658240_o.jpg status=None
[2025-10-14T02:45:16.590204] https://oep.uit.edu.vn/sites/oep/files/styles/gallerythumbnail/public/photos/large/201902/52476620_1180482832120170_7924527399163658240_o.jpg?itok=q-e7nW4A status=None
[2025-10-14T02:45:16.818157] https://oep.uit.edu.vn/sites/oep/files/photos/large/201902/52596163_1180482762120177_7104009343627952128_o.jpg status=None
[2025-10-14T02:45:17.010291] https://oep.uit.edu.vn/sites/oep/files/styles/gallerythumbnail/public/photos/large/201902/52596163_1180482762120177_7104009343627952128_o.jpg?itok=B-GB-IkV status=None
[2025-10-14T02:45:17.242033] https://oep.uit.edu.vn/sites/oep/files/photos/large/201902/52629656_1180482742120179_4099150988126978048_o.jpg status=None
[2025-10-14T02:45:17.446321] https://oep.uit.edu.vn/sites/oep/files/styles/gallerythumbnail/public/photos/large/201902/52629656_1180482742120179_4099150988126978048_o.jpg?itok=Y_swS5H7 status=None
[2025-10-14T02:45:17.682029] https://oep.uit.edu.vn/sites/oep/files/photos/large/201902/52653725_1180482845453502_1579519569368711168_o.jpg status=None
[2025-10-14T02:45:17.872320] https://oep.uit.edu.vn/sites/oep/files/styles/gallerythumbnail/public/photos/large/201902/52653725_1180482845453502_1579519569368711168_o.jpg?itok=VW4D-RMN status=None
[2025-10-14T02:45:18.110587] https://oep.uit.edu.vn/sites/oep/files/photos/large/201902/52995551_1180482875453499_5007077611025727488_o.jpg status=None
[2025-10-14T02:45:18.308762] https://oep.uit.edu.vn/sites/oep/files/styles/gallerythumbnail/public/photos/large/201902/52995551_1180482875453499_5007077611025727488_o.jpg?itok=rUQKUMTx status=None
[2025-10-14T02:45:18.928884] https://oep.uit.edu.vn/vi/node/4753 status=None
[2025-10-14T02:45:19.530108] https://oep.uit.edu.vn/vi/sinh-vien-uit-tham-du-hoi-nghi-mang-luoi-cong-tac-sinh-vien-aun-lan-iv-va-dien-dan-thu-linh-sinh#main status=None
[2025-10-14T02:45:20.139844] https://oep.uit.edu.vn/vi/sinh-vien-uit-tham-du-hoi-nghi-mang-luoi-cong-tac-sinh-vien-aun-lan-iv-va-dien-dan-thu-linh-sinh#main-nav status=None
[2025-10-14T02:45:20.728316] https://oep.uit.edu.vn/vi/category/thong-bao-chung status=None
[2025-10-14T02:45:21.328573] https://oep.uit.edu.vn/vi/xet-tn-ke-hoach-xet-tot-nghiep-dot-04-nam-2025 status=None
[2025-10-14T02:45:21.950107] https://oep.uit.edu.vn/vi/thong-tin-buoi-tu-van-tuyen-sinh-thac-si-nam-2025-truong-dai-hoc-cong-nghe-thong-tin status=None
[2025-10-14T02:45:22.544801] https://oep.uit.edu.vn/vi/thong-tin-giai-thuong-study-uk-alumni-awards-2026 status=None
[2025-10-14T02:45:23.173247] https://oep.uit.edu.vn/vi/sinh-vien-uit-tham-du-hoi-nghi-mang-luoi-cong-tac-sinh-vien-aun-lan-iv-va-dien-dan-thu-linh-sinh?page=1 status=None
[2025-10-14T02:45:23.792728] https://oep.uit.edu.vn/vi/sinh-vien-uit-tham-du-hoi-nghi-mang-luoi-cong-tac-sinh-vien-aun-lan-iv-va-dien-dan-thu-linh-sinh?page=2 status=None
[2025-10-14T02:45:24.411935] https://oep.uit.edu.vn/vi/sinh-vien-uit-tham-du-hoi-nghi-mang-luoi-cong-tac-sinh-vien-aun-lan-iv-va-dien-dan-thu-linh-sinh?page=3 status=None
[2025-10-14T02:45:25.015792] https://oep.uit.edu.vn/vi/sinh-vien-uit-tham-du-hoi-nghi-mang-luoi-cong-tac-sinh-vien-aun-lan-iv-va-dien-dan-thu-linh-sinh?page=4 status=None
[2025-10-14T02:45:25.649787] https://oep.uit.edu.vn/vi/sinh-vien-uit-tham-du-hoi-nghi-mang-luoi-cong-tac-sinh-vien-aun-lan-iv-va-dien-dan-thu-linh-sinh?page=223 status=None
[2025-10-14T02:45:26.222793] https://oep.uit.edu.vn/vi/node/4079 status=None
[2025-10-14T02:45:26.818036] https://oep.uit.edu.vn/vi/gallery/teambuilding-2018#main status=None
[2025-10-14T02:45:27.380910] https://oep.uit.edu.vn/vi/gallery/teambuilding-2018#main-nav status=None
[2025-10-14T02:45:27.975795] https://oep.uit.edu.vn/en/node/4079 status=None
[2025-10-14T02:45:28.224858] https://oep.uit.edu.vn/sites/oep/files/photos/large/201810/42808543_1083638495137938_6765854246152699904_o_0.jpg status=None
[2025-10-14T02:45:28.417447] https://oep.uit.edu.vn/sites/oep/files/styles/gallerythumbnail/public/photos/large/201810/42808543_1083638495137938_6765854246152699904_o_0.jpg?itok=HVh_EMVI status=None
[2025-10-14T02:45:28.649328] https://oep.uit.edu.vn/sites/oep/files/photos/large/201810/42814493_1083633538471767_6694045940606566400_o_0.jpg status=None
[2025-10-14T02:45:28.851475] https://oep.uit.edu.vn/sites/oep/files/styles/gallerythumbnail/public/photos/large/201810/42814493_1083633538471767_6694045940606566400_o_0.jpg?itok=SrehHiGm status=None
[2025-10-14T02:45:29.090608] https://oep.uit.edu.vn/sites/oep/files/photos/large/201810/42826121_1083622955139492_8034509490000756736_o_0.jpg status=None
[2025-10-14T02:45:29.293357] https://oep.uit.edu.vn/sites/oep/files/styles/gallerythumbnail/public/photos/large/201810/42826121_1083622955139492_8034509490000756736_o_0.jpg?itok=1tsbLX9J status=None
[2025-10-14T02:45:29.525674] https://oep.uit.edu.vn/sites/oep/files/photos/large/201810/42829134_1083623041806150_7986871142977634304_o_0.jpg status=None
[2025-10-14T02:45:29.694994] https://oep.uit.edu.vn/sites/oep/files/styles/gallerythumbnail/public/photos/large/201810/42829134_1083623041806150_7986871142977634304_o_0.jpg?itok=wxMYkG4B status=None
[2025-10-14T02:45:29.930072] https://oep.uit.edu.vn/sites/oep/files/photos/large/201810/42829163_1083623185139469_8691061937741496320_o_0.jpg status=None
[2025-10-14T02:45:30.117630] https://oep.uit.edu.vn/sites/oep/files/styles/gallerythumbnail/public/photos/large/201810/42829163_1083623185139469_8691061937741496320_o_0.jpg?itok=FjfmtW_U status=None
[2025-10-14T02:45:30.351022] https://oep.uit.edu.vn/sites/oep/files/photos/large/201810/42831994_1083623418472779_3604272950632513536_o_0.jpg status=None
[2025-10-14T02:45:30.538552] https://oep.uit.edu.vn/sites/oep/files/styles/gallerythumbnail/public/photos/large/201810/42831994_1083623418472779_3604272950632513536_o_0.jpg?itok=e3z1nk8t status=None
[2025-10-14T02:45:30.768223] https://oep.uit.edu.vn/sites/oep/files/photos/large/201810/42842622_1083634108471710_579624425213657088_o_0.jpg status=None
[2025-10-14T02:45:30.961034] https://oep.uit.edu.vn/sites/oep/files/styles/gallerythumbnail/public/photos/large/201810/42842622_1083634108471710_579624425213657088_o_0.jpg?itok=IgU7eRt3 status=None
[2025-10-14T02:45:31.206417] https://oep.uit.edu.vn/sites/oep/files/photos/large/201810/42843718_1083633331805121_8156602813086957568_o_0.jpg status=None
[2025-10-14T02:45:31.408340] https://oep.uit.edu.vn/sites/oep/files/styles/gallerythumbnail/public/photos/large/201810/42843718_1083633331805121_8156602813086957568_o_0.jpg?itok=QWNk0vgf status=None
[2025-10-14T02:45:31.643264] https://oep.uit.edu.vn/sites/oep/files/photos/large/201810/42847372_1083623321806122_124539869601988608_o_0.jpg status=None
[2025-10-14T02:45:31.830442] https://oep.uit.edu.vn/sites/oep/files/styles/gallerythumbnail/public/photos/large/201810/42847372_1083623321806122_124539869601988608_o_0.jpg?itok=3n6DJFbk status=None
[2025-10-14T02:45:32.062246] https://oep.uit.edu.vn/sites/oep/files/photos/large/201810/42858318_1083633238471797_6258645447745732608_o_0.jpg status=None
[2025-10-14T02:45:32.267193] https://oep.uit.edu.vn/sites/oep/files/styles/gallerythumbnail/public/photos/large/201810/42858318_1083633238471797_6258645447745732608_o_0.jpg?itok=ynw-8rjT status=None
[2025-10-14T02:45:32.500373] https://oep.uit.edu.vn/sites/oep/files/photos/large/201810/42870005_1083633691805085_6158353524682915840_o_0.jpg status=None
[2025-10-14T02:45:32.686162] https://oep.uit.edu.vn/sites/oep/files/styles/gallerythumbnail/public/photos/large/201810/42870005_1083633691805085_6158353524682915840_o_0.jpg?itok=ZKnuPeFW status=None
[2025-10-14T02:45:32.925738] https://oep.uit.edu.vn/sites/oep/files/photos/large/201810/42876471_1083623101806144_3576505115185512448_o_0.jpg status=None
[2025-10-14T02:45:33.115193] https://oep.uit.edu.vn/sites/oep/files/styles/gallerythumbnail/public/photos/large/201810/42876471_1083623101806144_3576505115185512448_o_0.jpg?itok=97v_Ufa7 status=None
[2025-10-14T02:45:33.347884] https://oep.uit.edu.vn/sites/oep/files/photos/large/201810/42883543_1083623411806113_6812689125053825024_o_0.jpg status=None
[2025-10-14T02:45:33.543013] https://oep.uit.edu.vn/sites/oep/files/styles/gallerythumbnail/public/photos/large/201810/42883543_1083623411806113_6812689125053825024_o_0.jpg?itok=NXhiceBY status=None
[2025-10-14T02:45:33.785039] https://oep.uit.edu.vn/sites/oep/files/photos/large/201810/42886760_1083623075139480_2405146363948957696_o_0.jpg status=None
[2025-10-14T02:45:33.976813] https://oep.uit.edu.vn/sites/oep/files/styles/gallerythumbnail/public/photos/large/201810/42886760_1083623075139480_2405146363948957696_o_0.jpg?itok=BcL_E-Hk status=None
[2025-10-14T02:45:34.225239] https://oep.uit.edu.vn/sites/oep/files/photos/large/201810/42887253_1083622928472828_32989553606262784_o_0.jpg status=None
[2025-10-14T02:45:34.427761] https://oep.uit.edu.vn/sites/oep/files/styles/gallerythumbnail/public/photos/large/201810/42887253_1083622928472828_32989553606262784_o_0.jpg?itok=mrhRykTX status=None
[2025-10-14T02:45:34.658407] https://oep.uit.edu.vn/sites/oep/files/photos/large/201810/42891126_1083634051805049_3550941328105799680_o_0.jpg status=None
[2025-10-14T02:45:34.845959] https://oep.uit.edu.vn/sites/oep/files/styles/gallerythumbnail/public/photos/large/201810/42891126_1083634051805049_3550941328105799680_o_0.jpg?itok=EQLr0P_T status=None
[2025-10-14T02:45:35.099913] https://oep.uit.edu.vn/sites/oep/files/photos/large/201810/42893269_1083633901805064_1071934437337333760_o_0.jpg status=None
[2025-10-14T02:45:35.299379] https://oep.uit.edu.vn/sites/oep/files/styles/gallerythumbnail/public/photos/large/201810/42893269_1083633901805064_1071934437337333760_o_0.jpg?itok=e3atMvHf status=None
[2025-10-14T02:45:35.548090] https://oep.uit.edu.vn/sites/oep/files/photos/large/201810/42893288_1083620951806359_3170685402122027008_o_0.jpg status=None
[2025-10-14T02:45:35.734864] https://oep.uit.edu.vn/sites/oep/files/styles/gallerythumbnail/public/photos/large/201810/42893288_1083620951806359_3170685402122027008_o_0.jpg?itok=BDjWUQbi status=None
[2025-10-14T02:45:35.970257] https://oep.uit.edu.vn/sites/oep/files/photos/large/201810/42898864_1083633265138461_4646126055503953920_o_0.jpg status=None
[2025-10-14T02:45:36.159560] https://oep.uit.edu.vn/sites/oep/files/styles/gallerythumbnail/public/photos/large/201810/42898864_1083633265138461_4646126055503953920_o_0.jpg?itok=3pHb8Im4 status=None
[2025-10-14T02:45:36.409448] https://oep.uit.edu.vn/sites/oep/files/photos/large/201810/42899077_1083633778471743_3072464916016267264_o_0.jpg status=None
[2025-10-14T02:45:36.600297] https://oep.uit.edu.vn/sites/oep/files/styles/gallerythumbnail/public/photos/large/201810/42899077_1083633778471743_3072464916016267264_o_0.jpg?itok=EixdikxS status=None
[2025-10-14T02:45:37.160272] https://oep.uit.edu.vn/vi/taxonomy/term/157 status=None
[2025-10-14T02:45:37.768494] https://oep.uit.edu.vn/vi/category/hoc-bong-du-hoc#main status=None
[2025-10-14T02:45:38.351546] https://oep.uit.edu.vn/vi/category/hoc-bong-du-hoc#main-nav status=None
[2025-10-14T02:45:38.923980] https://oep.uit.edu.vn/vi/nhat-ban-chuong-trinh-thuc-tap-he-tai-truong-ky-thuat-cua-dai-hoc-tokyo-esep status=None
[2025-10-14T02:45:39.551832] https://oep.uit.edu.vn/vi/du-hoc-co-hoi-hoc-tap-tai-dai-hoc-quoc-gia-singapore-nus-danh-cho-sv-gv-uit status=None
[2025-10-14T02:45:41.255575] https://oep.uit.edu.vn/vi/giao-luu-quoc-te-kien-tap-tai-singapore-2024-va-co-hoi-dac-biet-danh-cho-sv-cttn status=None
[2025-10-14T02:45:41.915208] https://oep.uit.edu.vn/vi/du-hoc-asean-china-young-leaders-scholarship-20242025 status=None
[2025-10-14T02:45:42.529575] https://oep.uit.edu.vn/vi/scholarship-opportunity-autumn-japan-culture-camp-2023-osaka-japan status=None
[2025-10-14T02:45:43.745355] https://oep.uit.edu.vn/vi/tb-trien-lam-du-hoc-do-17-1892022 status=None
[2025-10-14T02:45:44.395590] https://oep.uit.edu.vn/vi/5-hoc-bong-du-hoc-australia-nam-2021 status=None
[2025-10-14T02:45:45.011488] https://oep.uit.edu.vn/vi/hoc-bong-du-hoc-hoc-bong-toan-phan-bac-sau-dai-hoc-cua-chinh-phu-nhat-ban-mext-2021 status=None
[2025-10-14T02:45:45.627958] https://oep.uit.edu.vn/vi/hoc-bong-du-hoc-o-dat-nuoc-thuy-si status=None
[2025-10-14T02:45:46.228599] https://oep.uit.edu.vn/vi/fully-funded-youth-leadership-program-2021-tai-my status=None
[2025-10-14T02:45:46.837816] https://oep.uit.edu.vn/vi/category/hoc-bong-du-hoc?page=1 status=None
[2025-10-14T02:45:47.397310] https://oep.uit.edu.vn/vi/category/hoc-bong-du-hoc?page=2 status=None
[2025-10-14T02:45:47.978303] https://oep.uit.edu.vn/vi/taxonomy/term/160 status=None
[2025-10-14T02:45:48.557979] https://oep.uit.edu.vn/vi/category/chuyen-tiep-nuoc-ngoai#main status=None
[2025-10-14T02:45:49.138248] https://oep.uit.edu.vn/vi/category/chuyen-tiep-nuoc-ngoai#main-nav status=None
[2025-10-14T02:45:49.815761] https://oep.uit.edu.vn/vi/uon-thong-tin-tham-khao-ve-chi-phi-khi-hoc-tap-tai-australia-nam-2025 status=None
[2025-10-14T02:45:50.431818] https://oep.uit.edu.vn/vi/tb-cac-loai-bang-cap-va-ky-thi-tieng-anh-duoc-chap-nhan-tai-bcu status=None
[2025-10-14T02:45:51.000939] https://oep.uit.edu.vn/vi/uoc-luong-chi-phi-danh-cho-sinh-vien-quoc-te-theo-hoc-tai-osu-nam-hoc-2019-2020 status=None
[2025-10-14T02:45:51.594866] https://oep.uit.edu.vn/vi/thong-tin-tong-quan-ve-giao-duc-va-thi-thuc-hoa-ky status=None
[2025-10-14T02:45:52.424237] https://oep.uit.edu.vn/vi/thong-tin-cho-sinh-vien-chuyen-tiep status=None
[2025-10-14T02:45:52.961192] https://oep.uit.edu.vn/vi/giao-trinh/internal status=None
[2025-10-14T02:45:53.491528] https://oep.uit.edu.vn/vi/giao-trinh/external status=None
[2025-10-14T02:45:53.742654] https://oep.uit.edu.vn/sites/oep/files/js/js_w5t2BYrLC20EbSXtuDBNURt-KcBfiYONvkvz45ejmxk.js status=None
[2025-10-14T02:45:54.019363] https://oep.uit.edu.vn/sites/oep/files/js/js_lOtSmf6SfU_YwWDTDgpGfuMdx3UjPZ1eRMyqvesMwWM.js status=None
[2025-10-14T02:45:54.702031] https://oep.uit.edu.vn/vi/giao-trinh/danh-muc-sach#main status=None
[2025-10-14T02:45:55.367800] https://oep.uit.edu.vn/vi/giao-trinh/danh-muc-sach#main-nav status=None
[2025-10-14T02:45:55.909260] https://oep.uit.edu.vn/vi/sach/ban-quyen-hang-phong-thu-de-canon-cat-canh status=None
[2025-10-14T02:45:56.117513] https://oep.uit.edu.vn/sites/oep/files/styles/giaotrinh/public/sach/c1.0343.jpg?itok=OzaDHiUD status=None
[2025-10-14T02:45:56.636616] https://oep.uit.edu.vn/vi/sach/hack-nao-1500 status=None
[2025-10-14T02:45:56.837094] https://oep.uit.edu.vn/sites/oep/files/styles/giaotrinh/public/sach/c1.0342.jpg?itok=AuLvQe_- status=None
[2025-10-14T02:45:57.402020] https://oep.uit.edu.vn/vi/sach/hack-nao-ngu-phap status=None
[2025-10-14T02:45:57.614473] https://oep.uit.edu.vn/sites/oep/files/styles/giaotrinh/public/sach/c1.0341.jpg?itok=c5wP5-YX status=None
[2025-10-14T02:45:58.177711] https://oep.uit.edu.vn/vi/sach/chien-tranh-tien-te-phan-2-su-thong-tri-cua-quyen-luc-tai-chinh status=None
[2025-10-14T02:45:58.380925] https://oep.uit.edu.vn/sites/oep/files/styles/giaotrinh/public/sach/c1.0340.jpg?itok=138VGiud status=None
[2025-10-14T02:45:58.900229] https://oep.uit.edu.vn/vi/sach/chien-tranh-tien-te-phan-1-ai-thuc-su-la-nguoi-giau-nhat-the-gioi status=None
[2025-10-14T02:45:59.096268] https://oep.uit.edu.vn/sites/oep/files/styles/giaotrinh/public/sach/c1.0339.jpg?itok=mYb8ZTy8 status=None
[2025-10-14T02:45:59.628520] https://oep.uit.edu.vn/vi/sach/doi-thay-doi-khi-chung-ta-thay-doi-tap-5 status=None
[2025-10-14T02:45:59.826031] https://oep.uit.edu.vn/sites/oep/files/styles/giaotrinh/public/sach/c1.0338.jpg?itok=2Wvf0nhU status=None
[2025-10-14T02:46:00.345122] https://oep.uit.edu.vn/vi/sach/doi-thay-doi-khi-chung-ta-thay-doi-tap-4 status=None
[2025-10-14T02:46:00.544147] https://oep.uit.edu.vn/sites/oep/files/styles/giaotrinh/public/sach/c1.0337.jpg?itok=IsTd4PxM status=None
[2025-10-14T02:46:01.115414] https://oep.uit.edu.vn/vi/sach/doi-thay-doi-khi-chung-ta-thay-doi-tap-3 status=None
[2025-10-14T02:46:01.312866] https://oep.uit.edu.vn/sites/oep/files/styles/giaotrinh/public/sach/c1.0336.jpg?itok=LtBmxyZS status=None
[2025-10-14T02:46:01.866190] https://oep.uit.edu.vn/vi/sach/doi-thay-doi-khi-chung-ta-thay-doi-tap-2 status=None
[2025-10-14T02:46:02.064929] https://oep.uit.edu.vn/sites/oep/files/styles/giaotrinh/public/sach/c1.0335.jpg?itok=n6O4msTQ status=None
[2025-10-14T02:46:02.621280] https://oep.uit.edu.vn/vi/sach/doi-thay-doi-khi-chung-ta-thay-doi-tap-1 status=None
[2025-10-14T02:46:02.815094] https://oep.uit.edu.vn/sites/oep/files/styles/giaotrinh/public/sach/c1.0334.jpg?itok=7zEkQKMm status=None
[2025-10-14T02:46:03.295940] https://oep.uit.edu.vn/vi/sach/ status=None
[2025-10-14T02:46:03.485494] https://oep.uit.edu.vn/sites/oep/files/styles/giaotrinh/public/sach/c1.0333.jpg?itok=DQ25lqRp status=None
[2025-10-14T02:46:04.025632] https://oep.uit.edu.vn/vi/sach/10 status=None
[2025-10-14T02:46:04.220705] https://oep.uit.edu.vn/sites/oep/files/styles/giaotrinh/public/sach/c1.0332.jpeg?itok=hzZ89OB6 status=None
[2025-10-14T02:46:04.888093] https://oep.uit.edu.vn/vi/giao-trinh/danh-muc-sach?page=1 status=None
[2025-10-14T02:46:05.583953] https://oep.uit.edu.vn/vi/giao-trinh/danh-muc-sach?page=2 status=None
[2025-10-14T02:46:06.231021] https://oep.uit.edu.vn/vi/giao-trinh/danh-muc-sach?page=3 status=None
[2025-10-14T02:46:06.871248] https://oep.uit.edu.vn/vi/giao-trinh/danh-muc-sach?page=4 status=None
[2025-10-14T02:46:07.512643] https://oep.uit.edu.vn/vi/giao-trinh/danh-muc-sach?page=5 status=None
[2025-10-14T02:46:08.159181] https://oep.uit.edu.vn/vi/giao-trinh/danh-muc-sach?page=6 status=None
[2025-10-14T02:46:08.800973] https://oep.uit.edu.vn/vi/giao-trinh/danh-muc-sach?page=7 status=None
[2025-10-14T02:46:09.416076] https://oep.uit.edu.vn/vi/giao-trinh/danh-muc-sach?page=8 status=None
[2025-10-14T02:46:10.073041] https://oep.uit.edu.vn/vi/giao-trinh/danh-muc-sach?page=38 status=None
[2025-10-14T02:46:10.575452] https://oep.uit.edu.vn/sites/all/themes/open_framework/images/internal status=None
[2025-10-14T02:46:11.055522] https://oep.uit.edu.vn/sites/all/themes/open_framework/images/external status=None
[2025-10-14T02:46:11.618843] https://oep.uit.edu.vn/vi/home-bang-vang status=None
[2025-10-14T02:46:12.165808] https://oep.uit.edu.vn/home-bang-vang#main status=None
[2025-10-14T02:46:12.711554] https://oep.uit.edu.vn/home-bang-vang#main-nav status=None
[2025-10-14T02:46:13.292447] https://oep.uit.edu.vn/en/home-bang-vang status=None
[2025-10-14T02:46:13.843001] https://oep.uit.edu.vn/vi/2024-ds-sinh-vien-trung-tuyen-chuong-trinh-tai-nang-nam-2024 status=None
[2025-10-14T02:46:14.037498] https://oep.uit.edu.vn/sites/oep/files/uploads/images/202410/1.png status=None
[2025-10-14T02:46:14.221835] https://oep.uit.edu.vn/sites/oep/files/uploads/images/202410/2.png status=None
[2025-10-14T02:46:14.409597] https://oep.uit.edu.vn/sites/oep/files/uploads/images/202410/3.png status=None
[2025-10-14T02:46:14.597059] https://oep.uit.edu.vn/sites/oep/files/uploads/images/202410/4.png status=None
[2025-10-14T02:46:14.797790] https://oep.uit.edu.vn/sites/oep/files/uploads/images/202410/5.png status=None
[2025-10-14T02:46:14.985120] https://oep.uit.edu.vn/sites/oep/files/uploads/images/202410/6.png status=None
[2025-10-14T02:46:15.591441] https://oep.uit.edu.vn/vi/bang-vang-thanh-tich-vinh-danh-11-sv-dat-giai-thuong-sv-tai-nang-cham-toi-dinh-cao-dot-1-nam-2023 status=None
[2025-10-14T02:46:16.209028] https://oep.uit.edu.vn/vi/bang-vang-thanh-tich-vinh-danh-22-sv-dat-giai-thuong-sv-tai-nang-cham-toi-dinh-cao-dot-2-nam-2022 status=None
[2025-10-14T02:46:16.765073] https://oep.uit.edu.vn/vi/bang-vang-thanh-tich-sv-dat-hoc-bong-sinh-vien-dang-cap-quoc-te-dot-2-nam-2022 status=None
[2025-10-14T02:46:17.321776] https://oep.uit.edu.vn/vi/bang-vang-thanh-tich-sv-ct-lien-ket-quoc-te-bcu-dot-3 status=None
[2025-10-14T02:46:17.919247] https://oep.uit.edu.vn/vi/bang-vang-thanh-tich-sv-ct-lien-ket-quoc-te-bcu-dot-2 status=None
[2025-10-14T02:46:18.560370] https://oep.uit.edu.vn/vi/bang-vang-vinh-danh-14-sv-nhan-giai-thuong-sv-tai-nang-cham-den-dinh-cao-nam-2021 status=None
[2025-10-14T02:46:19.241880] https://oep.uit.edu.vn/vi/bang-vang-thanh-tich-sv-ct-lien-ket-quoc-te-bcu-khoa-2021 status=None
[2025-10-14T02:46:19.906192] https://oep.uit.edu.vn/vi/bang-vang-thanh-tich-hoc-ky-1-2020-2021 status=None
[2025-10-14T02:46:20.622577] https://oep.uit.edu.vn/vi/bang-vang-thanh-tich-hoc-ky-2-nam-hoc-2019-2020 status=None
[2025-10-14T02:46:21.369845] https://oep.uit.edu.vn/vi/danh-sach-sinh-vien-nhan-hoc-bong-khuyen-khich-hoc-ky-1-nam-hoc-2019-2020 status=None
[2025-10-14T02:46:21.948685] https://oep.uit.edu.vn/vi/home-bang-vang?page=1 status=None
[2025-10-14T02:46:22.487709] https://oep.uit.edu.vn/vi/home-bang-vang?page=2 status=None
[2025-10-14T02:46:22.953905] https://oep.uit.edu.vn/sites/oep/files/uploads/internal status=None
[2025-10-14T02:46:23.454359] https://oep.uit.edu.vn/sites/oep/files/uploads/external status=None
[2025-10-14T02:46:23.938345] https://oep.uit.edu.vn/sites/oep/files/201509/internal status=None
[2025-10-14T02:46:24.422347] https://oep.uit.edu.vn/sites/oep/files/201509/external status=None
[2025-10-14T02:46:26.277935] https://www.uit.edu.vn#mm-1 status=None
[2025-10-14T02:46:27.959810] https://www.uit.edu.vn#mm-4 status=None
[2025-10-14T02:46:29.429929] https://www.uit.edu.vn#mm-7 status=None
[2025-10-14T02:46:31.251171] https://www.uit.edu.vn#mm-11 status=None
[2025-10-14T02:46:32.847453] https://www.uit.edu.vn#mm-15 status=None
[2025-10-14T02:46:34.578013] https://www.uit.edu.vn#mm-16 status=None
[2025-10-14T02:46:36.288218] https://www.uit.edu.vn#mm-21 status=None
[2025-10-14T02:46:37.915782] https://www.uit.edu.vn#mm-22 status=None
[2025-10-14T02:46:39.609625] https://www.uit.edu.vn#mm-0 status=None
[2025-10-14T02:46:41.195041] https://www.uit.edu.vn#mm-2 status=None
[2025-10-14T02:46:42.781178] https://www.uit.edu.vn#mm-3 status=None
[2025-10-14T02:46:44.530649] https://www.uit.edu.vn#mm-5 status=None
[2025-10-14T02:46:46.083566] https://www.uit.edu.vn#mm-6 status=None
[2025-10-14T02:46:47.727416] https://www.uit.edu.vn#mm-8 status=None
[2025-10-14T02:46:49.437386] https://www.uit.edu.vn#mm-9 status=None
[2025-10-14T02:46:51.102525] https://www.uit.edu.vn#mm-10 status=None
[2025-10-14T02:46:52.731962] https://www.uit.edu.vn#mm-12 status=None
[2025-10-14T02:46:54.547555] https://www.uit.edu.vn#mm-13 status=None
[2025-10-14T02:46:56.268087] https://www.uit.edu.vn#mm-14 status=None
[2025-10-14T02:46:57.969600] https://www.uit.edu.vn#mm-17 status=None
[2025-10-14T02:46:59.693860] https://www.uit.edu.vn#mm-18 status=None
[2025-10-14T02:47:01.218837] https://www.uit.edu.vn#mm-19 status=None
[2025-10-14T02:47:02.892401] https://www.uit.edu.vn#mm-20 status=None
[2025-10-14T02:47:04.466819] https://www.uit.edu.vn#mm-23 status=None
[2025-10-14T02:47:06.020956] https://www.uit.edu.vn#mm-24 status=None
[2025-10-14T02:47:07.852509] https://www.uit.edu.vn#mm-25 status=None
[2025-10-14T02:47:09.400433] https://www.uit.edu.vn#main status=None
[2025-10-14T02:47:09.587714] https://www.uit.edu.vn/sites/vi/files/uploads/images/202011/intro_uit_play_360.jpg status=None
[2025-10-14T02:47:09.775649] https://www.uit.edu.vn/sites/vi/files/uploads/images/default-dh.png status=None
[2025-10-14T02:47:10.438322] https://tuyensinh.uit.edu.vn/internal status=None
[2025-10-14T02:47:10.950580] https://tuyensinh.uit.edu.vn/external status=None
[2025-10-14T02:47:11.145268] https://tuyensinh.uit.edu.vn/favicon.ico status=None
[2025-10-14T02:47:11.347893] https://tuyensinh.uit.edu.vn/sites/default/files/css/css_xE-rWrJf-fncB6ztZfd2huxqgxu4WO-qwma6Xer30m4.css status=None
[2025-10-14T02:47:11.551178] https://tuyensinh.uit.edu.vn/sites/default/files/css/css_vZ_wrMQ9Og-YPPxa1q4us3N7DsZMJa-14jShHgRoRNo.css status=None
[2025-10-14T02:47:11.854019] https://tuyensinh.uit.edu.vn/sites/default/files/css/css_JfMSdajlPeAgN5IXzs0FOWRE3jxqz3vzfQOdwRFNuvs.css status=None
[2025-10-14T02:47:12.093364] https://tuyensinh.uit.edu.vn/sites/default/files/css/css_gvBtmjYv-OEpvkVv9gd7gQ0cgrErOKCXV0mzBhhKGGE.css status=None
[2025-10-14T02:47:12.336806] https://tuyensinh.uit.edu.vn/sites/default/files/css/css_RqU4aUM6wknwuMNbbzonXGDBxifpWe7X_Kj7-Y6xcY4.css status=None
[2025-10-14T02:47:12.537321] https://tuyensinh.uit.edu.vn/sites/default/files/css/css_nGZ0EUi6HATidAf3pITrpLdyTGtTsmfVAzXLpUp2gr4.css status=None
[2025-10-14T02:47:12.765356] https://tuyensinh.uit.edu.vn/sites/default/files/js/js_Pt6OpwTd6jcHLRIjrE-eSPLWMxWDkcyYrPTIrXDSON0.js status=None
[2025-10-14T02:47:12.996126] https://tuyensinh.uit.edu.vn/sites/default/files/js/js_T-IiNM5W-uPzaRyXVO6GeL_F4Z-pBYyke5Y8A8mFJxE.js status=None
[2025-10-14T02:47:13.203088] https://tuyensinh.uit.edu.vn/sites/default/files/js/js_kMg7W1sZANW-JVt-y1p4g6o0k68QXbUoYrBuKkRfQvo.js status=None
[2025-10-14T02:47:13.430004] https://tuyensinh.uit.edu.vn/sites/default/files/js/js_akZX3YDeBXCOz6m9iDN6QRk9RxY8bmoDifROt5yG-04.js status=None
[2025-10-14T02:47:13.684331] https://tuyensinh.uit.edu.vn/sites/default/files/js/js_tL-O2G3V4JmjaIqXqowYOUzqpKt6lOlZRwHGJNfVd7E.js status=None
[2025-10-14T02:47:13.892759] https://tuyensinh.uit.edu.vn/sites/default/files/js/js_wkekPTZKKitiw8TcXPO3F6PTLvnt6NEBPJO_xNWICdI.js status=None
[2025-10-14T02:47:14.076209] https://tuyensinh.uit.edu.vn/sites/all/themes/open_framework/js/html5shiv.js status=None
[2025-10-14T02:47:15.134050] https://tuyensinh.uit.edu.vn/#main status=None
[2025-10-14T02:47:16.221187] https://tuyensinh.uit.edu.vn/#main-nav status=None
[2025-10-14T02:47:16.726890] https://tuyensinh.uit.edu.vn/user status=None
[2025-10-14T02:47:17.524687] https://tuyensinh.uit.edu.vn/truong-dai-hoc-cong-nghe-thong-tin-dhqg-hcm status=None
[2025-10-14T02:47:18.130984] https://tuyensinh.uit.edu.vn/nganh-dao-tao status=None
[2025-10-14T02:47:18.777241] https://tuyensinh.uit.edu.vn/cuoc-song-sinh-vien status=None
[2025-10-14T02:47:19.145893] https://tuyensinh.uit.edu.vn/uit-tour-360/ status=None
[2025-10-14T02:47:19.323232] https://tuyensinh.uit.edu.vn/sites/default/files/banner_2025.png status=None
[2025-10-14T02:47:19.526209] https://tuyensinh.uit.edu.vn/sites/all/themes/open_framework/images/searchbutton.png status=None
[2025-10-14T02:47:19.713139] https://tuyensinh.uit.edu.vn/vi-sao-ban-nen-chon-truong-dai-hoc-cong-nghe-thong-tin status=None
[2025-10-14T02:47:19.900793] https://tuyensinh.uit.edu.vn/phuong-thuc-tuyen-sinh status=None
[2025-10-14T02:47:20.088812] https://tuyensinh.uit.edu.vn/2025-thong-tin-tuyen-sinh-dai-hoc-chinh-quy-nam-2025 status=None
[2025-10-14T02:47:20.275956] https://tuyensinh.uit.edu.vn/giaybao-nhaphoc status=None
[2025-10-14T02:47:20.463491] https://tuyensinh.uit.edu.vn/sites/default/files/styles/slider/public/slider/banner_1.png?itok=_VIbKkfg status=None
[2025-10-14T02:47:20.650598] https://tuyensinh.uit.edu.vn/sites/default/files/styles/slider/public/slider/banner_2_-_v2.png?itok=4aU9nlUo status=None
[2025-10-14T02:47:20.839406] https://tuyensinh.uit.edu.vn/sites/default/files/styles/slider/public/slider/banner_3_-_v2.png?itok=qDCLOQJT status=None
[2025-10-14T02:47:21.038967] https://tuyensinh.uit.edu.vn/tuyen-sinh-uit status=None
[2025-10-14T02:47:21.240623] https://tuyensinh.uit.edu.vn/2025-thong-bao-diem-trung-tuyen-phuong-thuc-uu-tien-xet-tuyen-theo-quy-dinh-dhqg-hcm-nam-2025 status=None
[2025-10-14T02:47:21.428913] https://tuyensinh.uit.edu.vn/2025-thong-bao-diem-trung-tuyen-phuong-thuc-uu-tien-xet-tuyen-theo-quy-dinh-cua-truong-dai-hoc-cong-nghe-thong-tin-nam-2025 status=None
[2025-10-14T02:47:21.617307] https://tuyensinh.uit.edu.vn/2025-thong-bao-diem-trung-tuyen-phuong-thuc-xet-tuyen-dua-tren-ket-qua-ky-thi-danh-gia-nang-luc-do-dhqg-hcm-chuc-nam-2025 status=None
[2025-10-14T02:47:21.806957] https://tuyensinh.uit.edu.vn/2025-thong-bao-diem-trung-tuyen-phuong-thuc-xet-ket-qua-thi-tot-nghiep-thpt-nam-2025 status=None
[2025-10-14T02:47:22.005318] https://tuyensinh.uit.edu.vn/2025-thong-bao-tuyen-sinh-chuong-trinh-song-nganh-thuong-mai-dien-tu status=None
[2025-10-14T02:47:22.194857] https://tuyensinh.uit.edu.vn/chuong-trinh-dac-biet status=None
[2025-10-14T02:47:22.380801] https://tuyensinh.uit.edu.vn/2025-thong-bao-tuyen-sinh-trinh-do-dai-hoc-chuong-trinh-lien-ket-voi-truong-dai-hoc-newcastle-lien-bang-uc-dot-2-nam-2025 status=None
[2025-10-14T02:47:22.570785] https://tuyensinh.uit.edu.vn/2025-thong-bao-tuyen-sinh-trinh-do-dai-hoc-chuong-trinh-lien-ket-voi-truong-dai-hoc-birmingham-city-vuong-quoc-anh-nam-2025-dot-2 status=None
[2025-10-14T02:47:22.771594] https://tuyensinh.uit.edu.vn/2025-hoc-bong-danh-cho-sinh-vien-chuong-trinh-bcu-khoa-2025 status=None
[2025-10-14T02:47:22.959780] https://tuyensinh.uit.edu.vn/2025-tuyen-sinh-chuong-trinh-cu-nhan-tai-nang-nganh-thiet-ke-vi-mach-khoa-2024 status=None
[2025-10-14T02:47:23.145802] https://tuyensinh.uit.edu.vn/2025-uit-tuyen-sinh-chuong-trinh-cu-nhan-tai-nang-2025 status=None
[2025-10-14T02:47:23.335612] https://tuyensinh.uit.edu.vn/vb2-lien-thong status=None
[2025-10-14T02:47:23.535864] https://tuyensinh.uit.edu.vn/2025-thong-bao-ket-qua-xet-tuyen-van-bang-thu-hai-hinh-thuc-chinh-quy status=None
[2025-10-14T02:47:23.737953] https://tuyensinh.uit.edu.vn/2025-thong-bao-ket-qua-xet-tuyen-lien-thong-dai-hoc-chinh-quy status=None
[2025-10-14T02:47:23.924952] https://tuyensinh.uit.edu.vn/2025-thong-tin-tuyen-sinh-dao-tao-tu-xa-nam-2025-0 status=None
[2025-10-14T02:47:24.132899] https://tuyensinh.uit.edu.vn/2025-thong-bao-tuyen-sinh-chuong-trinh-lien-thong-trinh-do-dai-hoc-nganh-cong-nghe-thong-tin-nam-2025 status=None
[2025-10-14T02:47:24.328772] https://tuyensinh.uit.edu.vn/2025-thong-bao-tuyen-sinh-chuong-trinh-van-bang-thu-hai-trinh-do-dai-hoc-nganh-cong-nghe-thong-tin-hinh-thuc-dao-tao-chinh-quy-nam-2025 status=None
[2025-10-14T02:47:24.515518] https://tuyensinh.uit.edu.vn/nganh-dao-tao/nganh-cong-nghe-thong-tin status=None
[2025-10-14T02:47:24.704805] https://tuyensinh.uit.edu.vn/sites/default/files/styles/nganhhoc_thumb/public/uploads/images/thumbnail_nganh_tuyen_sinh_cong_nghe_thong_tin.jpg?itok=KHrnFjEm status=None
[2025-10-14T02:47:24.891668] https://tuyensinh.uit.edu.vn/nganh-dao-tao/nganh-he-thong-thong-tin status=None
[2025-10-14T02:47:25.080438] https://tuyensinh.uit.edu.vn/sites/default/files/styles/nganhhoc_thumb/public/uploads/images/thumbnail_nganh_tuyen_sinh_he_thong_thong_tin.jpg?itok=HMg6pNZs status=None
[2025-10-14T02:47:25.271452] https://tuyensinh.uit.edu.vn/nganh-dao-tao/nganh-khoa-hoc-may-tinh status=None
[2025-10-14T02:47:25.458083] https://tuyensinh.uit.edu.vn/sites/default/files/styles/nganhhoc_thumb/public/uploads/images/thumbnail_nganh_tuyen_sinh_khoa_hoc_may_tinh.jpg?itok=fYi8JqKt status=None
[2025-10-14T02:47:25.662531] https://tuyensinh.uit.edu.vn/nganh-dao-tao/nganh-ky-thuat-phan-mem status=None
[2025-10-14T02:47:25.862631] https://tuyensinh.uit.edu.vn/sites/default/files/styles/nganhhoc_thumb/public/uploads/images/thumbnail_nganh_tuyen_sinh_ky_thuat_phan_mem.jpg?itok=XoI-9tDj status=None
[2025-10-14T02:47:26.066606] https://tuyensinh.uit.edu.vn/nganh-dao-tao/nganh-ky-thuat-may-tinh status=None
[2025-10-14T02:47:26.255583] https://tuyensinh.uit.edu.vn/sites/default/files/styles/nganhhoc_thumb/public/uploads/images/thumbnail_nganh_tuyen_sinh_ky_thuat_may_tinh.jpg?itok=5KJPUfQG status=None
[2025-10-14T02:47:26.441511] https://tuyensinh.uit.edu.vn/nganh-dao-tao/nganh-mang-may-tinh-truyen-thong-du-lieu status=None
[2025-10-14T02:47:26.631477] https://tuyensinh.uit.edu.vn/sites/default/files/styles/nganhhoc_thumb/public/uploads/images/thumbnail_nganh_tuyen_sinh_mang_may_tinh_truyen_thong_du_lieu.jpg?itok=QCzDqGt4 status=None
[2025-10-14T02:47:27.275990] https://tuyensinh.uit.edu.vn/nganh-dao-tao/nganh-an-toan-thong-tin status=None
[2025-10-14T02:47:27.452305] https://tuyensinh.uit.edu.vn/sites/default/files/styles/nganhhoc_thumb/public/uploads/images/thumbnail_nganh_tuyen_sinh_an_toan_thong_tin.jpg?itok=CCVWD0HA status=None
[2025-10-14T02:47:28.097825] https://tuyensinh.uit.edu.vn/nganh-dao-tao/nganh-thuong-mai-dien-tu status=None
[2025-10-14T02:47:28.293346] https://tuyensinh.uit.edu.vn/sites/default/files/styles/nganhhoc_thumb/public/uploads/images/thumbnail_nganh_tuyen_sinh_thuong_mai_dien_tu.jpg?itok=oLBo5y-r status=None
[2025-10-14T02:47:28.478801] https://tuyensinh.uit.edu.vn/sites/default/files/styles/nganhhoc_thumb/public/uploads/images/thumbnail_nganh_tuyen_sinh_khoa_hoc_du_lieu.jpg?itok=KZeKNDAD status=None
[2025-10-14T02:47:29.124808] https://tuyensinh.uit.edu.vn/nganh-dao-tao/nganh-tri-tue-nhan-tao status=None
[2025-10-14T02:47:29.306314] https://tuyensinh.uit.edu.vn/sites/default/files/styles/nganhhoc_thumb/public/uploads/images/thumbnail_nganh_tuyen_sinh_tri_tue_nhan_tao.jpg?itok=-ECLwcsu status=None
[2025-10-14T02:47:29.949411] https://tuyensinh.uit.edu.vn/nganh-dao-tao/nganh-thiet-ke-vi-mach status=None
[2025-10-14T02:47:30.135451] https://tuyensinh.uit.edu.vn/sites/default/files/styles/nganhhoc_thumb/public/uploads/images/z5035809417462_b30028f201ee5c13dfb6532178d686d4.jpg?itok=IjC-S3vP status=None
[2025-10-14T02:47:30.797783] https://tuyensinh.uit.edu.vn/nganh-dao-tao/nganh-truyen-thong-da-phuong-tien status=None
[2025-10-14T02:47:30.979711] https://tuyensinh.uit.edu.vn/sites/default/files/styles/nganhhoc_thumb/public/uploads/images/image012.jpg?itok=UsNfXk97 status=None
[2025-10-14T02:47:31.541286] https://tuyensinh.uit.edu.vn/node/3967?width=700&amp;height=700&amp;inline=false status=None
[2025-10-14T02:47:32.104096] https://tuyensinh.uit.edu.vn/chuyen-tham-va-lam-viec-cua-dai-hoc-quoc-gia-seoul-mo-ra-nhieu-co-hoi-hoc-tap-lam-viec-cho-sinh-vien-uit status=None
[2025-10-14T02:47:32.289704] https://tuyensinh.uit.edu.vn/sites/default/files/styles/news_thumb_medium/public/uploads/images/thumbs/202509/dsc02469.jpg?itok=fVAr9Y7j status=None
[2025-10-14T02:47:32.853374] https://tuyensinh.uit.edu.vn/co-hoi-nao-danh-cho-ban-voi-chuong-trinh-lien-ket-quoc-te-22 status=None
[2025-10-14T02:47:33.046303] https://tuyensinh.uit.edu.vn/sites/default/files/styles/uitnews/public/uploads/images/thumbs/202509/uit-lkqt-cohoi.png?itok=cJNyh3H9 status=None
[2025-10-14T02:47:33.619943] https://tuyensinh.uit.edu.vn/uit-algo-bootcamp-2025-khep-lai-ky-huan-luyen-mua-thu-day-dau status=None
[2025-10-14T02:47:33.807970] https://tuyensinh.uit.edu.vn/sites/default/files/styles/uitnews/public/uploads/images/thumbs/202509/dsc00039.jpg?itok=otK4lP97 status=None
[2025-10-14T02:47:34.395613] https://tuyensinh.uit.edu.vn/hon-400-tai-nang-tre-khoi-dong-hanh-trinh-ket-noi-tri-thuc-tai-uit-algo-bootcamp-ky-huan-luyen-mua-thu-nam-2025 status=None
[2025-10-14T02:47:34.584925] https://tuyensinh.uit.edu.vn/sites/default/files/styles/uitnews/public/uploads/images/thumbs/202509/uab2025-khaimac-225.jpg?itok=jGuW2Ssg status=None
[2025-10-14T02:47:35.168404] https://tuyensinh.uit.edu.vn/truong-dai-hoc-cong-nghe-thong-tin-trao-7-ty-280-trieu-dong-cho-tan-sinh-vien-khoa-2025 status=None
[2025-10-14T02:47:35.352638] https://tuyensinh.uit.edu.vn/sites/default/files/styles/uitnews/public/uploads/images/thumbs/202509/z6979851828717_83f0376a51d25d683354ca60893a6d1c.jpg?itok=_aHDI3P4 status=None
[2025-10-14T02:47:35.983465] https://tuyensinh.uit.edu.vn/su-kien-noi-bat status=None
[2025-10-14T02:47:36.577373] https://tuyensinh.uit.edu.vn/huynh-phan-gia-bao-tu-no-luc-khong-ngung-den-cong-trinh-khoa-hoc-quoc-te status=None
[2025-10-14T02:47:36.760156] https://tuyensinh.uit.edu.vn/sites/default/files/styles/news_thumb_medium/public/uploads/images/thumbs/202510/giabao03.jpg?itok=rHCZpCXf status=None
[2025-10-14T02:47:37.354671] https://tuyensinh.uit.edu.vn/phan-cong-duy-khiem-hanh-trinh-nghien-cuu-sinh-bat-dau-tu-taiwan-study-fair-2025 status=None
[2025-10-14T02:47:37.540053] https://tuyensinh.uit.edu.vn/sites/default/files/styles/uitnews/public/uploads/images/thumbs/202510/dsc00118.jpg?itok=aj4ncHOK status=None
[2025-10-14T02:47:38.136091] https://tuyensinh.uit.edu.vn/uit-va-dai-hoc-newcastle-uc-canh-cua-ket-noi-tri-thuc-toan-cau-cho-sinh-vien-viet-nam status=None
[2025-10-14T02:47:38.317187] https://tuyensinh.uit.edu.vn/sites/default/files/styles/uitnews/public/uploads/images/thumbs/202509/uon2.jpg?itok=m3t3spaN status=None
[2025-10-14T02:47:38.906954] https://tuyensinh.uit.edu.vn/nguyen-tien-toan-chang-duong-den-voi-hoc-bong-chinh-phu-han-quoc status=None
[2025-10-14T02:47:39.091723] https://tuyensinh.uit.edu.vn/sites/default/files/styles/uitnews/public/uploads/images/thumbs/202509/505255640_1174957618003574_4074639447693596219_n.jpg?itok=vphP3Pwe status=None
[2025-10-14T02:47:39.653139] https://tuyensinh.uit.edu.vn/ho-tuan-khoi-thu-khoa-kep-ky-tuyen-sinh-dai-hoc-nam-2025 status=None
[2025-10-14T02:47:39.842902] https://tuyensinh.uit.edu.vn/sites/default/files/styles/uitnews/public/uploads/images/thumbs/202509/lkg_235.png?itok=57a7XmIV status=None
[2025-10-14T02:47:40.035271] https://tuyensinh.uit.edu.vn/sites/default/files/styles/uitnews/public/uploads/images/thumbs/202502/dsc00806_0.jpg?itok=4TnEFsGm status=None
[2025-10-14T02:47:40.225384] https://tuyensinh.uit.edu.vn/sites/default/files/styles/uitnews/public/uploads/images/thumbs/202411/base64-17302756580532010907683.png?itok=xhNRODOe status=None
[2025-10-14T02:47:40.427945] https://tuyensinh.uit.edu.vn/sites/default/files/styles/uitnews/public/uploads/images/thumbs/202409/kg_024.jpg?itok=RgeXjqHC status=None
[2025-10-14T02:47:40.617946] https://tuyensinh.uit.edu.vn/sites/default/files/styles/uitnews/public/uploads/images/thumbs/202409/kg_037_0.jpg?itok=rgUX07Df status=None
[2025-10-14T02:47:41.209837] https://tuyensinh.uit.edu.vn/goc-bao-chi status=None
[2025-10-14T02:47:41.793975] https://tuyensinh.uit.edu.vn/hoc-phi-hoc-bong status=None
[2025-10-14T02:47:42.385306] https://tuyensinh.uit.edu.vn/cam-nang-tuyen-sinh-2023/ status=None
[2025-10-14T02:47:42.573063] https://tuyensinh.uit.edu.vn/sites/default/files/uploads/images/school.png status=None
[2025-10-14T02:47:42.759718] https://tuyensinh.uit.edu.vn/sites/default/files/uploads/images/globe.png status=None
[2025-10-14T02:47:42.946686] https://tuyensinh.uit.edu.vn/sites/default/files/uploads/images/outstanding.png status=None
[2025-10-14T02:47:43.132790] https://tuyensinh.uit.edu.vn/sites/default/files/uploads/images/user.png status=None
[2025-10-14T02:47:43.320671] https://tuyensinh.uit.edu.vn/sites/default/files/uploads/images/books.png status=None
[2025-10-14T02:47:43.505791] https://tuyensinh.uit.edu.vn/sites/default/files/uploads/images/emotion.png status=None
[2025-10-14T02:47:43.695389] https://tuyensinh.uit.edu.vn/sites/default/files/styles/uitnews/public/video_embed_field_thumbnails/youtube/BN-HCMUMR0Q.jpg?itok=0is12Kp7 status=None
[2025-10-14T02:47:43.900987] https://tuyensinh.uit.edu.vn/sites/default/files/styles/uitnews/public/video_embed_field_thumbnails/youtube/4x8gqJeU5D0.jpg?itok=ilALCs4L status=None
[2025-10-14T02:47:44.101255] https://tuyensinh.uit.edu.vn/sites/default/files/styles/uitnews/public/video_embed_field_thumbnails/youtube/crb2APddijE.jpg?itok=WwFrNSWv status=None
[2025-10-14T02:47:44.316640] https://tuyensinh.uit.edu.vn/sites/default/files/styles/uitnews/public/video_embed_field_thumbnails/youtube/9m2Bcv1LNEs.jpg?itok=jfAf-LPX status=None
[2025-10-14T02:47:44.517395] https://tuyensinh.uit.edu.vn/sites/default/files/styles/uitnews/public/video_embed_field_thumbnails/youtube/kgPi0rXalCA.jpg?itok=RO7E6O60 status=None
[2025-10-14T02:47:44.707962] https://tuyensinh.uit.edu.vn/sites/default/files/uploads/images/uit_footer.png status=None
[2025-10-14T02:47:44.908012] https://tuyensinh.uit.edu.vn/sites/default/files/uploads/images/tiktok-icon.png status=None
[2025-10-14T02:47:45.392618] https://courses.uit.edu.vn/oep/internal status=None
[2025-10-14T02:47:45.578129] https://courses.uit.edu.vn/oep/external status=None
[2025-10-14T02:47:46.266356] https://oep.uit.edu.vn/vi/node/1141 status=None
[2025-10-14T02:47:46.854993] https://oep.uit.edu.vn/vi/danh-sach-sinh-vien-du-dieu-kien-xet-tot-nghiep-dot-22015#main status=None
[2025-10-14T02:47:47.428855] https://oep.uit.edu.vn/vi/danh-sach-sinh-vien-du-dieu-kien-xet-tot-nghiep-dot-22015#main-nav status=None
[2025-10-14T02:47:47.609900] https://oep.uit.edu.vn/modules/file/icons/application-octet-stream.png status=None
[2025-10-14T02:47:47.787597] https://oep.uit.edu.vn/sites/oep/files/uploads/files/201509/dssv_xet_tn_dot_2_2015.rar status=None
[2025-10-14T02:47:48.369956] https://oep.uit.edu.vn/vi/danh-sach-sinh-vien-du-dieu-kien-xet-tot-nghiep-dot-22015?page=1 status=None
[2025-10-14T02:47:48.945920] https://oep.uit.edu.vn/vi/danh-sach-sinh-vien-du-dieu-kien-xet-tot-nghiep-dot-22015?page=2 status=None
[2025-10-14T02:47:49.542427] https://oep.uit.edu.vn/vi/danh-sach-sinh-vien-du-dieu-kien-xet-tot-nghiep-dot-22015?page=3 status=None
[2025-10-14T02:47:50.132854] https://oep.uit.edu.vn/vi/danh-sach-sinh-vien-du-dieu-kien-xet-tot-nghiep-dot-22015?page=4 status=None
[2025-10-14T02:47:50.693375] https://oep.uit.edu.vn/vi/danh-sach-sinh-vien-du-dieu-kien-xet-tot-nghiep-dot-22015?page=223 status=None
[2025-10-14T02:47:51.258738] https://oep.uit.edu.vn/vi/node/1139 status=None
[2025-10-14T02:47:51.849680] https://oep.uit.edu.vn/vi/thong-bao-nop-de-cuong-de-tai-kltn#main status=None
[2025-10-14T02:47:52.424611] https://oep.uit.edu.vn/vi/thong-bao-nop-de-cuong-de-tai-kltn#main-nav status=None
[2025-10-14T02:47:52.978918] https://oep.uit.edu.vn/vi/category/thong-bao status=None
[2025-10-14T02:47:53.552881] https://oep.uit.edu.vn/vi/thong-bao-nop-de-cuong-de-tai-kltn?page=1 status=None
[2025-10-14T02:47:54.133488] https://oep.uit.edu.vn/vi/thong-bao-nop-de-cuong-de-tai-kltn?page=2 status=None
[2025-10-14T02:47:54.768771] https://oep.uit.edu.vn/vi/thong-bao-nop-de-cuong-de-tai-kltn?page=3 status=None
[2025-10-14T02:47:55.361918] https://oep.uit.edu.vn/vi/thong-bao-nop-de-cuong-de-tai-kltn?page=4 status=None
[2025-10-14T02:47:55.927227] https://oep.uit.edu.vn/vi/thong-bao-nop-de-cuong-de-tai-kltn?page=224 status=None
[2025-10-14T02:47:56.465085] https://oep.uit.edu.vn/vi/node/1134 status=None
[2025-10-14T02:47:57.003791] https://oep.uit.edu.vn/vi/thong-bao-tuyen-sinh-chuong-trinh-tai-nang-nam-2015#main status=None
[2025-10-14T02:47:57.536572] https://oep.uit.edu.vn/vi/thong-bao-tuyen-sinh-chuong-trinh-tai-nang-nam-2015#main-nav status=None
[2025-10-14T02:47:57.745577] https://oep.uit.edu.vn/modules/file/icons/application-pdf.png status=None
[2025-10-14T02:47:57.946851] https://oep.uit.edu.vn/modules/file/icons/x-office-spreadsheet.png status=None
[2025-10-14T02:47:58.498646] https://oep.uit.edu.vn/vi/thong-bao-tuyen-sinh-chuong-trinh-tai-nang-nam-2015?page=1 status=None
[2025-10-14T02:47:59.052301] https://oep.uit.edu.vn/vi/thong-bao-tuyen-sinh-chuong-trinh-tai-nang-nam-2015?page=2 status=None
[2025-10-14T02:47:59.598435] https://oep.uit.edu.vn/vi/thong-bao-tuyen-sinh-chuong-trinh-tai-nang-nam-2015?page=3 status=None
[2025-10-14T02:48:00.130771] https://oep.uit.edu.vn/vi/thong-bao-tuyen-sinh-chuong-trinh-tai-nang-nam-2015?page=4 status=None
[2025-10-14T02:48:00.663180] https://oep.uit.edu.vn/vi/thong-bao-tuyen-sinh-chuong-trinh-tai-nang-nam-2015?page=8 status=None
[2025-10-14T02:48:01.253728] https://oep.uit.edu.vn/vi/node/1133 status=None
[2025-10-14T02:48:01.824940] https://oep.uit.edu.vn/vi/lich-bao-ve-khoa-luan-tot-nghiep-cttt-1592015#main status=None
[2025-10-14T02:48:02.386242] https://oep.uit.edu.vn/vi/lich-bao-ve-khoa-luan-tot-nghiep-cttt-1592015#main-nav status=None
[2025-10-14T02:48:02.933731] https://oep.uit.edu.vn/vi/lich-bao-ve-khoa-luan-tot-nghiep-cttt-1592015?page=1 status=None
[2025-10-14T02:48:03.491139] https://oep.uit.edu.vn/vi/lich-bao-ve-khoa-luan-tot-nghiep-cttt-1592015?page=2 status=None
[2025-10-14T02:48:04.053573] https://oep.uit.edu.vn/vi/lich-bao-ve-khoa-luan-tot-nghiep-cttt-1592015?page=3 status=None
[2025-10-14T02:48:04.630225] https://oep.uit.edu.vn/vi/lich-bao-ve-khoa-luan-tot-nghiep-cttt-1592015?page=4 status=None
[2025-10-14T02:48:05.204999] https://oep.uit.edu.vn/vi/lich-bao-ve-khoa-luan-tot-nghiep-cttt-1592015?page=225 status=None
[2025-10-14T02:48:05.782049] https://oep.uit.edu.vn/vi/node/1108 status=None
[2025-10-14T02:48:06.353019] https://oep.uit.edu.vn/vi/muc-thu-hoc-phi-cac-he-dao-tao-dai-hoc-chinh-quy-cac-chuong-trinh-dac-biet-nam-hoc-2015-2016#main status=None
[2025-10-14T02:48:06.930137] https://oep.uit.edu.vn/vi/muc-thu-hoc-phi-cac-he-dao-tao-dai-hoc-chinh-quy-cac-chuong-trinh-dac-biet-nam-hoc-2015-2016#main-nav status=None
[2025-10-14T02:48:07.786979] http://khtc.uit.edu.vn/node/260 status=None
[2025-10-14T02:48:08.303368] http://khtc.uit.edu.vn/node/261 status=None
[2025-10-14T02:48:08.833493] http://khtc.uit.edu.vn/node/262 status=None
[2025-10-14T02:48:09.437825] https://oep.uit.edu.vn/vi/muc-thu-hoc-phi-cac-he-dao-tao-dai-hoc-chinh-quy-cac-chuong-trinh-dac-biet-nam-hoc-2015-2016?page=1 status=None
[2025-10-14T02:48:10.003006] https://oep.uit.edu.vn/vi/muc-thu-hoc-phi-cac-he-dao-tao-dai-hoc-chinh-quy-cac-chuong-trinh-dac-biet-nam-hoc-2015-2016?page=2 status=None
[2025-10-14T02:48:10.578453] https://oep.uit.edu.vn/vi/muc-thu-hoc-phi-cac-he-dao-tao-dai-hoc-chinh-quy-cac-chuong-trinh-dac-biet-nam-hoc-2015-2016?page=3 status=None
[2025-10-14T02:48:11.143606] https://oep.uit.edu.vn/vi/muc-thu-hoc-phi-cac-he-dao-tao-dai-hoc-chinh-quy-cac-chuong-trinh-dac-biet-nam-hoc-2015-2016?page=4 status=None
[2025-10-14T02:48:11.716787] https://oep.uit.edu.vn/vi/muc-thu-hoc-phi-cac-he-dao-tao-dai-hoc-chinh-quy-cac-chuong-trinh-dac-biet-nam-hoc-2015-2016?page=223 status=None
[2025-10-14T02:48:12.268800] https://oep.uit.edu.vn/vi/node/1105 status=None
[2025-10-14T02:48:12.814855] https://oep.uit.edu.vn/vi/bang-vang-thanh-tich-nam-hoc-2014-2015#main status=None
[2025-10-14T02:48:13.374112] https://oep.uit.edu.vn/vi/bang-vang-thanh-tich-nam-hoc-2014-2015#main-nav status=None
[2025-10-14T02:48:13.915796] https://oep.uit.edu.vn/vi/category/bang-vang-thanh-tich status=None
[2025-10-14T02:48:14.481832] https://oep.uit.edu.vn/vi/node/1104 status=None
[2025-10-14T02:48:15.026323] https://oep.uit.edu.vn/vi/bang-vang-thanh-tich-nam-hoc-2013-2014#main status=None
[2025-10-14T02:48:15.554544] https://oep.uit.edu.vn/vi/bang-vang-thanh-tich-nam-hoc-2013-2014#main-nav status=None
[2025-10-14T02:48:16.150903] https://oep.uit.edu.vn/vi/node/1116 status=None
[2025-10-14T02:48:16.727440] https://oep.uit.edu.vn/vi/hoc-bong-amcham-2015-ngay-hoi-thong-tin-danh-cho-sinh-vien-khoi-ky-thuat#main status=None
[2025-10-14T02:48:17.305483] https://oep.uit.edu.vn/vi/hoc-bong-amcham-2015-ngay-hoi-thong-tin-danh-cho-sinh-vien-khoi-ky-thuat#main-nav status=None
[2025-10-14T02:48:17.895218] https://oep.uit.edu.vn/vi/hoc-bong-amcham-2015-ngay-hoi-thong-tin-danh-cho-sinh-vien-khoi-ky-thuat?page=1 status=None
[2025-10-14T02:48:18.450139] https://oep.uit.edu.vn/vi/hoc-bong-amcham-2015-ngay-hoi-thong-tin-danh-cho-sinh-vien-khoi-ky-thuat?page=2 status=None
[2025-10-14T02:48:19.017884] https://oep.uit.edu.vn/vi/hoc-bong-amcham-2015-ngay-hoi-thong-tin-danh-cho-sinh-vien-khoi-ky-thuat?page=3 status=None
[2025-10-14T02:48:19.592495] https://oep.uit.edu.vn/vi/hoc-bong-amcham-2015-ngay-hoi-thong-tin-danh-cho-sinh-vien-khoi-ky-thuat?page=4 status=None
[2025-10-14T02:48:20.161609] https://oep.uit.edu.vn/vi/hoc-bong-amcham-2015-ngay-hoi-thong-tin-danh-cho-sinh-vien-khoi-ky-thuat?page=223 status=None
[2025-10-14T02:48:20.721602] https://oep.uit.edu.vn/vi/node/1115 status=None
[2025-10-14T02:48:21.314903] https://oep.uit.edu.vn/vi/bao-cao-tien-do-giua-ky-cua-kltn-dot-2-nam-hoc-2014-2015#main status=None
[2025-10-14T02:48:21.872218] https://oep.uit.edu.vn/vi/bao-cao-tien-do-giua-ky-cua-kltn-dot-2-nam-hoc-2014-2015#main-nav status=None
[2025-10-14T02:48:23.018258] http://httt.uit.edu.vn/web/student/news/index/3/510 status=None
[2025-10-14T02:48:23.591364] https://oep.uit.edu.vn/vi/bao-cao-tien-do-giua-ky-cua-kltn-dot-2-nam-hoc-2014-2015?page=1 status=None
[2025-10-14T02:48:24.168306] https://oep.uit.edu.vn/vi/bao-cao-tien-do-giua-ky-cua-kltn-dot-2-nam-hoc-2014-2015?page=2 status=None
[2025-10-14T02:48:24.714570] https://oep.uit.edu.vn/vi/bao-cao-tien-do-giua-ky-cua-kltn-dot-2-nam-hoc-2014-2015?page=3 status=None
[2025-10-14T02:48:25.289229] https://oep.uit.edu.vn/vi/bao-cao-tien-do-giua-ky-cua-kltn-dot-2-nam-hoc-2014-2015?page=4 status=None
[2025-10-14T02:48:25.871159] https://oep.uit.edu.vn/vi/bao-cao-tien-do-giua-ky-cua-kltn-dot-2-nam-hoc-2014-2015?page=223 status=None
[2025-10-14T02:48:26.426869] https://oep.uit.edu.vn/vi/thong-bao?page=1#main status=None
[2025-10-14T02:48:27.185811] https://oep.uit.edu.vn/vi/thong-bao?page=1#main-nav status=None
[2025-10-14T02:48:27.727177] https://oep.uit.edu.vn/vi/thong-bao?page=2#main status=None
[2025-10-14T02:48:28.275819] https://oep.uit.edu.vn/vi/thong-bao?page=2#main-nav status=None
[2025-10-14T02:48:28.826317] https://oep.uit.edu.vn/vi/thong-bao?page=3#main status=None
[2025-10-14T02:48:29.368211] https://oep.uit.edu.vn/vi/thong-bao?page=3#main-nav status=None
[2025-10-14T02:48:30.121193] https://oep.uit.edu.vn/vi/content/thong-bao-dang-ky-cac-lop-luyen-thi-toeic-va-cac-lop-luyen-ky-nang-danh-cho-sinh-vien status=None
[2025-10-14T02:48:31.313342] https://oep.uit.edu.vn/vi/content/thong-bao-danh-sach-sinh-vien-di-xe-so-1-so-2-so-3-so-4 status=None
[2025-10-14T02:48:32.025643] https://oep.uit.edu.vn/vi/content/thong-bao-danh-sach-teambuilding-2014-va-dia-diem-don-sinh-vien status=None
[2025-10-14T02:48:32.722407] https://oep.uit.edu.vn/vi/content/thong-tin-lop-hoc-stat4033f11cttt1 status=None
[2025-10-14T02:48:33.242374] https://oep.uit.edu.vn/vi/content/thong-bao-chuyen-phong-hoc-tu-a106-sang-c301-mon-cs3373f11cttt status=None
[2025-10-14T02:48:33.811917] https://oep.uit.edu.vn/vi/content/vpbank-tuyen-dung-vi-tri-business-intelligence-developer status=None
[2025-10-14T02:48:34.555639] https://oep.uit.edu.vn/vi/content/thong-bao-lich-bao-ve-thuc-tap-tot-nghiep-dot-3-2014 status=None
[2025-10-14T02:48:35.148525] https://oep.uit.edu.vn/vi/content/dang-ky-tham-gia-chuong-trinh-team-building-2014-chinh-phuc-ma-tran-rung-sac status=None
[2025-10-14T02:48:35.714835] https://oep.uit.edu.vn/vi/content/thong-bao-cap-nhat-ve-hoc-phan-mon-thuc-tap-tot-nghiep status=None
[2025-10-14T02:48:36.266980] https://oep.uit.edu.vn/vi/thong-bao?page=4#main status=None
[2025-10-14T02:48:36.812420] https://oep.uit.edu.vn/vi/thong-bao?page=4#main-nav status=None
[2025-10-14T02:48:37.369401] https://oep.uit.edu.vn/vi/content/quy-dinh-moi-ve-viec-hoc-mon-thuc-tap-tot-nghiep status=None
[2025-10-14T02:48:37.978397] https://oep.uit.edu.vn/vi/content/thong-bao-nop-de-cuong-khoa-luan-tot-nghiep-dot-1-nam-hoc-2014-2015 status=None
[2025-10-14T02:48:38.741975] https://oep.uit.edu.vn/vi/content/danh-sach-sinh-vien-du-kien-nhan-hoc-bong-khuyen-khich-cua-chuong-trinh-tien-tien-nam-hoc status=None
[2025-10-14T02:48:39.322624] https://oep.uit.edu.vn/vi/content/ke-hoach-bao-ve-thuc-tap-tot-nghiep-cho-sinh-vien-cttt status=None
[2025-10-14T02:48:39.922653] https://oep.uit.edu.vn/vi/content/thong-bao-nhan-sinh-vien status=None
[2025-10-14T02:48:40.517309] https://oep.uit.edu.vn/vi/content/thong-bao-lich-hoc-moi-cua-lop-cs1113f11cttt status=None
[2025-10-14T02:48:41.127134] https://oep.uit.edu.vn/vi/content/thong-bao-cap-nhat-lai-hinh-thuc-giang-day-cua-lop-msis3033f11cttt1 status=None
[2025-10-14T02:48:41.869308] https://oep.uit.edu.vn/vi/content/danh-sach-sinh-vien-tham-gia-sinh-hoat-chu-nhat-79 status=None
[2025-10-14T02:48:42.419748] https://oep.uit.edu.vn/vi/content/thong-bao-lich-hoc-lop-cs3373f11cttt status=None
[2025-10-14T02:48:43.026995] https://oep.uit.edu.vn/vi/content/tham-du-chuong-trinh-chao-mung-tan-sinh-vien-cac-chuong-trinh-dac-biet status=None
[2025-10-14T02:48:43.577240] https://oep.uit.edu.vn/vi/thong-bao?page=5#main status=None
[2025-10-14T02:48:44.128222] https://oep.uit.edu.vn/vi/thong-bao?page=5#main-nav status=None
[2025-10-14T02:48:44.684342] https://oep.uit.edu.vn/vi/content/dang-ky-tham-gia-clb-tieng-anh-vao-chu-nhat-792014 status=None
[2025-10-14T02:48:45.259029] https://oep.uit.edu.vn/vi/content/vv-nang-cap-va-thay-doi-duong-link-website-mon-hoc-cua-cttt status=None
[2025-10-14T02:48:45.865163] https://oep.uit.edu.vn/vi/content/hoc-bong-amcham-nam-2014 status=None
[2025-10-14T02:48:46.432269] https://oep.uit.edu.vn/vi/content/hoc-bong-amcham-2014 status=None
[2025-10-14T02:48:47.241644] https://oep.uit.edu.vn/vi/content/thong-bao-hoc-bu-lop-sc203e31cttt-ngay-29082014 status=None
[2025-10-14T02:48:48.064693] https://oep.uit.edu.vn/vi/content/thong-bao-hoc-bu-lop-sc203e31cttt-ngay-28082014 status=None
[2025-10-14T02:48:48.893291] https://oep.uit.edu.vn/vi/content/thong-bao-nghi-lop-sc203e31cttt-ngay-29082014 status=None
[2025-10-14T02:48:49.451820] https://oep.uit.edu.vn/vi/content/tb-so-58tb-dhcntt-khtc-ngay-11082014-thu-hoc-phi-hk1-nh-2014-2015-he-dtdhcq-khoa-2014 status=None
[2025-10-14T02:48:50.029540] https://oep.uit.edu.vn/vi/content/thong-bao-nghi-hoc-cua-cac-lop-giao-duc-chat-1-hoc-ky-1-nam-hoc-2014-2015 status=None
[2025-10-14T02:48:50.673860] https://oep.uit.edu.vn/vi/content/thong-bao-dot-thi-lai-6-bai-ly-luan-chinh-tri status=None
[2025-10-14T02:48:51.237102] https://oep.uit.edu.vn/vi/thong-bao?page=9 status=None
[2025-10-14T02:48:51.786732] https://oep.uit.edu.vn/vi/thong-bao?page=6#main status=None
[2025-10-14T02:48:52.356501] https://oep.uit.edu.vn/vi/thong-bao?page=6#main-nav status=None
[2025-10-14T02:48:52.967224] https://oep.uit.edu.vn/vi/content/lop-sc203e31cttt-thay-doi-phong-hoc-tam-thoi-ngay-1582014 status=None
[2025-10-14T02:48:53.853737] https://oep.uit.edu.vn/vi/content/thong-bao-tuyen-sinh-bo-sung-lop-chat-luong-cao-khoa-2013 status=None
[2025-10-14T02:48:54.446995] https://oep.uit.edu.vn/vi/content/dang-ky-hoc-lai-6-bai-ly-luan-chinh-tri-va-sinh-hoat-cong-dan-dau-khoa-0 status=None
[2025-10-14T02:48:54.991085] https://oep.uit.edu.vn/vi/content/dang-ky-hoc-lai-6-bai-ly-luan-chinh-tri-va-sinh-hoat-cong-dan-dau-khoa status=None
[2025-10-14T02:48:55.738614] https://oep.uit.edu.vn/vi/content/tb-58tb-dhcntt-khtc-ngay-11082014-thu-hoc-phi-hk1-nh-2014-2015-he-dtdhcq-khoa-2014 status=None
[2025-10-14T02:48:56.318504] https://oep.uit.edu.vn/vi/content/thong-bao-lop-sc203e31cttt-thay-doi-phong-hoc status=None
[2025-10-14T02:48:56.945154] https://oep.uit.edu.vn/vi/content/undergraduate-research-internships-mitacs-globalink-2015 status=None
[2025-10-14T02:48:57.643824] https://oep.uit.edu.vn/vi/content/thong-bao-tuyen-sinh-nam-2014-cttt-nganh-he-thong-thong-tin status=None
[2025-10-14T02:48:58.458880] https://oep.uit.edu.vn/vi/content/thong-bao-nghi-lop-sc203e31cttt-ngay-25072014 status=None
[2025-10-14T02:48:59.279497] https://oep.uit.edu.vn/vi/content/thong-bao-nghi-hoc-lop-sc203e31cttt status=None
[2025-10-14T02:48:59.837000] https://oep.uit.edu.vn/vi/thong-bao?page=10 status=None
[2025-10-14T02:49:00.394891] https://oep.uit.edu.vn/vi/thong-bao?page=7#main status=None
[2025-10-14T02:49:00.942111] https://oep.uit.edu.vn/vi/thong-bao?page=7#main-nav status=None
[2025-10-14T02:49:01.527839] https://oep.uit.edu.vn/vi/content/thong-bao-chuyen-phong-hoc-va-gio-hoc-lop-tri-tue-nhan-tao-cs4793e31cttt status=None
[2025-10-14T02:49:02.259169] https://oep.uit.edu.vn/vi/content/thoi-khoa-bieu-he-nam-hoc-2013-2014-cua-cac-lop-chuong-trinh-chat-luong-cao status=None
[2025-10-14T02:49:02.880891] https://oep.uit.edu.vn/vi/content/thong-bao-thay-doi-phong-thi-kiem-tra-tieng-anh-dau-vao-lop-luyen-thi-tieng-anh-toefl-ibt status=None
[2025-10-14T02:49:03.643175] https://oep.uit.edu.vn/vi/content/lich-thi-tieng-anh-dau-vao-lop-luyen-thi-tieng-anh-toefl-ibt-he-nam-hoc-2013-2014 status=None
[2025-10-14T02:49:04.320399] https://oep.uit.edu.vn/vi/content/lich-thi-tieng-anh-dau-vao-cua-lop-luyen-thi-tieng-anh-toefl-ibt-he-nam-hoc-2013-2014 status=None
[2025-10-14T02:49:04.880244] https://oep.uit.edu.vn/vi/content/cttt-thong-bao-thay-doi-phong-thi-mon-msis4523e21cttt-ngay-2762014 status=None
[2025-10-14T02:49:05.633906] https://oep.uit.edu.vn/vi/content/cttt-clc-danh-sach-phong-thi-cuoi-ky-ii status=None
[2025-10-14T02:49:06.334432] https://oep.uit.edu.vn/vi/bai-viet/thong-bao-tuyen-sinh-chuong-trinh-tien-tien-nganh-httt-nam-2014 status=None
[2025-10-14T02:49:07.081913] https://oep.uit.edu.vn/vi/content/danh-sach-sinh-vien-gap-mat-doan-kiem-tra-cua-bo-gddt-va-bdh-cttt-ngay-1962014 status=None
[2025-10-14T02:49:07.608865] https://oep.uit.edu.vn/vi/mot-so-quy-dinh-tong-quat status=None
[2025-10-14T02:49:08.162389] https://oep.uit.edu.vn/vi/thong-bao?page=11 status=None
[2025-10-14T02:49:08.703846] https://oep.uit.edu.vn/vi/thong-bao?page=8#main status=None
[2025-10-14T02:49:09.254246] https://oep.uit.edu.vn/vi/thong-bao?page=8#main-nav status=None
[2025-10-14T02:49:09.800477] https://oep.uit.edu.vn/vi/bai-viet/hoc-bong-danh-cho-tan-sinh-vien status=None
[2025-10-14T02:49:10.322556] https://oep.uit.edu.vn/vi/content/bang-vang-thanh-tich-hoc-ky-1-nam-hoc-2013-2014 status=None
[2025-10-14T02:49:10.851155] https://oep.uit.edu.vn/vi/content/bang-vang-thanh-tich-nam-hoc-2012-2013-ca-nam status=None
[2025-10-14T02:49:12.024704] https://oep.uit.edu.vn/vi/content/ket-qua-dang-ky-hoc-phan-va-danh-sach-lop-hoc-he-cua-cttt-clc-nam-hoc-2013-2014 status=None
[2025-10-14T02:49:12.607805] https://oep.uit.edu.vn/vi/content/social-issues-computing-cs4883-syllabus status=None
[2025-10-14T02:49:13.204097] https://oep.uit.edu.vn/vi/content/numerical-methods-digital-computer-cs3513-syllabus status=None
[2025-10-14T02:49:13.743310] https://oep.uit.edu.vn/vi/content/database-design-management-administration-syllabus status=None
[2025-10-14T02:49:14.276014] https://oep.uit.edu.vn/vi/content/computer-based-simulation-systems-syllabus status=None
[2025-10-14T02:49:14.802784] https://oep.uit.edu.vn/vi/content/decision-support-and-business-intelligence-applications-msis-4263-syllabus status=None
[2025-10-14T02:49:15.367360] https://oep.uit.edu.vn/vi/content/data-communication-systems-syllabus status=None
[2025-10-14T02:49:15.897979] https://oep.uit.edu.vn/vi/thong-bao?page=12 status=None
[2025-10-14T02:49:16.404251] https://oep.uit.edu.vn/vi/thong-bao?page=38#main status=None
[2025-10-14T02:49:16.917565] https://oep.uit.edu.vn/vi/thong-bao?page=38#main-nav status=None
[2025-10-14T02:49:17.485374] https://oep.uit.edu.vn/vi/quy-che-dao-tao status=None
[2025-10-14T02:49:18.003027] https://oep.uit.edu.vn/vi/bai-viet/hinh-anh status=None
[2025-10-14T02:49:18.572919] https://oep.uit.edu.vn/vi/thong-bao?page=37 status=None
[2025-10-14T02:49:19.115857] https://oep.uit.edu.vn/vi/thong-bao?page=30 status=None
[2025-10-14T02:49:19.663469] https://oep.uit.edu.vn/vi/thong-bao?page=31 status=None
[2025-10-14T02:49:20.204948] https://oep.uit.edu.vn/vi/thong-bao?page=32 status=None
[2025-10-14T02:49:20.755321] https://oep.uit.edu.vn/vi/thong-bao?page=33 status=None
[2025-10-14T02:49:21.312259] https://oep.uit.edu.vn/vi/thong-bao?page=34 status=None
[2025-10-14T02:49:21.874484] https://oep.uit.edu.vn/vi/thong-bao?page=35 status=None
[2025-10-14T02:49:22.422616] https://oep.uit.edu.vn/vi/thong-bao?page=36 status=None
[2025-10-14T02:49:23.157479] https://oep.uit.edu.vn/vi/node/1114 status=None
[2025-10-14T02:49:23.734516] https://oep.uit.edu.vn/vi/cap-nhat-danh-sach-giang-vien-huong-dan-khoa-luan-tot-nghiep-cho-sinh-vien-chuong-trinh-tien-tien#main status=None
[2025-10-14T02:49:24.319095] https://oep.uit.edu.vn/vi/cap-nhat-danh-sach-giang-vien-huong-dan-khoa-luan-tot-nghiep-cho-sinh-vien-chuong-trinh-tien-tien#main-nav status=None
[2025-10-14T02:49:24.880687] https://oep.uit.edu.vn/vi/cap-nhat-danh-sach-giang-vien-huong-dan-khoa-luan-tot-nghiep-cho-sinh-vien-chuong-trinh-tien-tien?page=1 status=None
[2025-10-14T02:49:25.466593] https://oep.uit.edu.vn/vi/cap-nhat-danh-sach-giang-vien-huong-dan-khoa-luan-tot-nghiep-cho-sinh-vien-chuong-trinh-tien-tien?page=2 status=None
[2025-10-14T02:49:26.032623] https://oep.uit.edu.vn/vi/cap-nhat-danh-sach-giang-vien-huong-dan-khoa-luan-tot-nghiep-cho-sinh-vien-chuong-trinh-tien-tien?page=3 status=None
[2025-10-14T02:49:26.610933] https://oep.uit.edu.vn/vi/cap-nhat-danh-sach-giang-vien-huong-dan-khoa-luan-tot-nghiep-cho-sinh-vien-chuong-trinh-tien-tien?page=4 status=None
[2025-10-14T02:49:27.189040] https://oep.uit.edu.vn/vi/cap-nhat-danh-sach-giang-vien-huong-dan-khoa-luan-tot-nghiep-cho-sinh-vien-chuong-trinh-tien-tien?page=223 status=None
[2025-10-14T02:49:28.090471] https://oep.uit.edu.vn/vi/node/1113 status=None
[2025-10-14T02:49:28.642955] https://oep.uit.edu.vn/vi/cap-nhat-lich-phan-bien-va-danh-sach-phan-cong-giang-vien-phan-bien-kltn-cua-cttt#main status=None
[2025-10-14T02:49:29.205754] https://oep.uit.edu.vn/vi/cap-nhat-lich-phan-bien-va-danh-sach-phan-cong-giang-vien-phan-bien-kltn-cua-cttt#main-nav status=None
[2025-10-14T02:49:29.793226] https://oep.uit.edu.vn/vi/cap-nhat-lich-phan-bien-va-danh-sach-phan-cong-giang-vien-phan-bien-kltn-cua-cttt?page=1 status=None
[2025-10-14T02:49:30.377226] https://oep.uit.edu.vn/vi/cap-nhat-lich-phan-bien-va-danh-sach-phan-cong-giang-vien-phan-bien-kltn-cua-cttt?page=2 status=None
[2025-10-14T02:49:30.949655] https://oep.uit.edu.vn/vi/cap-nhat-lich-phan-bien-va-danh-sach-phan-cong-giang-vien-phan-bien-kltn-cua-cttt?page=3 status=None
[2025-10-14T02:49:31.504633] https://oep.uit.edu.vn/vi/cap-nhat-lich-phan-bien-va-danh-sach-phan-cong-giang-vien-phan-bien-kltn-cua-cttt?page=4 status=None
[2025-10-14T02:49:32.072422] https://oep.uit.edu.vn/vi/cap-nhat-lich-phan-bien-va-danh-sach-phan-cong-giang-vien-phan-bien-kltn-cua-cttt?page=223 status=None
[2025-10-14T02:49:32.575014] https://oep.uit.edu.vn/vi/node/1091 status=None
[2025-10-14T02:49:33.075049] https://oep.uit.edu.vn/vi/thu-vien#main status=None
[2025-10-14T02:49:33.583604] https://oep.uit.edu.vn/vi/thu-vien#main-nav status=None
[2025-10-14T02:49:34.104081] https://oep.uit.edu.vn/en/library status=None
[2025-10-14T02:49:34.659595] https://oep.uit.edu.vn/vi/node/1112 status=None
[2025-10-14T02:49:35.252827] https://oep.uit.edu.vn/vi/thong-tin-ve-chuong-trinh-4th-asian-youth-leaders-travel-and-learning-camp-singapore#main status=None
[2025-10-14T02:49:35.833179] https://oep.uit.edu.vn/vi/thong-tin-ve-chuong-trinh-4th-asian-youth-leaders-travel-and-learning-camp-singapore#main-nav status=None
[2025-10-14T02:49:36.422480] https://oep.uit.edu.vn/vi/thong-tin-ve-chuong-trinh-4th-asian-youth-leaders-travel-and-learning-camp-singapore?page=1 status=None
[2025-10-14T02:49:36.992969] https://oep.uit.edu.vn/vi/thong-tin-ve-chuong-trinh-4th-asian-youth-leaders-travel-and-learning-camp-singapore?page=2 status=None
[2025-10-14T02:49:37.567050] https://oep.uit.edu.vn/vi/thong-tin-ve-chuong-trinh-4th-asian-youth-leaders-travel-and-learning-camp-singapore?page=3 status=None
[2025-10-14T02:49:38.179942] https://oep.uit.edu.vn/vi/thong-tin-ve-chuong-trinh-4th-asian-youth-leaders-travel-and-learning-camp-singapore?page=4 status=None
[2025-10-14T02:49:38.753851] https://oep.uit.edu.vn/vi/thong-tin-ve-chuong-trinh-4th-asian-youth-leaders-travel-and-learning-camp-singapore?page=223 status=None
[2025-10-14T02:49:39.279484] https://oep.uit.edu.vn/vi/node/1089 status=None
[2025-10-14T02:49:39.789615] https://oep.uit.edu.vn/vi/danh-sach-hoc-phan-chuong-trinh-tai-nang#main status=None
[2025-10-14T02:49:40.315810] https://oep.uit.edu.vn/vi/danh-sach-hoc-phan-chuong-trinh-tai-nang#main-nav status=None
[2025-10-14T02:49:40.848700] https://oep.uit.edu.vn/en/courses-honor-programs status=None
[2025-10-14T02:49:41.374272] https://oep.uit.edu.vn/vi/danh-sach-hoc-phan-chuong-trinh-tai-nang?page=1 status=None
[2025-10-14T02:49:41.906635] https://oep.uit.edu.vn/vi/danh-sach-hoc-phan-chuong-trinh-tai-nang?page=2 status=None
[2025-10-14T02:49:42.428152] https://oep.uit.edu.vn/vi/node/1088 status=None
[2025-10-14T02:49:42.957452] https://oep.uit.edu.vn/vi/danh-sach-hoc-phan-chuong-trinh-chat-luong-cao#main status=None
[2025-10-14T02:49:43.471077] https://oep.uit.edu.vn/vi/danh-sach-hoc-phan-chuong-trinh-chat-luong-cao#main-nav status=None
[2025-10-14T02:49:44.017408] https://oep.uit.edu.vn/en/courses-high-quality-programs status=None
[2025-10-14T02:49:44.546280] https://oep.uit.edu.vn/vi/danh-sach-hoc-phan-chuong-trinh-chat-luong-cao?page=1 status=None
[2025-10-14T02:49:45.057169] https://oep.uit.edu.vn/vi/danh-sach-hoc-phan-chuong-trinh-chat-luong-cao?page=2 status=None
[2025-10-14T02:49:45.571271] https://oep.uit.edu.vn/vi/danh-sach-hoc-phan-chuong-trinh-chat-luong-cao?page=3 status=None
[2025-10-14T02:49:46.098875] https://oep.uit.edu.vn/vi/danh-sach-hoc-phan-chuong-trinh-chat-luong-cao?page=4 status=None
[2025-10-14T02:49:46.613824] https://oep.uit.edu.vn/vi/node/1079 status=None
[2025-10-14T02:49:47.145593] https://oep.uit.edu.vn/vi/quy-che-quy-dinh-ve-dao-tao#main status=None
[2025-10-14T02:49:47.681043] https://oep.uit.edu.vn/vi/quy-che-quy-dinh-ve-dao-tao#main-nav status=None
[2025-10-14T02:49:48.224931] https://oep.uit.edu.vn/en/academic-statutes-0 status=None
[2025-10-14T02:49:48.756755] https://oep.uit.edu.vn/vi/content/chuong-trinh-chat-luong-cao status=None
[2025-10-14T02:49:49.289707] https://oep.uit.edu.vn/vi/quy-che-quy-dinh-ve-dao-tao?page=1 status=None
[2025-10-14T02:49:49.816149] https://oep.uit.edu.vn/vi/node/1067 status=None
[2025-10-14T02:49:50.347443] https://oep.uit.edu.vn/vi/thong-tin-tuyen-sinh-chuong-trinh-tien-tien#main status=None
[2025-10-14T02:49:50.878798] https://oep.uit.edu.vn/vi/thong-tin-tuyen-sinh-chuong-trinh-tien-tien#main-nav status=None
[2025-10-14T02:49:51.435448] https://oep.uit.edu.vn/en/admission-information-advanced-program-information-system status=None
[2025-10-14T02:49:51.968394] https://oep.uit.edu.vn/vi/thong-tin-tuyen-sinh-chuong-trinh-tien-tien?page=1 status=None
[2025-10-14T02:49:52.559357] https://oep.uit.edu.vn/vi/node/1111 status=None
[2025-10-14T02:49:53.122763] https://oep.uit.edu.vn/vi/chuong-trinh-summer-camp-lan-thu-4-4th-nida-summer-camp-duoc-chuc-tai-thai-lan-tu-ngay-16-25-thang#main status=None
[2025-10-14T02:49:53.698073] https://oep.uit.edu.vn/vi/chuong-trinh-summer-camp-lan-thu-4-4th-nida-summer-camp-duoc-chuc-tai-thai-lan-tu-ngay-16-25-thang#main-nav status=None
[2025-10-14T02:49:54.269744] https://oep.uit.edu.vn/vi/chuong-trinh-summer-camp-lan-thu-4-4th-nida-summer-camp-duoc-chuc-tai-thai-lan-tu-ngay-16-25-thang?page=1 status=None
[2025-10-14T02:49:54.839718] https://oep.uit.edu.vn/vi/chuong-trinh-summer-camp-lan-thu-4-4th-nida-summer-camp-duoc-chuc-tai-thai-lan-tu-ngay-16-25-thang?page=2 status=None
[2025-10-14T02:49:55.421890] https://oep.uit.edu.vn/vi/chuong-trinh-summer-camp-lan-thu-4-4th-nida-summer-camp-duoc-chuc-tai-thai-lan-tu-ngay-16-25-thang?page=3 status=None
[2025-10-14T02:49:56.045309] https://oep.uit.edu.vn/vi/chuong-trinh-summer-camp-lan-thu-4-4th-nida-summer-camp-duoc-chuc-tai-thai-lan-tu-ngay-16-25-thang?page=4 status=None
[2025-10-14T02:49:56.640233] https://oep.uit.edu.vn/vi/chuong-trinh-summer-camp-lan-thu-4-4th-nida-summer-camp-duoc-chuc-tai-thai-lan-tu-ngay-16-25-thang?page=223 status=None
[2025-10-14T02:49:57.232027] https://oep.uit.edu.vn/vi/node/1110 status=None
[2025-10-14T02:49:57.807563] https://oep.uit.edu.vn/vi/dang-ky-tham-gia-chuong-trinh-giao-luu-voi-ong-bruno-georges-redhat-director#main status=None
[2025-10-14T02:49:58.368228] https://oep.uit.edu.vn/vi/dang-ky-tham-gia-chuong-trinh-giao-luu-voi-ong-bruno-georges-redhat-director#main-nav status=None
[2025-10-14T02:49:59.979260] http://forum.uit.edu.vn/threads/51609 status=None
[2025-10-14T02:50:00.555520] https://oep.uit.edu.vn/vi/dang-ky-tham-gia-chuong-trinh-giao-luu-voi-ong-bruno-georges-redhat-director?page=1 status=None
[2025-10-14T02:50:01.135447] https://oep.uit.edu.vn/vi/dang-ky-tham-gia-chuong-trinh-giao-luu-voi-ong-bruno-georges-redhat-director?page=2 status=None
[2025-10-14T02:50:01.711194] https://oep.uit.edu.vn/vi/dang-ky-tham-gia-chuong-trinh-giao-luu-voi-ong-bruno-georges-redhat-director?page=3 status=None
[2025-10-14T02:50:02.271477] https://oep.uit.edu.vn/vi/dang-ky-tham-gia-chuong-trinh-giao-luu-voi-ong-bruno-georges-redhat-director?page=4 status=None
[2025-10-14T02:50:02.851162] https://oep.uit.edu.vn/vi/dang-ky-tham-gia-chuong-trinh-giao-luu-voi-ong-bruno-georges-redhat-director?page=223 status=None
[2025-10-14T02:50:03.424820] https://oep.uit.edu.vn/vi/node/1109 status=None
[2025-10-14T02:50:04.033999] https://oep.uit.edu.vn/vi/danh-sach-sinh-vien-cttt-du-kien-tot-nghiep-dot-2-nam-2014#main status=None
[2025-10-14T02:50:04.596185] https://oep.uit.edu.vn/vi/danh-sach-sinh-vien-cttt-du-kien-tot-nghiep-dot-2-nam-2014#main-nav status=None
[2025-10-14T02:50:05.160716] https://oep.uit.edu.vn/vi/danh-sach-sinh-vien-cttt-du-kien-tot-nghiep-dot-2-nam-2014?page=1 status=None
[2025-10-14T02:50:05.733361] https://oep.uit.edu.vn/vi/danh-sach-sinh-vien-cttt-du-kien-tot-nghiep-dot-2-nam-2014?page=2 status=None
[2025-10-14T02:50:06.290332] https://oep.uit.edu.vn/vi/danh-sach-sinh-vien-cttt-du-kien-tot-nghiep-dot-2-nam-2014?page=3 status=None
[2025-10-14T02:50:06.865824] https://oep.uit.edu.vn/vi/danh-sach-sinh-vien-cttt-du-kien-tot-nghiep-dot-2-nam-2014?page=4 status=None
[2025-10-14T02:50:07.442829] https://oep.uit.edu.vn/vi/danh-sach-sinh-vien-cttt-du-kien-tot-nghiep-dot-2-nam-2014?page=223 status=None
[2025-10-14T02:50:07.882190] https://oep.uit.edu.vn/vi/content/internal status=None
[2025-10-14T02:50:08.336731] https://oep.uit.edu.vn/vi/content/external status=None
[2025-10-14T02:50:09.094629] https://oep.uit.edu.vn/vi/node/1051 status=None
[2025-10-14T02:50:09.660218] https://oep.uit.edu.vn/vi/content/thong-bao-hoc-bong-toan-phan-tai-singapore-2015#main status=None
[2025-10-14T02:50:10.251942] https://oep.uit.edu.vn/vi/content/thong-bao-hoc-bong-toan-phan-tai-singapore-2015#main-nav status=None
[2025-10-14T02:50:11.021385] https://oep.uit.edu.vn/en/content/thong-bao-hoc-bong-toan-phan-tai-singapore-2015 status=None
[2025-10-14T02:50:11.465453] https://oep.uit.edu.vn/vi/content/images/134_DTTS__tuyen_sinh_hoc_DH_tai_Singapore_2015_-_tranvuit.edu.vn_-_Thư_Trường_Đại_Học_Công_Nghệ_Thông_Tin.html status=None
[2025-10-14T02:50:12.023831] https://oep.uit.edu.vn/vi/content/thong-bao-hoc-bong-toan-phan-tai-singapore-2015?page=1 status=None
[2025-10-14T02:50:12.587834] https://oep.uit.edu.vn/vi/content/thong-bao-hoc-bong-toan-phan-tai-singapore-2015?page=2 status=None
[2025-10-14T02:50:13.149649] https://oep.uit.edu.vn/vi/content/thong-bao-hoc-bong-toan-phan-tai-singapore-2015?page=3 status=None
[2025-10-14T02:50:13.720678] https://oep.uit.edu.vn/vi/content/thong-bao-hoc-bong-toan-phan-tai-singapore-2015?page=4 status=None
[2025-10-14T02:50:14.283088] https://oep.uit.edu.vn/vi/content/thong-bao-hoc-bong-toan-phan-tai-singapore-2015?page=223 status=None
[2025-10-14T02:50:15.316634] https://oep.uit.edu.vn/vi/node/1050 status=None
[2025-10-14T02:50:15.940723] https://oep.uit.edu.vn/vi/content/thong-bao-ve-viec-giao-de-tai-kltn-cho-sinh-vien-chuong-trinh-tien-tien-bo-sung-dot-1-nam#main status=None
[2025-10-14T02:50:16.552202] https://oep.uit.edu.vn/vi/content/thong-bao-ve-viec-giao-de-tai-kltn-cho-sinh-vien-chuong-trinh-tien-tien-bo-sung-dot-1-nam#main-nav status=None
[2025-10-14T02:50:17.716330] https://oep.uit.edu.vn/en/content/thong-bao-ve-viec-giao-de-tai-kltn-cho-sinh-vien-chuong-trinh-tien-tien-bo-sung-dot-1-nam status=None
[2025-10-14T02:50:18.332587] https://oep.uit.edu.vn/vi/content/thong-bao-ve-viec-giao-de-tai-kltn-cho-sinh-vien-chuong-trinh-tien-tien-bo-sung-dot-1-nam?page=1 status=None
[2025-10-14T02:50:18.927317] https://oep.uit.edu.vn/vi/content/thong-bao-ve-viec-giao-de-tai-kltn-cho-sinh-vien-chuong-trinh-tien-tien-bo-sung-dot-1-nam?page=2 status=None
[2025-10-14T02:50:19.511886] https://oep.uit.edu.vn/vi/content/thong-bao-ve-viec-giao-de-tai-kltn-cho-sinh-vien-chuong-trinh-tien-tien-bo-sung-dot-1-nam?page=3 status=None
[2025-10-14T02:50:20.123364] https://oep.uit.edu.vn/vi/content/thong-bao-ve-viec-giao-de-tai-kltn-cho-sinh-vien-chuong-trinh-tien-tien-bo-sung-dot-1-nam?page=4 status=None
[2025-10-14T02:50:20.697531] https://oep.uit.edu.vn/vi/content/thong-bao-ve-viec-giao-de-tai-kltn-cho-sinh-vien-chuong-trinh-tien-tien-bo-sung-dot-1-nam?page=223 status=None
[2025-10-14T02:50:21.211222] https://oep.uit.edu.vn/vi/node/1049 status=None
[2025-10-14T02:50:21.712795] https://oep.uit.edu.vn/vi/content/thong-bao-ve-viec-giao-de-tai-kltn-bo-sung-cho-sinh-vien-chuong-trinh-tien-tien-dot-1-nam#main status=None
[2025-10-14T02:50:22.214320] https://oep.uit.edu.vn/vi/content/thong-bao-ve-viec-giao-de-tai-kltn-bo-sung-cho-sinh-vien-chuong-trinh-tien-tien-dot-1-nam#main-nav status=None
[2025-10-14T02:50:22.752088] https://oep.uit.edu.vn/en/content/thong-bao-ve-viec-giao-de-tai-kltn-bo-sung-cho-sinh-vien-chuong-trinh-tien-tien-dot-1-nam status=None
[2025-10-14T02:50:23.620940] https://oep.uit.edu.vn/vi/node/1048 status=None
[2025-10-14T02:50:24.220296] https://oep.uit.edu.vn/vi/content/thong-bao-nop-don-cuu-xet-va-nop-don-gia-han-thoi-gian-dao-tao#main status=None
[2025-10-14T02:50:24.814296] https://oep.uit.edu.vn/vi/content/thong-bao-nop-don-cuu-xet-va-nop-don-gia-han-thoi-gian-dao-tao#main-nav status=None
[2025-10-14T02:50:25.748602] https://oep.uit.edu.vn/en/content/thong-bao-nop-don-cuu-xet-va-nop-don-gia-han-thoi-gian-dao-tao status=None
[2025-10-14T02:50:26.352820] https://oep.uit.edu.vn/vi/content/thong-bao-nop-don-cuu-xet-va-nop-don-gia-han-thoi-gian-dao-tao?page=1 status=None
[2025-10-14T02:50:26.947833] https://oep.uit.edu.vn/vi/content/thong-bao-nop-don-cuu-xet-va-nop-don-gia-han-thoi-gian-dao-tao?page=2 status=None
[2025-10-14T02:50:27.539899] https://oep.uit.edu.vn/vi/content/thong-bao-nop-don-cuu-xet-va-nop-don-gia-han-thoi-gian-dao-tao?page=3 status=None
[2025-10-14T02:50:28.133464] https://oep.uit.edu.vn/vi/content/thong-bao-nop-don-cuu-xet-va-nop-don-gia-han-thoi-gian-dao-tao?page=4 status=None
[2025-10-14T02:50:28.728376] https://oep.uit.edu.vn/vi/content/thong-bao-nop-don-cuu-xet-va-nop-don-gia-han-thoi-gian-dao-tao?page=223 status=None
[2025-10-14T02:50:29.292792] https://oep.uit.edu.vn/vi/node/1047 status=None
[2025-10-14T02:50:29.865809] https://oep.uit.edu.vn/vi/content/thong-bao-ve-viec-giao-de-tai-kltn-cho-sinh-vien-chuong-trinh-tien-tien-dot-1-nam-hoc-2014#main status=None
[2025-10-14T02:50:30.435202] https://oep.uit.edu.vn/vi/content/thong-bao-ve-viec-giao-de-tai-kltn-cho-sinh-vien-chuong-trinh-tien-tien-dot-1-nam-hoc-2014#main-nav status=None
[2025-10-14T02:50:31.053479] https://oep.uit.edu.vn/en/content/thong-bao-ve-viec-giao-de-tai-kltn-cho-sinh-vien-chuong-trinh-tien-tien-dot-1-nam-hoc-2014 status=None
[2025-10-14T02:50:31.615024] https://oep.uit.edu.vn/vi/content/thong-bao-ve-viec-giao-de-tai-kltn-cho-sinh-vien-chuong-trinh-tien-tien-dot-1-nam-hoc-2014?page=1 status=None
[2025-10-14T02:50:32.187944] https://oep.uit.edu.vn/vi/content/thong-bao-ve-viec-giao-de-tai-kltn-cho-sinh-vien-chuong-trinh-tien-tien-dot-1-nam-hoc-2014?page=2 status=None
[2025-10-14T02:50:32.741265] https://oep.uit.edu.vn/vi/content/thong-bao-ve-viec-giao-de-tai-kltn-cho-sinh-vien-chuong-trinh-tien-tien-dot-1-nam-hoc-2014?page=3 status=None
[2025-10-14T02:50:33.298845] https://oep.uit.edu.vn/vi/content/thong-bao-ve-viec-giao-de-tai-kltn-cho-sinh-vien-chuong-trinh-tien-tien-dot-1-nam-hoc-2014?page=4 status=None
[2025-10-14T02:50:33.867819] https://oep.uit.edu.vn/vi/content/thong-bao-ve-viec-giao-de-tai-kltn-cho-sinh-vien-chuong-trinh-tien-tien-dot-1-nam-hoc-2014?page=223 status=None
[2025-10-14T02:50:34.612154] https://oep.uit.edu.vn/vi/node/1046 status=None
[2025-10-14T02:50:35.187221] https://oep.uit.edu.vn/vi/content/thong-bao-vv-xet-tot-nghiep-cttt-dot-2nam-2014#main status=None
[2025-10-14T02:50:35.771535] https://oep.uit.edu.vn/vi/content/thong-bao-vv-xet-tot-nghiep-cttt-dot-2nam-2014#main-nav status=None
[2025-10-14T02:50:36.562501] https://oep.uit.edu.vn/en/content/thong-bao-vv-xet-tot-nghiep-cttt-dot-2nam-2014 status=None
[2025-10-14T02:50:37.141187] https://oep.uit.edu.vn/vi/content/thong-bao-vv-xet-tot-nghiep-cttt-dot-2nam-2014?page=1 status=None
[2025-10-14T02:50:37.705684] https://oep.uit.edu.vn/vi/content/thong-bao-vv-xet-tot-nghiep-cttt-dot-2nam-2014?page=2 status=None
[2025-10-14T02:50:38.252809] https://oep.uit.edu.vn/vi/content/thong-bao-vv-xet-tot-nghiep-cttt-dot-2nam-2014?page=3 status=None
[2025-10-14T02:50:38.821472] https://oep.uit.edu.vn/vi/content/thong-bao-vv-xet-tot-nghiep-cttt-dot-2nam-2014?page=4 status=None
[2025-10-14T02:50:39.394885] https://oep.uit.edu.vn/vi/content/thong-bao-vv-xet-tot-nghiep-cttt-dot-2nam-2014?page=223 status=None
[2025-10-14T02:50:39.998656] https://oep.uit.edu.vn/vi/node/1045 status=None
[2025-10-14T02:50:40.599728] https://oep.uit.edu.vn/vi/content/thong-bao-hop-ban-can-su-cac-lop-ctttclc-luc-11h45-thu-5-ngay-16102014#main status=None
[2025-10-14T02:50:41.213612] https://oep.uit.edu.vn/vi/content/thong-bao-hop-ban-can-su-cac-lop-ctttclc-luc-11h45-thu-5-ngay-16102014#main-nav status=None
[2025-10-14T02:50:41.812276] https://oep.uit.edu.vn/en/content/thong-bao-hop-ban-can-su-cac-lop-ctttclc-luc-11h45-thu-5-ngay-16102014 status=None
[2025-10-14T02:50:42.410793] https://oep.uit.edu.vn/vi/content/thong-bao-hop-ban-can-su-cac-lop-ctttclc-luc-11h45-thu-5-ngay-16102014?page=1 status=None
[2025-10-14T02:50:43.003607] https://oep.uit.edu.vn/vi/content/thong-bao-hop-ban-can-su-cac-lop-ctttclc-luc-11h45-thu-5-ngay-16102014?page=2 status=None
[2025-10-14T02:50:43.611912] https://oep.uit.edu.vn/vi/content/thong-bao-hop-ban-can-su-cac-lop-ctttclc-luc-11h45-thu-5-ngay-16102014?page=3 status=None
[2025-10-14T02:50:44.202321] https://oep.uit.edu.vn/vi/content/thong-bao-hop-ban-can-su-cac-lop-ctttclc-luc-11h45-thu-5-ngay-16102014?page=4 status=None
[2025-10-14T02:50:44.786193] https://oep.uit.edu.vn/vi/content/thong-bao-hop-ban-can-su-cac-lop-ctttclc-luc-11h45-thu-5-ngay-16102014?page=223 status=None
[2025-10-14T02:50:45.498973] https://oep.uit.edu.vn/vi/node/1044 status=None
[2025-10-14T02:50:46.062173] https://oep.uit.edu.vn/vi/content/thong-bao-lich-thi-giua-ky-1-chinh-thuc-cua-ctttclc#main status=None
[2025-10-14T02:50:46.623531] https://oep.uit.edu.vn/vi/content/thong-bao-lich-thi-giua-ky-1-chinh-thuc-cua-ctttclc#main-nav status=None
[2025-10-14T02:50:47.407711] https://oep.uit.edu.vn/en/content/thong-bao-lich-thi-giua-ky-1-chinh-thuc-cua-ctttclc status=None
[2025-10-14T02:50:47.992663] https://oep.uit.edu.vn/vi/content/thong-bao-lich-thi-giua-ky-1-chinh-thuc-cua-ctttclc?page=1 status=None
[2025-10-14T02:50:48.559819] https://oep.uit.edu.vn/vi/content/thong-bao-lich-thi-giua-ky-1-chinh-thuc-cua-ctttclc?page=2 status=None
[2025-10-14T02:50:49.115801] https://oep.uit.edu.vn/vi/content/thong-bao-lich-thi-giua-ky-1-chinh-thuc-cua-ctttclc?page=3 status=None
[2025-10-14T02:50:49.686630] https://oep.uit.edu.vn/vi/content/thong-bao-lich-thi-giua-ky-1-chinh-thuc-cua-ctttclc?page=4 status=None
[2025-10-14T02:50:50.261969] https://oep.uit.edu.vn/vi/content/thong-bao-lich-thi-giua-ky-1-chinh-thuc-cua-ctttclc?page=223 status=None
[2025-10-14T02:50:50.989780] https://oep.uit.edu.vn/vi/node/1043 status=None
[2025-10-14T02:50:51.567463] https://oep.uit.edu.vn/vi/content/thong-bao-ve-ky-tuc-xa-chat-luong-cao#main status=None
[2025-10-14T02:50:52.146529] https://oep.uit.edu.vn/vi/content/thong-bao-ve-ky-tuc-xa-chat-luong-cao#main-nav status=None
[2025-10-14T02:50:52.937797] https://oep.uit.edu.vn/en/content/thong-bao-ve-ky-tuc-xa-chat-luong-cao status=None
[2025-10-14T02:50:53.529691] https://oep.uit.edu.vn/vi/content/thong-bao-ve-ky-tuc-xa-chat-luong-cao?page=1 status=None
[2025-10-14T02:50:54.117030] https://oep.uit.edu.vn/vi/content/thong-bao-ve-ky-tuc-xa-chat-luong-cao?page=2 status=None
[2025-10-14T02:50:54.696502] https://oep.uit.edu.vn/vi/content/thong-bao-ve-ky-tuc-xa-chat-luong-cao?page=3 status=None
[2025-10-14T02:50:55.270686] https://oep.uit.edu.vn/vi/content/thong-bao-ve-ky-tuc-xa-chat-luong-cao?page=4 status=None
[2025-10-14T02:50:55.833126] https://oep.uit.edu.vn/vi/content/thong-bao-ve-ky-tuc-xa-chat-luong-cao?page=223 status=None
[2025-10-14T02:50:56.272992] https://oep.uit.edu.vn/vi/bieu-mau#main status=None
[2025-10-14T02:50:56.755006] https://oep.uit.edu.vn/en/bieu-mau#main status=None
[2025-10-14T02:50:56.949433] https://www.uit.edu.vn/sites/vi/files/css/css_IMxC8YUXvqL28um92XYr1r3U8Ajr7yQ9Ha_rDEwPMo4.css status=None
[2025-10-14T02:50:57.151212] https://www.uit.edu.vn/sites/vi/files/css/css_FdGdvhaE5jHxRv7H4us1DeTYNY5FeNW4rtEAUjNoSmA.css status=None
[2025-10-14T02:50:58.229705] https://www.uit.edu.vn/internal#mm-1 status=None
[2025-10-14T02:50:59.148475] https://www.uit.edu.vn/internal#mm-4 status=None
[2025-10-14T02:51:00.115067] https://www.uit.edu.vn/internal#mm-7 status=None
[2025-10-14T02:51:01.040163] https://www.uit.edu.vn/internal#mm-11 status=None
[2025-10-14T02:51:02.036969] https://www.uit.edu.vn/internal#mm-15 status=None
[2025-10-14T02:51:02.906410] https://www.uit.edu.vn/internal#mm-16 status=None
[2025-10-14T02:51:03.789236] https://www.uit.edu.vn/internal#mm-21 status=None
[2025-10-14T02:51:04.704626] https://www.uit.edu.vn/internal#mm-22 status=None
[2025-10-14T02:51:05.671307] https://www.uit.edu.vn/internal#mm-0 status=None
[2025-10-14T02:51:06.563274] https://www.uit.edu.vn/internal#mm-2 status=None
[2025-10-14T02:51:07.594769] https://www.uit.edu.vn/internal#mm-3 status=None
[2025-10-14T02:51:08.551534] https://www.uit.edu.vn/internal#mm-5 status=None
[2025-10-14T02:51:09.468661] https://www.uit.edu.vn/internal#mm-6 status=None
[2025-10-14T02:51:10.376040] https://www.uit.edu.vn/internal#mm-8 status=None
[2025-10-14T02:51:11.392106] https://www.uit.edu.vn/internal#mm-9 status=None
[2025-10-14T02:51:12.371394] https://www.uit.edu.vn/internal#mm-10 status=None
[2025-10-14T02:51:13.278374] https://www.uit.edu.vn/internal#mm-12 status=None
[2025-10-14T02:51:14.167987] https://www.uit.edu.vn/internal#mm-13 status=None
[2025-10-14T02:51:15.294160] https://www.uit.edu.vn/internal#mm-14 status=None
[2025-10-14T02:51:16.246800] https://www.uit.edu.vn/internal#mm-17 status=None
[2025-10-14T02:51:17.133590] https://www.uit.edu.vn/internal#mm-18 status=None
[2025-10-14T02:51:18.042839] https://www.uit.edu.vn/internal#mm-19 status=None
[2025-10-14T02:51:18.929279] https://www.uit.edu.vn/internal#mm-20 status=None
[2025-10-14T02:51:19.838565] https://www.uit.edu.vn/internal#mm-23 status=None
[2025-10-14T02:51:20.734230] https://www.uit.edu.vn/internal#mm-24 status=None
[2025-10-14T02:51:21.668258] https://www.uit.edu.vn/internal#mm-25 status=None
[2025-10-14T02:51:22.599128] https://www.uit.edu.vn/internal#main status=None
[2025-10-14T02:51:22.840086] https://www.uit.edu.vn/search404 status=None
[2025-10-14T02:51:23.121013] https://en.uit.edu.vn/search404 status=None
[2025-10-14T02:51:23.940066] https://www.uit.edu.vn/node/5011 status=None
[2025-10-14T02:51:25.091189] https://www.uit.edu.vn/gioi-thieu-dien-gia-chuong-trinh-hanh-trang-lap-nghiep-qua-nhung-trang-sach-ngay-2142022 status=None
[2025-10-14T02:51:26.091288] https://www.uit.edu.vn/danh-aun-qa-chuong-trinh-cong-nghe-thong-tin-va-toan-thong-tin status=None
[2025-10-14T02:51:27.000113] https://www.uit.edu.vn/node/5036 status=None
[2025-10-14T02:51:27.821243] https://www.uit.edu.vn/node/5005 status=None
[2025-10-14T02:51:28.829546] https://www.uit.edu.vn/chuc-mung-sinh-vien-le-duc-hong-co-bai-bao-khoa-hoc-duoc-chap-nhan-cong-bo-tai-hoi-nghi-quoc-te-atc-2024 status=None
[2025-10-14T02:51:29.904039] https://www.uit.edu.vn/node/28929 status=None
[2025-10-14T02:51:30.885619] https://www.uit.edu.vn/chuc-mung-sinh-vien-le-huy-hung-co-bai-bao-khoa-hoc-duoc-chap-nhan-dang-tai-hoi-nghi-quoc-te-icdv-2024 status=None
[2025-10-14T02:51:31.835419] https://www.uit.edu.vn/chuc-mung-sinh-vien-khoa-mang-may-tinh-va-truyen-thong-co-bai-bao-duoc-trinh-bay-tai-hoi-nghi-quoc-te-icdv-2024-tai-ha-noi status=None
[2025-10-14T02:51:32.899514] https://www.uit.edu.vn/sinh-vien-mang-may-tinh-va-truyen-thong-trinh-bay-bai-bao-khoa-hoc-tai-hoi-nghi-quoc-te-icdv-2024 status=None
[2025-10-14T02:51:33.203706] https://www.uit.edu.vn/search404?page=1&amp;destination=internal status=None
[2025-10-14T02:51:33.461130] https://www.uit.edu.vn/search404?page=2&amp;destination=internal status=None
[2025-10-14T02:51:34.366991] https://www.uit.edu.vn/external#mm-1 status=None
[2025-10-14T02:51:35.370874] https://www.uit.edu.vn/external#mm-4 status=None
[2025-10-14T02:51:36.326469] https://www.uit.edu.vn/external#mm-7 status=None
[2025-10-14T02:51:37.222307] https://www.uit.edu.vn/external#mm-11 status=None
[2025-10-14T02:51:38.110864] https://www.uit.edu.vn/external#mm-15 status=None
[2025-10-14T02:51:39.129120] https://www.uit.edu.vn/external#mm-16 status=None
[2025-10-14T02:51:40.060239] https://www.uit.edu.vn/external#mm-21 status=None
[2025-10-14T02:51:41.065248] https://www.uit.edu.vn/external#mm-22 status=None
[2025-10-14T02:51:41.951749] https://www.uit.edu.vn/external#mm-0 status=None
[2025-10-14T02:51:42.885860] https://www.uit.edu.vn/external#mm-2 status=None
[2025-10-14T02:51:43.780641] https://www.uit.edu.vn/external#mm-3 status=None
[2025-10-14T02:51:44.699599] https://www.uit.edu.vn/external#mm-5 status=None
[2025-10-14T02:51:45.691218] https://www.uit.edu.vn/external#mm-6 status=None
[2025-10-14T02:51:46.641168] https://www.uit.edu.vn/external#mm-8 status=None
[2025-10-14T02:51:47.562518] https://www.uit.edu.vn/external#mm-9 status=None
[2025-10-14T02:51:48.527533] https://www.uit.edu.vn/external#mm-10 status=None
[2025-10-14T02:51:49.511158] https://www.uit.edu.vn/external#mm-12 status=None
[2025-10-14T02:51:50.436761] https://www.uit.edu.vn/external#mm-13 status=None
[2025-10-14T02:51:51.384424] https://www.uit.edu.vn/external#mm-14 status=None
[2025-10-14T02:51:52.313849] https://www.uit.edu.vn/external#mm-17 status=None
[2025-10-14T02:51:53.245487] https://www.uit.edu.vn/external#mm-18 status=None
[2025-10-14T02:51:54.198276] https://www.uit.edu.vn/external#mm-19 status=None
[2025-10-14T02:51:55.186296] https://www.uit.edu.vn/external#mm-20 status=None
[2025-10-14T02:51:56.110795] https://www.uit.edu.vn/external#mm-23 status=None
[2025-10-14T02:51:57.044243] https://www.uit.edu.vn/external#mm-24 status=None
[2025-10-14T02:51:57.964277] https://www.uit.edu.vn/external#mm-25 status=None
[2025-10-14T02:51:58.913170] https://www.uit.edu.vn/external#main status=None
[2025-10-14T02:51:59.859284] https://www.uit.edu.vn/node/4779 status=None
[2025-10-14T02:52:00.784499] https://www.uit.edu.vn/node/5008 status=None
[2025-10-14T02:52:01.714286] https://www.uit.edu.vn/node/4844 status=None
[2025-10-14T02:52:02.714412] https://www.uit.edu.vn/node/38900 status=None
[2025-10-14T02:52:03.632315] https://www.uit.edu.vn/node/4843 status=None
[2025-10-14T02:52:04.538628] https://www.uit.edu.vn/node/5004 status=None
[2025-10-14T02:52:05.538692] https://www.uit.edu.vn/node/37908 status=None
[2025-10-14T02:52:06.524464] https://www.uit.edu.vn/node/37807 status=None
[2025-10-14T02:52:07.540221] https://www.uit.edu.vn/thong-tin-chuong-trinh-student-exchange-information-university-regina-and-seed-scholarship-2025 status=None
[2025-10-14T02:52:07.798625] https://www.uit.edu.vn/search404?page=1&amp;destination=external status=None
[2025-10-14T02:52:08.059051] https://www.uit.edu.vn/search404?page=2&amp;destination=external status=None
[2025-10-14T02:52:08.309553] https://www.uit.edu.vn/search404?page=3&amp;destination=external status=None
[2025-10-14T02:52:08.555721] https://www.uit.edu.vn/search404?page=4&amp;destination=external status=None
[2025-10-14T02:52:08.807448] https://www.uit.edu.vn/search404?page=5&amp;destination=external status=None
[2025-10-14T02:52:09.627133] https://www.uit.edu.vn/sites/vi/files/internal status=None
[2025-10-14T02:52:10.406370] https://www.uit.edu.vn/sites/vi/files/external status=None
[2025-10-14T02:52:11.226386] https://www.uit.edu.vn/taxonomy/term/internal status=None
[2025-10-14T02:52:12.123796] https://www.uit.edu.vn/taxonomy/term/external status=None
[2025-10-14T02:52:12.941704] https://www.uit.edu.vn/taxonomy/term/82#mm-1 status=None
[2025-10-14T02:52:13.744561] https://www.uit.edu.vn/taxonomy/term/82#mm-4 status=None
[2025-10-14T02:52:14.564481] https://www.uit.edu.vn/taxonomy/term/82#mm-7 status=None
[2025-10-14T02:52:15.395030] https://www.uit.edu.vn/taxonomy/term/82#mm-11 status=None
[2025-10-14T02:52:16.231581] https://www.uit.edu.vn/taxonomy/term/82#mm-15 status=None
[2025-10-14T02:52:16.992962] https://www.uit.edu.vn/taxonomy/term/82#mm-16 status=None
[2025-10-14T02:52:17.762072] https://www.uit.edu.vn/taxonomy/term/82#mm-21 status=None
[2025-10-14T02:52:18.594485] https://www.uit.edu.vn/taxonomy/term/82#mm-22 status=None
[2025-10-14T02:52:19.440087] https://www.uit.edu.vn/taxonomy/term/82#mm-0 status=None
[2025-10-14T02:52:20.206491] https://www.uit.edu.vn/taxonomy/term/82#mm-2 status=None
[2025-10-14T02:52:21.017174] https://www.uit.edu.vn/taxonomy/term/82#mm-3 status=None
[2025-10-14T02:52:21.808677] https://www.uit.edu.vn/taxonomy/term/82#mm-5 status=None
[2025-10-14T02:52:22.608931] https://www.uit.edu.vn/taxonomy/term/82#mm-6 status=None
[2025-10-14T02:52:23.391881] https://www.uit.edu.vn/taxonomy/term/82#mm-8 status=None
[2025-10-14T02:52:24.194295] https://www.uit.edu.vn/taxonomy/term/82#mm-9 status=None
[2025-10-14T02:52:24.993128] https://www.uit.edu.vn/taxonomy/term/82#mm-10 status=None
[2025-10-14T02:52:25.802118] https://www.uit.edu.vn/taxonomy/term/82#mm-12 status=None
[2025-10-14T02:52:26.578323] https://www.uit.edu.vn/taxonomy/term/82#mm-13 status=None
[2025-10-14T02:52:27.348926] https://www.uit.edu.vn/taxonomy/term/82#mm-14 status=None
[2025-10-14T02:52:28.200044] https://www.uit.edu.vn/taxonomy/term/82#mm-17 status=None
[2025-10-14T02:52:28.977074] https://www.uit.edu.vn/taxonomy/term/82#mm-18 status=None
[2025-10-14T02:52:29.759507] https://www.uit.edu.vn/taxonomy/term/82#mm-19 status=None
[2025-10-14T02:52:30.615342] https://www.uit.edu.vn/taxonomy/term/82#mm-20 status=None
[2025-10-14T02:52:31.441816] https://www.uit.edu.vn/taxonomy/term/82#mm-23 status=None
[2025-10-14T02:52:32.259479] https://www.uit.edu.vn/taxonomy/term/82#mm-24 status=None
[2025-10-14T02:52:33.034521] https://www.uit.edu.vn/taxonomy/term/82#mm-25 status=None
[2025-10-14T02:52:33.835123] https://www.uit.edu.vn/taxonomy/term/82#main status=None
[2025-10-14T02:52:34.656141] https://www.uit.edu.vn/sites/vi/files/css/internal status=None
[2025-10-14T02:52:35.567444] https://www.uit.edu.vn/sites/vi/files/css/external status=None
[2025-10-14T02:52:36.406289] https://www.uit.edu.vn/sites/vi/files/js/internal status=None
[2025-10-14T02:52:37.252889] https://www.uit.edu.vn/sites/vi/files/js/external status=None
[2025-10-14T02:52:38.103362] https://www.uit.edu.vn/a status=None
[2025-10-14T02:52:38.982362] https://www.uit.edu.vn/sites/all/themes/open_framework/js/internal status=None
[2025-10-14T02:52:39.877450] https://www.uit.edu.vn/sites/all/themes/open_framework/js/external status=None
[2025-10-14T02:52:41.488840] https://www.uit.edu.vn/#mm-1 status=None
[2025-10-14T02:52:43.141568] https://www.uit.edu.vn/#mm-4 status=None
[2025-10-14T02:52:44.832546] https://www.uit.edu.vn/#mm-7 status=None
[2025-10-14T02:52:46.587351] https://www.uit.edu.vn/#mm-11 status=None
[2025-10-14T02:52:48.116647] https://www.uit.edu.vn/#mm-15 status=None
[2025-10-14T02:52:49.707395] https://www.uit.edu.vn/#mm-16 status=None
[2025-10-14T02:52:51.243558] https://www.uit.edu.vn/#mm-21 status=None
[2025-10-14T02:52:52.985523] https://www.uit.edu.vn/#mm-22 status=None
[2025-10-14T02:52:54.734891] https://www.uit.edu.vn/#mm-0 status=None
[2025-10-14T02:52:56.317518] https://www.uit.edu.vn/#mm-2 status=None
[2025-10-14T02:52:58.101232] https://www.uit.edu.vn/#mm-3 status=None
[2025-10-14T02:52:59.657456] https://www.uit.edu.vn/#mm-5 status=None
[2025-10-14T02:53:01.448630] https://www.uit.edu.vn/#mm-6 status=None
[2025-10-14T02:53:03.055178] https://www.uit.edu.vn/#mm-8 status=None
[2025-10-14T02:53:04.601732] https://www.uit.edu.vn/#mm-9 status=None
[2025-10-14T02:53:06.342812] https://www.uit.edu.vn/#mm-10 status=None
[2025-10-14T02:53:07.971022] https://www.uit.edu.vn/#mm-12 status=None
[2025-10-14T02:53:09.592348] https://www.uit.edu.vn/#mm-13 status=None
[2025-10-14T02:53:11.173230] https://www.uit.edu.vn/#mm-14 status=None
[2025-10-14T02:53:12.990503] https://www.uit.edu.vn/#mm-17 status=None
[2025-10-14T02:53:14.640539] https://www.uit.edu.vn/#mm-18 status=None
[2025-10-14T02:53:16.358144] https://www.uit.edu.vn/#mm-19 status=None
[2025-10-14T02:53:18.171396] https://www.uit.edu.vn/#mm-20 status=None
[2025-10-14T02:53:19.704019] https://www.uit.edu.vn/#mm-23 status=None
[2025-10-14T02:53:21.343997] https://www.uit.edu.vn/#mm-24 status=None
[2025-10-14T02:53:22.873723] https://www.uit.edu.vn/#mm-25 status=None
[2025-10-14T02:53:24.526856] https://www.uit.edu.vn/#main status=None
[2025-10-14T02:53:25.351691] https://www.uit.edu.vn/user#mm-1 status=None
[2025-10-14T02:53:26.208375] https://www.uit.edu.vn/user#mm-4 status=None
[2025-10-14T02:53:26.983029] https://www.uit.edu.vn/user#mm-7 status=None
[2025-10-14T02:53:27.767931] https://www.uit.edu.vn/user#mm-11 status=None
[2025-10-14T02:53:28.625501] https://www.uit.edu.vn/user#mm-15 status=None
[2025-10-14T02:53:29.459820] https://www.uit.edu.vn/user#mm-16 status=None
[2025-10-14T02:53:30.223267] https://www.uit.edu.vn/user#mm-21 status=None
[2025-10-14T02:53:31.007517] https://www.uit.edu.vn/user#mm-22 status=None
[2025-10-14T02:53:31.828915] https://www.uit.edu.vn/user#mm-0 status=None
[2025-10-14T02:53:32.639523] https://www.uit.edu.vn/user#mm-2 status=None
[2025-10-14T02:53:33.413559] https://www.uit.edu.vn/user#mm-3 status=None
[2025-10-14T02:53:34.205790] https://www.uit.edu.vn/user#mm-5 status=None
[2025-10-14T02:53:35.059373] https://www.uit.edu.vn/user#mm-6 status=None
[2025-10-14T02:53:35.838591] https://www.uit.edu.vn/user#mm-8 status=None
[2025-10-14T02:53:36.656388] https://www.uit.edu.vn/user#mm-9 status=None
[2025-10-14T02:53:37.494127] https://www.uit.edu.vn/user#mm-10 status=None
[2025-10-14T02:53:38.278857] https://www.uit.edu.vn/user#mm-12 status=None
[2025-10-14T02:53:39.067386] https://www.uit.edu.vn/user#mm-13 status=None
[2025-10-14T02:53:39.849091] https://www.uit.edu.vn/user#mm-14 status=None
[2025-10-14T02:53:40.630716] https://www.uit.edu.vn/user#mm-17 status=None
[2025-10-14T02:53:41.441024] https://www.uit.edu.vn/user#mm-18 status=None
[2025-10-14T02:53:42.229225] https://www.uit.edu.vn/user#mm-19 status=None
[2025-10-14T02:53:43.072636] https://www.uit.edu.vn/user#mm-20 status=None
[2025-10-14T02:53:43.863405] https://www.uit.edu.vn/user#mm-23 status=None
[2025-10-14T02:53:44.730520] https://www.uit.edu.vn/user#mm-24 status=None
[2025-10-14T02:53:45.534031] https://www.uit.edu.vn/user#mm-25 status=None
[2025-10-14T02:53:46.396560] https://www.uit.edu.vn/user#main status=None
[2025-10-14T02:53:47.261468] https://en.uit.edu.vn/user status=None
[2025-10-14T02:53:48.390945] https://tuyensinh.uit.edu.vn#main status=None
[2025-10-14T02:53:49.472506] https://tuyensinh.uit.edu.vn#main-nav status=None
[2025-10-14T02:53:50.298830] https://www.uit.edu.vn/tuyen-dung#mm-1 status=None
[2025-10-14T02:53:51.104437] https://www.uit.edu.vn/tuyen-dung#mm-4 status=None
[2025-10-14T02:53:51.899597] https://www.uit.edu.vn/tuyen-dung#mm-7 status=None
[2025-10-14T02:53:52.738309] https://www.uit.edu.vn/tuyen-dung#mm-11 status=None
[2025-10-14T02:53:53.571313] https://www.uit.edu.vn/tuyen-dung#mm-15 status=None
[2025-10-14T02:53:54.398257] https://www.uit.edu.vn/tuyen-dung#mm-16 status=None
[2025-10-14T02:53:55.219553] https://www.uit.edu.vn/tuyen-dung#mm-21 status=None
[2025-10-14T02:53:56.043871] https://www.uit.edu.vn/tuyen-dung#mm-22 status=None
[2025-10-14T02:53:56.874779] https://www.uit.edu.vn/tuyen-dung#mm-0 status=None
[2025-10-14T02:53:57.686954] https://www.uit.edu.vn/tuyen-dung#mm-2 status=None
[2025-10-14T02:53:58.512555] https://www.uit.edu.vn/tuyen-dung#mm-3 status=None
[2025-10-14T02:53:59.317457] https://www.uit.edu.vn/tuyen-dung#mm-5 status=None
[2025-10-14T02:54:00.192228] https://www.uit.edu.vn/tuyen-dung#mm-6 status=None
[2025-10-14T02:54:01.138832] https://www.uit.edu.vn/tuyen-dung#mm-8 status=None
[2025-10-14T02:54:01.953154] https://www.uit.edu.vn/tuyen-dung#mm-9 status=None
[2025-10-14T02:54:02.783702] https://www.uit.edu.vn/tuyen-dung#mm-10 status=None
[2025-10-14T02:54:03.610939] https://www.uit.edu.vn/tuyen-dung#mm-12 status=None
[2025-10-14T02:54:04.463358] https://www.uit.edu.vn/tuyen-dung#mm-13 status=None
[2025-10-14T02:54:05.298919] https://www.uit.edu.vn/tuyen-dung#mm-14 status=None
[2025-10-14T02:54:06.126317] https://www.uit.edu.vn/tuyen-dung#mm-17 status=None
[2025-10-14T02:54:06.968542] https://www.uit.edu.vn/tuyen-dung#mm-18 status=None
[2025-10-14T02:54:07.791322] https://www.uit.edu.vn/tuyen-dung#mm-19 status=None
[2025-10-14T02:54:08.654689] https://www.uit.edu.vn/tuyen-dung#mm-20 status=None
[2025-10-14T02:54:09.475323] https://www.uit.edu.vn/tuyen-dung#mm-23 status=None
[2025-10-14T02:54:10.301943] https://www.uit.edu.vn/tuyen-dung#mm-24 status=None
[2025-10-14T02:54:11.174523] https://www.uit.edu.vn/tuyen-dung#mm-25 status=None
[2025-10-14T02:54:12.051955] https://www.uit.edu.vn/tuyen-dung#main status=None
[2025-10-14T02:54:12.970991] https://en.uit.edu.vn/tuyen-dung status=None
[2025-10-14T02:54:14.645713] https://www.uit.edu.vn/tuyen-dung/bm-toan-ly status=None
[2025-10-14T02:54:15.513946] https://www.uit.edu.vn/tuyen-dung/khoa-khoa-hoc-va-ky-thuat-thong-tin status=None
[2025-10-14T02:54:16.421111] https://www.uit.edu.vn/tuyen-dung/khoa-cong-nghe-phan-mem status=None
[2025-10-14T02:54:17.417126] https://www.uit.edu.vn/tuyen-dung/khoa-he-thong-thong-tin status=None
[2025-10-14T02:54:18.282437] https://www.uit.edu.vn/tuyen-dung/khoa-khoa-hoc-may-tinh status=None
[2025-10-14T02:54:19.126320] https://www.uit.edu.vn/tuyen-dung/khoa-ky-thuat-may-tinh status=None
[2025-10-14T02:54:20.109040] https://www.uit.edu.vn/tuyen-dung/khoa-mang-may-tinh-truyen-thong status=None
[2025-10-14T02:54:20.985818] https://www.uit.edu.vn/tuyen-dung/ptn-toan-thong-tin status=None
[2025-10-14T02:54:21.869497] https://www.uit.edu.vn/tuyen-dung/ptn-he-thong-thong-tin status=None
[2025-10-14T02:54:22.766068] https://www.uit.edu.vn/tuyen-dung/ptn-truyen-thong-da-phuong-tien status=None
[2025-10-14T02:54:23.671258] https://www.uit.edu.vn/taxonomy/term/83 status=None
[2025-10-14T02:54:24.495684] https://www.uit.edu.vn/thong-tin-thong-bao#mm-1 status=None
[2025-10-14T02:54:25.358758] https://www.uit.edu.vn/thong-tin-thong-bao#mm-4 status=None
[2025-10-14T02:54:26.218394] https://www.uit.edu.vn/thong-tin-thong-bao#mm-7 status=None
[2025-10-14T02:54:27.065632] https://www.uit.edu.vn/thong-tin-thong-bao#mm-11 status=None
[2025-10-14T02:54:27.975061] https://www.uit.edu.vn/thong-tin-thong-bao#mm-15 status=None
[2025-10-14T02:54:28.809913] https://www.uit.edu.vn/thong-tin-thong-bao#mm-16 status=None
[2025-10-14T02:54:29.650387] https://www.uit.edu.vn/thong-tin-thong-bao#mm-21 status=None
[2025-10-14T02:54:30.528720] https://www.uit.edu.vn/thong-tin-thong-bao#mm-22 status=None
[2025-10-14T02:54:31.400701] https://www.uit.edu.vn/thong-tin-thong-bao#mm-0 status=None
[2025-10-14T02:54:32.245085] https://www.uit.edu.vn/thong-tin-thong-bao#mm-2 status=None
[2025-10-14T02:54:33.080904] https://www.uit.edu.vn/thong-tin-thong-bao#mm-3 status=None
[2025-10-14T02:54:33.962100] https://www.uit.edu.vn/thong-tin-thong-bao#mm-5 status=None
[2025-10-14T02:54:34.830045] https://www.uit.edu.vn/thong-tin-thong-bao#mm-6 status=None
[2025-10-14T02:54:35.745673] https://www.uit.edu.vn/thong-tin-thong-bao#mm-8 status=None
[2025-10-14T02:54:36.599566] https://www.uit.edu.vn/thong-tin-thong-bao#mm-9 status=None
[2025-10-14T02:54:37.449041] https://www.uit.edu.vn/thong-tin-thong-bao#mm-10 status=None
[2025-10-14T02:54:38.416195] https://www.uit.edu.vn/thong-tin-thong-bao#mm-12 status=None
[2025-10-14T02:54:39.321582] https://www.uit.edu.vn/thong-tin-thong-bao#mm-13 status=None
[2025-10-14T02:54:40.218620] https://www.uit.edu.vn/thong-tin-thong-bao#mm-14 status=None
[2025-10-14T02:54:41.065310] https://www.uit.edu.vn/thong-tin-thong-bao#mm-17 status=None
[2025-10-14T02:54:41.933854] https://www.uit.edu.vn/thong-tin-thong-bao#mm-18 status=None
[2025-10-14T02:54:42.801370] https://www.uit.edu.vn/thong-tin-thong-bao#mm-19 status=None
[2025-10-14T02:54:43.661042] https://www.uit.edu.vn/thong-tin-thong-bao#mm-20 status=None
[2025-10-14T02:54:44.591407] https://www.uit.edu.vn/thong-tin-thong-bao#mm-23 status=None
[2025-10-14T02:54:45.460019] https://www.uit.edu.vn/thong-tin-thong-bao#mm-24 status=None
[2025-10-14T02:54:46.342948] https://www.uit.edu.vn/thong-tin-thong-bao#mm-25 status=None
[2025-10-14T02:54:47.234977] https://www.uit.edu.vn/thong-tin-thong-bao#main status=None
[2025-10-14T02:54:48.195858] https://en.uit.edu.vn/general-announcement status=None
[2025-10-14T02:54:48.389916] https://www.uit.edu.vn/sites/vi/files/styles/uit_thumb/public/uploads/images/tb.png?itok=PsS9hEaR status=None
[2025-10-14T02:54:48.592699] https://www.uit.edu.vn/sites/vi/files/styles/uit_thumb/public/uploads/images/thumbs/202510/475924771_1072399181592752_6241241311517238465_n_1_1.jpg?itok=TB2Dy7Ry status=None
[2025-10-14T02:54:48.780499] https://www.uit.edu.vn/sites/vi/files/styles/uit_thumb/public/uploads/images/thumbs/202510/475924771_1072399181592752_6241241311517238465_n_1_0.jpg?itok=kBK5fj2m status=None
[2025-10-14T02:54:48.967112] https://www.uit.edu.vn/sites/vi/files/styles/uit_thumb/public/uploads/images/thumbs/202509/uit_1_0.jpg?itok=ixuEGy2z status=None
[2025-10-14T02:54:49.917785] https://www.uit.edu.vn/khoa-mang-may-tinh-va-truyen-thong-thong-bao-vv-dang-ky-thuc-tap-doanh-nghiep-hk-1-nh-2025-2026 status=None
[2025-10-14T02:54:50.109017] https://www.uit.edu.vn/sites/vi/files/styles/uit_thumb/public/uploads/images/thumbs/202509/cropped-logo_mmt-nth-218x150_1_0.png?itok=bPwTqqZC status=None
[2025-10-14T02:54:51.230865] https://www.uit.edu.vn/khoa-mang-may-tinh-va-truyen-thong-thong-bao-vv-dang-ky-kltn-hk1-nam-hoc-2025-2026 status=None
[2025-10-14T02:54:51.441329] https://www.uit.edu.vn/sites/vi/files/styles/uit_thumb/public/uploads/images/thumbs/202509/cropped-logo_mmt-nth-218x150_1.png?itok=oIFPobbo status=None
[2025-10-14T02:54:52.436661] https://www.uit.edu.vn/khoa-khoa-hoc-may-tinh-thong-bao-nop-de-cuong-khoa-luan-tot-nghiep-hk1-2025-2026 status=None
[2025-10-14T02:54:52.640425] https://www.uit.edu.vn/sites/vi/files/styles/uit_thumb/public/uploads/images/thumbs/202509/default-image.jpg?itok=kdkkdsIi status=None
[2025-10-14T02:54:53.631893] https://www.uit.edu.vn/tchc-939tb-dhcntt-thong-bao-tuyen-dung-nhan-su-dot-3-nam-2025 status=None
[2025-10-14T02:54:54.642543] https://www.uit.edu.vn/khkttt-ve-viec-lay-y-kien-sinh-vien-tot-nghiep-nam-2025 status=None
[2025-10-14T02:54:55.612070] https://www.uit.edu.vn/thong-tin-thong-bao?page=1 status=None
[2025-10-14T02:54:56.514924] https://www.uit.edu.vn/thong-tin-thong-bao?page=2 status=None
[2025-10-14T02:54:57.355928] https://www.uit.edu.vn/thong-tin-thong-bao?page=3 status=None
[2025-10-14T02:54:58.258345] https://www.uit.edu.vn/thong-tin-thong-bao?page=4 status=None
[2025-10-14T02:54:59.141133] https://www.uit.edu.vn/thong-tin-thong-bao?page=5 status=None
[2025-10-14T02:54:59.989810] https://www.uit.edu.vn/thong-tin-thong-bao?page=6 status=None
[2025-10-14T02:55:00.850304] https://www.uit.edu.vn/thong-tin-thong-bao?page=7 status=None
[2025-10-14T02:55:01.771281] https://www.uit.edu.vn/thong-tin-thong-bao?page=8 status=None
[2025-10-14T02:55:02.611154] https://www.uit.edu.vn/thong-tin-thong-bao?page=193 status=None
[2025-10-14T02:55:03.410232] https://www.uit.edu.vn/thong-tin-tuyen-sinh-dh-sdh#mm-1 status=None
[2025-10-14T02:55:04.256906] https://www.uit.edu.vn/thong-tin-tuyen-sinh-dh-sdh#mm-4 status=None
[2025-10-14T02:55:05.072318] https://www.uit.edu.vn/thong-tin-tuyen-sinh-dh-sdh#mm-7 status=None
[2025-10-14T02:55:05.891468] https://www.uit.edu.vn/thong-tin-tuyen-sinh-dh-sdh#mm-11 status=None
[2025-10-14T02:55:06.704732] https://www.uit.edu.vn/thong-tin-tuyen-sinh-dh-sdh#mm-15 status=None
[2025-10-14T02:55:07.550927] https://www.uit.edu.vn/thong-tin-tuyen-sinh-dh-sdh#mm-16 status=None
[2025-10-14T02:55:08.370695] https://www.uit.edu.vn/thong-tin-tuyen-sinh-dh-sdh#mm-21 status=None
[2025-10-14T02:55:09.167625] https://www.uit.edu.vn/thong-tin-tuyen-sinh-dh-sdh#mm-22 status=None
[2025-10-14T02:55:09.979667] https://www.uit.edu.vn/thong-tin-tuyen-sinh-dh-sdh#mm-0 status=None
[2025-10-14T02:55:10.823601] https://www.uit.edu.vn/thong-tin-tuyen-sinh-dh-sdh#mm-2 status=None
[2025-10-14T02:55:11.656632] https://www.uit.edu.vn/thong-tin-tuyen-sinh-dh-sdh#mm-3 status=None
[2025-10-14T02:55:12.547544] https://www.uit.edu.vn/thong-tin-tuyen-sinh-dh-sdh#mm-5 status=None
[2025-10-14T02:55:13.438920] https://www.uit.edu.vn/thong-tin-tuyen-sinh-dh-sdh#mm-6 status=None
[2025-10-14T02:55:14.255600] https://www.uit.edu.vn/thong-tin-tuyen-sinh-dh-sdh#mm-8 status=None
[2025-10-14T02:55:15.074326] https://www.uit.edu.vn/thong-tin-tuyen-sinh-dh-sdh#mm-9 status=None
[2025-10-14T02:55:15.920643] https://www.uit.edu.vn/thong-tin-tuyen-sinh-dh-sdh#mm-10 status=None
[2025-10-14T02:55:16.783474] https://www.uit.edu.vn/thong-tin-tuyen-sinh-dh-sdh#mm-12 status=None
[2025-10-14T02:55:17.637687] https://www.uit.edu.vn/thong-tin-tuyen-sinh-dh-sdh#mm-13 status=None
[2025-10-14T02:55:18.436549] https://www.uit.edu.vn/thong-tin-tuyen-sinh-dh-sdh#mm-14 status=None
[2025-10-14T02:55:19.279165] https://www.uit.edu.vn/thong-tin-tuyen-sinh-dh-sdh#mm-17 status=None
[2025-10-14T02:55:20.074464] https://www.uit.edu.vn/thong-tin-tuyen-sinh-dh-sdh#mm-18 status=None
[2025-10-14T02:55:20.880652] https://www.uit.edu.vn/thong-tin-tuyen-sinh-dh-sdh#mm-19 status=None
[2025-10-14T02:55:21.713606] https://www.uit.edu.vn/thong-tin-tuyen-sinh-dh-sdh#mm-20 status=None
[2025-10-14T02:55:22.513307] https://www.uit.edu.vn/thong-tin-tuyen-sinh-dh-sdh#mm-23 status=None
[2025-10-14T02:55:23.335657] https://www.uit.edu.vn/thong-tin-tuyen-sinh-dh-sdh#mm-24 status=None
[2025-10-14T02:55:24.176458] https://www.uit.edu.vn/thong-tin-tuyen-sinh-dh-sdh#mm-25 status=None
[2025-10-14T02:55:24.987088] https://www.uit.edu.vn/thong-tin-tuyen-sinh-dh-sdh#main status=None
[2025-10-14T02:55:25.990331] https://en.uit.edu.vn/thong-tin-tuyen-sinh-dh-sdh status=None
[2025-10-14T02:55:26.866421] https://tuyensinh.uit.edu.vn/2025-thong-bao-ve-viec-tuyen-thang-theo-quy-dinh-tai-dieu-8-quy-che-tuyen-sinh-dai-hoc-cua-bo-gddt-nam-2025 status=None
[2025-10-14T02:55:27.684934] https://sdh.uit.edu.vn/bai-viet/thong-bao-danh-sach-thi-sinh-dang-ky-du-tuyen-ctdt-trinh-do-thac-si-dot-1-nam-2025 status=None
[2025-10-14T02:55:28.320581] https://sdh.uit.edu.vn/bai-viet/nhac-thoi-gian-nop-ho-so-du-tuyen-trinh-do-thac-si-dot-1-nam-2025 status=None
[2025-10-14T02:55:28.750336] https://sdh.uit.edu.vn/bai-viet/thong-bao-nhan-giay-bao-thi-tieng-anh-ky-thi-tuyen-sinh-trinh-do-thac-si-dot-1-nam-2025 status=None
[2025-10-14T02:55:29.337812] https://sdh.uit.edu.vn/bai-viet/thong-bao-lich-thi-tieng-anh-ky-thi-tuyen-sinh-trinh-do-thac-si-dot-1-nam-2025 status=None
[2025-10-14T02:55:30.461644] https://sdh.uit.edu.vn/bai-viet/ve-viec-chuc-phien-hop-hoi-dong-danh-gia-luan-tien-si-cap-truong-cua-ncs-tran-minh-tung status=None
[2025-10-14T02:55:30.883773] https://sdh.uit.edu.vn/bai-viet/thong-bao-vv-gia-han-thoi-gian-nop-ho-so-du-tuyen-trinh-do-thac-si-dot-1-nam-2025 status=None
[2025-10-14T02:55:31.278628] https://sdh.uit.edu.vn/bai-viet/thong-bao-buoi-tu-van-tuyen-sinh-ctdt-trinh-do-thac-si-dot-12025 status=None
[2025-10-14T02:55:32.152401] https://sdh.uit.edu.vn/bai-viet/thong-bao-xet-tuyen-chuong-trinh-dao-tao-trinh-do-thac-si-dot-1-nam-2025 status=None
[2025-10-14T02:55:32.557920] https://sdh.uit.edu.vn/bai-viet/thong-bao-tuyen-sinh-chuong-trinh-dao-tao-lien-thong-tu-trinh-do-dai-hoc-len-trinh-do-5 status=None
[2025-10-14T02:55:32.963248] https://sdh.uit.edu.vn/bai-viet/thong-bao-chieu-sinh-lop-tap-danh-gia-nang-luc-tieng-anh-dau-vao-tuyen-sinh-chuong-trinh status=None
[2025-10-14T02:55:33.580576] https://sdh.uit.edu.vn/bai-viet/thong-bao-xet-tuyen-thang-chuong-trinh-dao-tao-trinh-do-thac-si-dot-1-nam-2025 status=None
[2025-10-14T02:55:34.378958] https://www.uit.edu.vn/thong-tin-tuyen-sinh-dh-sdh?page=1 status=None
[2025-10-14T02:55:35.228596] https://www.uit.edu.vn/thong-tin-tuyen-sinh-dh-sdh?page=2 status=None
[2025-10-14T02:55:36.039560] https://www.uit.edu.vn/thong-tin-tuyen-sinh-dh-sdh?page=3 status=None
[2025-10-14T02:55:36.862820] https://www.uit.edu.vn/thong-tin-tuyen-sinh-dh-sdh?page=4 status=None
[2025-10-14T02:55:37.666761] https://www.uit.edu.vn/thong-tin-tuyen-sinh-dh-sdh?page=5 status=None
[2025-10-14T02:55:38.482918] https://www.uit.edu.vn/thong-tin-tuyen-sinh-dh-sdh?page=6 status=None
[2025-10-14T02:55:39.291430] https://www.uit.edu.vn/thong-tin-tuyen-sinh-dh-sdh?page=7 status=None
[2025-10-14T02:55:40.126167] https://www.uit.edu.vn/thong-tin-tuyen-sinh-dh-sdh?page=8 status=None
[2025-10-14T02:55:40.973469] https://www.uit.edu.vn/thong-tin-tuyen-sinh-dh-sdh?page=14 status=None
[2025-10-14T02:55:41.820085] https://www.uit.edu.vn/taxonomy/term/87 status=None
[2025-10-14T02:55:42.755343] https://www.uit.edu.vn/tin-uit#mm-1 status=None
[2025-10-14T02:55:43.603322] https://www.uit.edu.vn/tin-uit#mm-4 status=None
[2025-10-14T02:55:44.504243] https://www.uit.edu.vn/tin-uit#mm-7 status=None
[2025-10-14T02:55:45.426404] https://www.uit.edu.vn/tin-uit#mm-11 status=None
[2025-10-14T02:55:46.334082] https://www.uit.edu.vn/tin-uit#mm-15 status=None
[2025-10-14T02:55:47.181096] https://www.uit.edu.vn/tin-uit#mm-16 status=None
[2025-10-14T02:55:48.063201] https://www.uit.edu.vn/tin-uit#mm-21 status=None
[2025-10-14T02:55:49.023893] https://www.uit.edu.vn/tin-uit#mm-22 status=None
[2025-10-14T02:55:49.921112] https://www.uit.edu.vn/tin-uit#mm-0 status=None
[2025-10-14T02:55:50.837622] https://www.uit.edu.vn/tin-uit#mm-2 status=None
[2025-10-14T02:55:51.697595] https://www.uit.edu.vn/tin-uit#mm-3 status=None
[2025-10-14T02:55:52.619593] https://www.uit.edu.vn/tin-uit#mm-5 status=None
[2025-10-14T02:55:53.539740] https://www.uit.edu.vn/tin-uit#mm-6 status=None
[2025-10-14T02:55:54.474233] https://www.uit.edu.vn/tin-uit#mm-8 status=None
[2025-10-14T02:55:55.375774] https://www.uit.edu.vn/tin-uit#mm-9 status=None
[2025-10-14T02:55:56.346102] https://www.uit.edu.vn/tin-uit#mm-10 status=None
[2025-10-14T02:55:57.263954] https://www.uit.edu.vn/tin-uit#mm-12 status=None
[2025-10-14T02:55:58.160172] https://www.uit.edu.vn/tin-uit#mm-13 status=None
[2025-10-14T02:55:59.026354] https://www.uit.edu.vn/tin-uit#mm-14 status=None
[2025-10-14T02:55:59.906676] https://www.uit.edu.vn/tin-uit#mm-17 status=None
[2025-10-14T02:56:00.824038] https://www.uit.edu.vn/tin-uit#mm-18 status=None
[2025-10-14T02:56:01.729796] https://www.uit.edu.vn/tin-uit#mm-19 status=None
[2025-10-14T02:56:02.555455] https://www.uit.edu.vn/tin-uit#mm-20 status=None
[2025-10-14T02:56:03.409737] https://www.uit.edu.vn/tin-uit#mm-23 status=None
[2025-10-14T02:56:04.287323] https://www.uit.edu.vn/tin-uit#mm-24 status=None
[2025-10-14T02:56:05.159735] https://www.uit.edu.vn/tin-uit#mm-25 status=None
[2025-10-14T02:56:06.015673] https://www.uit.edu.vn/tin-uit#main status=None
[2025-10-14T02:56:06.903075] https://en.uit.edu.vn/uit-news status=None
[2025-10-14T02:56:07.082645] https://www.uit.edu.vn/sites/vi/files/styles/uit_thumb/public/uploads/images/thumbs/202510/khaigiangloptienganh27.jpg?itok=DmDRst_0 status=None
[2025-10-14T02:56:07.270039] https://www.uit.edu.vn/sites/vi/files/styles/uit_thumb/public/uploads/images/thumbs/202510/giabao03.jpg?itok=nhjDXdLx status=None
[2025-10-14T02:56:07.455797] https://www.uit.edu.vn/sites/vi/files/styles/uit_thumb/public/uploads/images/thumbs/202510/kms_b2s_2025_0.png?itok=yZwZbNNF status=None
[2025-10-14T02:56:09.060876] https://www.uit.edu.vn/thong-bao-nop-ho-so-che-do-chinh-sach-hk1-nam-hoc-2025-2026-0 status=None
[2025-10-14T02:56:09.247710] https://www.uit.edu.vn/sites/vi/files/styles/uit_thumb/public/uploads/images/thumbs/202510/qr-code_22.png?itok=AZiE0wxf status=None
[2025-10-14T02:56:10.239529] https://www.uit.edu.vn/moi-sinh-vien-tham-gia-buoi-noi-chuyen-ai-co-trach-nhiem-trong-linh-vuc-kinh-te status=None
[2025-10-14T02:56:10.437495] https://www.uit.edu.vn/sites/vi/files/styles/uit_thumb/public/uploads/images/thumbs/202510/bb827bdc6252e80cb143.jpg?itok=YahFZnCp status=None
[2025-10-14T02:56:11.435414] https://www.uit.edu.vn/phan-cong-duy-khiem-hanh-trinh-nghien-cuu-sinh-bat-dau-tu-taiwan-study-fair-2025 status=None
[2025-10-14T02:56:11.632200] https://www.uit.edu.vn/sites/vi/files/styles/uit_thumb/public/uploads/images/thumbs/202510/dsc00118.jpg?itok=jqHg176m status=None
[2025-10-14T02:56:11.822468] https://www.uit.edu.vn/sites/vi/files/styles/uit_thumb/public/uploads/images/thumbs/202510/uit-lkqt-top200.jpg?itok=5ic2QkCo status=None
[2025-10-14T02:56:12.688988] https://www.uit.edu.vn/tin-uit?page=1 status=None
[2025-10-14T02:56:13.602342] https://www.uit.edu.vn/tin-uit?page=2 status=None
[2025-10-14T02:56:14.423328] https://www.uit.edu.vn/tin-uit?page=3 status=None
[2025-10-14T02:56:15.282458] https://www.uit.edu.vn/tin-uit?page=4 status=None
[2025-10-14T02:56:16.231176] https://www.uit.edu.vn/tin-uit?page=5 status=None
[2025-10-14T02:56:17.119752] https://www.uit.edu.vn/tin-uit?page=6 status=None
[2025-10-14T02:56:18.038087] https://www.uit.edu.vn/tin-uit?page=7 status=None
[2025-10-14T02:56:18.909687] https://www.uit.edu.vn/tin-uit?page=8 status=None
[2025-10-14T02:56:19.767716] https://www.uit.edu.vn/tin-uit?page=284 status=None
[2025-10-14T02:56:20.621559] https://www.uit.edu.vn/hoc-tap-nghien-cuu#mm-1 status=None
[2025-10-14T02:56:21.492689] https://www.uit.edu.vn/hoc-tap-nghien-cuu#mm-4 status=None
[2025-10-14T02:56:22.388352] https://www.uit.edu.vn/hoc-tap-nghien-cuu#mm-7 status=None
[2025-10-14T02:56:23.313172] https://www.uit.edu.vn/hoc-tap-nghien-cuu#mm-11 status=None
[2025-10-14T02:56:24.285272] https://www.uit.edu.vn/hoc-tap-nghien-cuu#mm-15 status=None
[2025-10-14T02:56:25.355649] https://www.uit.edu.vn/hoc-tap-nghien-cuu#mm-16 status=None
[2025-10-14T02:56:26.447716] https://www.uit.edu.vn/hoc-tap-nghien-cuu#mm-21 status=None
[2025-10-14T02:56:27.552162] https://www.uit.edu.vn/hoc-tap-nghien-cuu#mm-22 status=None
[2025-10-14T02:56:28.592545] https://www.uit.edu.vn/hoc-tap-nghien-cuu#mm-0 status=None
[2025-10-14T02:56:29.626503] https://www.uit.edu.vn/hoc-tap-nghien-cuu#mm-2 status=None
[2025-10-14T02:56:30.663111] https://www.uit.edu.vn/hoc-tap-nghien-cuu#mm-3 status=None
[2025-10-14T02:56:31.721342] https://www.uit.edu.vn/hoc-tap-nghien-cuu#mm-5 status=None
[2025-10-14T02:56:32.732907] https://www.uit.edu.vn/hoc-tap-nghien-cuu#mm-6 status=None
[2025-10-14T02:56:33.914238] https://www.uit.edu.vn/hoc-tap-nghien-cuu#mm-8 status=None
[2025-10-14T02:56:34.910339] https://www.uit.edu.vn/hoc-tap-nghien-cuu#mm-9 status=None
[2025-10-14T02:56:35.890523] https://www.uit.edu.vn/hoc-tap-nghien-cuu#mm-10 status=None
[2025-10-14T02:56:36.904996] https://www.uit.edu.vn/hoc-tap-nghien-cuu#mm-12 status=None
[2025-10-14T02:56:37.881194] https://www.uit.edu.vn/hoc-tap-nghien-cuu#mm-13 status=None
[2025-10-14T02:56:38.870229] https://www.uit.edu.vn/hoc-tap-nghien-cuu#mm-14 status=None
[2025-10-14T02:56:39.789536] https://www.uit.edu.vn/hoc-tap-nghien-cuu#mm-17 status=None
[2025-10-14T02:56:40.646702] https://www.uit.edu.vn/hoc-tap-nghien-cuu#mm-18 status=None
[2025-10-14T02:56:41.490142] https://www.uit.edu.vn/hoc-tap-nghien-cuu#mm-19 status=None
[2025-10-14T02:56:42.318088] https://www.uit.edu.vn/hoc-tap-nghien-cuu#mm-20 status=None
[2025-10-14T02:56:43.193262] https://www.uit.edu.vn/hoc-tap-nghien-cuu#mm-23 status=None
[2025-10-14T02:56:44.171658] https://www.uit.edu.vn/hoc-tap-nghien-cuu#mm-24 status=None
[2025-10-14T02:56:45.053376] https://www.uit.edu.vn/hoc-tap-nghien-cuu#mm-25 status=None
[2025-10-14T02:56:45.909113] https://www.uit.edu.vn/hoc-tap-nghien-cuu#main status=None
[2025-10-14T02:56:46.916850] https://www.uit.edu.vn/taxonomy/term/201 status=None
[2025-10-14T02:56:47.951685] https://www.uit.edu.vn/hoat-dong-sinh-vien#mm-1 status=None
[2025-10-14T02:56:48.915878] https://www.uit.edu.vn/hoat-dong-sinh-vien#mm-4 status=None
[2025-10-14T02:56:49.880811] https://www.uit.edu.vn/hoat-dong-sinh-vien#mm-7 status=None
[2025-10-14T02:56:50.820268] https://www.uit.edu.vn/hoat-dong-sinh-vien#mm-11 status=None
[2025-10-14T02:56:51.826085] https://www.uit.edu.vn/hoat-dong-sinh-vien#mm-15 status=None
[2025-10-14T02:56:52.953936] https://www.uit.edu.vn/hoat-dong-sinh-vien#mm-16 status=None
[2025-10-14T02:56:54.031706] https://www.uit.edu.vn/hoat-dong-sinh-vien#mm-21 status=None
[2025-10-14T02:56:55.066416] https://www.uit.edu.vn/hoat-dong-sinh-vien#mm-22 status=None
[2025-10-14T02:56:56.118676] https://www.uit.edu.vn/hoat-dong-sinh-vien#mm-0 status=None
[2025-10-14T02:56:57.223539] https://www.uit.edu.vn/hoat-dong-sinh-vien#mm-2 status=None
[2025-10-14T02:56:58.388210] https://www.uit.edu.vn/hoat-dong-sinh-vien#mm-3 status=None
[2025-10-14T02:56:59.466765] https://www.uit.edu.vn/hoat-dong-sinh-vien#mm-5 status=None
[2025-10-14T02:57:00.597592] https://www.uit.edu.vn/hoat-dong-sinh-vien#mm-6 status=None
[2025-10-14T02:57:01.684604] https://www.uit.edu.vn/hoat-dong-sinh-vien#mm-8 status=None
[2025-10-14T02:57:02.723064] https://www.uit.edu.vn/hoat-dong-sinh-vien#mm-9 status=None
[2025-10-14T02:57:03.819431] https://www.uit.edu.vn/hoat-dong-sinh-vien#mm-10 status=None
[2025-10-14T02:57:04.952223] https://www.uit.edu.vn/hoat-dong-sinh-vien#mm-12 status=None
[2025-10-14T02:57:05.998852] https://www.uit.edu.vn/hoat-dong-sinh-vien#mm-13 status=None
[2025-10-14T02:57:07.097951] https://www.uit.edu.vn/hoat-dong-sinh-vien#mm-14 status=None
[2025-10-14T02:57:08.163397] https://www.uit.edu.vn/hoat-dong-sinh-vien#mm-17 status=None
[2025-10-14T02:57:09.270287] https://www.uit.edu.vn/hoat-dong-sinh-vien#mm-18 status=None
[2025-10-14T02:57:10.368413] https://www.uit.edu.vn/hoat-dong-sinh-vien#mm-19 status=None
[2025-10-14T02:57:11.434251] https://www.uit.edu.vn/hoat-dong-sinh-vien#mm-20 status=None
[2025-10-14T02:57:12.540046] https://www.uit.edu.vn/hoat-dong-sinh-vien#mm-23 status=None
[2025-10-14T02:57:13.616419] https://www.uit.edu.vn/hoat-dong-sinh-vien#mm-24 status=None
[2025-10-14T02:57:14.730519] https://www.uit.edu.vn/hoat-dong-sinh-vien#mm-25 status=None
[2025-10-14T02:57:15.800733] https://www.uit.edu.vn/hoat-dong-sinh-vien#main status=None
[2025-10-14T02:57:16.765672] https://en.uit.edu.vn/student-activities status=None
[2025-10-14T02:57:16.955904] https://www.uit.edu.vn/sites/vi/files/styles/uit_thumb/public/uploads/images/thumbs/202510/560579922_1326393272831387_371800426050866306_n.jpg?itok=y04_Z4M_ status=None
[2025-10-14T02:57:17.144608] https://www.uit.edu.vn/sites/vi/files/styles/uit_thumb/public/uploads/images/thumbs/202510/563440027_1228480092647454_4139558452713175216_n.jpg?itok=aV9PwvlD status=None
[2025-10-14T02:57:17.332000] https://www.uit.edu.vn/sites/vi/files/styles/uit_thumb/public/uploads/images/thumbs/202510/558959960_744160328668801_1585281047151652941_n.jpg?itok=-QuXGCTn status=None
[2025-10-14T02:57:17.521289] https://www.uit.edu.vn/sites/vi/files/styles/uit_thumb/public/uploads/images/thumbs/202510/562344333_1388489149949993_3211221842793496201_n.jpg?itok=JgCZlH7h status=None
[2025-10-14T02:57:18.807300] https://www.uit.edu.vn/thong-bao-seminar-hoc-thuat-asic-lab-lan-2-nam-2025 status=None
[2025-10-14T02:57:19.052095] https://www.uit.edu.vn/sites/vi/files/styles/uit_thumb/public/uploads/images/thumbs/202510/559998638_1388839319914976_7963076035956397448_n.jpg?itok=BHCHzbLc status=None
[2025-10-14T02:57:20.406313] https://www.uit.edu.vn/quan-quan-hoi-thi-can-bo-doan-gioi-uit-lan-i-nam-2025-goi-ten-do-thanh-tri-doan-khoa-khoa-hoc-va-ky-thuat-thong-tin status=None
[2025-10-14T02:57:20.605801] https://www.uit.edu.vn/sites/vi/files/styles/uit_thumb/public/uploads/images/thumbs/202510/560136137_1131850409102115_4774773496795559450_n.jpg?itok=NPu9BGtI status=None
[2025-10-14T02:57:21.789443] https://www.uit.edu.vn/gioi-thieu-lien-chi-hoi-khoa-khoa-hoc-va-ky-thuat-thong-tin status=None
[2025-10-14T02:57:21.999941] https://www.uit.edu.vn/sites/vi/files/styles/uit_thumb/public/uploads/images/thumbs/202510/558963047_1171238691773946_4732612554370169556_n.jpg?itok=fFXuRr0z status=None
[2025-10-14T02:57:23.268752] https://www.uit.edu.vn/gioi-thieu-ban-chap-hanh-doan-khoa-khoa-hoc-va-ky-thuat-thong-tin status=None
[2025-10-14T02:57:23.464463] https://www.uit.edu.vn/sites/vi/files/styles/uit_thumb/public/uploads/images/thumbs/202510/558366606_1170870875144061_3435876542543700429_n.jpg?itok=BTZwNQUV status=None
[2025-10-14T02:57:24.711920] https://www.uit.edu.vn/dang-ky-tham-gia-co-vu-hoi-thi-can-bo-doan-gioi-lan-1-nam-2025-0 status=None
[2025-10-14T02:57:24.912820] https://www.uit.edu.vn/sites/vi/files/styles/uit_thumb/public/uploads/images/thumbs/202510/559141891_1127866382833851_3762158220781784927_n_0.jpg?itok=G4gZsxvx status=None
[2025-10-14T02:57:25.841128] https://www.uit.edu.vn/hoat-dong-sinh-vien?page=1 status=None
[2025-10-14T02:57:26.785693] https://www.uit.edu.vn/hoat-dong-sinh-vien?page=2 status=None
[2025-10-14T02:57:27.834046] https://www.uit.edu.vn/hoat-dong-sinh-vien?page=3 status=None
[2025-10-14T02:57:28.782934] https://www.uit.edu.vn/hoat-dong-sinh-vien?page=4 status=None
[2025-10-14T02:57:29.787131] https://www.uit.edu.vn/hoat-dong-sinh-vien?page=5 status=None
[2025-10-14T02:57:30.778669] https://www.uit.edu.vn/hoat-dong-sinh-vien?page=6 status=None
[2025-10-14T02:57:31.734299] https://www.uit.edu.vn/hoat-dong-sinh-vien?page=7 status=None
[2025-10-14T02:57:32.708736] https://www.uit.edu.vn/hoat-dong-sinh-vien?page=8 status=None
[2025-10-14T02:57:33.694727] https://www.uit.edu.vn/hoat-dong-sinh-vien?page=627 status=None
[2025-10-14T02:57:34.486794] https://www.uit.edu.vn/taxonomy/term/205 status=None
[2025-10-14T02:57:35.292698] https://www.uit.edu.vn/tin-xet-duyet-chuc-danh-gs-pgs#mm-1 status=None
[2025-10-14T02:57:36.164590] https://www.uit.edu.vn/tin-xet-duyet-chuc-danh-gs-pgs#mm-4 status=None
[2025-10-14T02:57:36.967529] https://www.uit.edu.vn/tin-xet-duyet-chuc-danh-gs-pgs#mm-7 status=None
[2025-10-14T02:57:37.757731] https://www.uit.edu.vn/tin-xet-duyet-chuc-danh-gs-pgs#mm-11 status=None
[2025-10-14T02:57:38.535808] https://www.uit.edu.vn/tin-xet-duyet-chuc-danh-gs-pgs#mm-15 status=None
[2025-10-14T02:57:39.351796] https://www.uit.edu.vn/tin-xet-duyet-chuc-danh-gs-pgs#mm-16 status=None
[2025-10-14T02:57:40.241613] https://www.uit.edu.vn/tin-xet-duyet-chuc-danh-gs-pgs#mm-21 status=None
[2025-10-14T02:57:41.087240] https://www.uit.edu.vn/tin-xet-duyet-chuc-danh-gs-pgs#mm-22 status=None
[2025-10-14T02:57:41.909253] https://www.uit.edu.vn/tin-xet-duyet-chuc-danh-gs-pgs#mm-0 status=None
[2025-10-14T02:57:42.702981] https://www.uit.edu.vn/tin-xet-duyet-chuc-danh-gs-pgs#mm-2 status=None
[2025-10-14T02:57:43.532515] https://www.uit.edu.vn/tin-xet-duyet-chuc-danh-gs-pgs#mm-3 status=None
[2025-10-14T02:57:44.357417] https://www.uit.edu.vn/tin-xet-duyet-chuc-danh-gs-pgs#mm-5 status=None
[2025-10-14T02:57:45.166787] https://www.uit.edu.vn/tin-xet-duyet-chuc-danh-gs-pgs#mm-6 status=None
[2025-10-14T02:57:45.963389] https://www.uit.edu.vn/tin-xet-duyet-chuc-danh-gs-pgs#mm-8 status=None
[2025-10-14T02:57:46.806091] https://www.uit.edu.vn/tin-xet-duyet-chuc-danh-gs-pgs#mm-9 status=None
[2025-10-14T02:57:47.648246] https://www.uit.edu.vn/tin-xet-duyet-chuc-danh-gs-pgs#mm-10 status=None
[2025-10-14T02:57:48.506559] https://www.uit.edu.vn/tin-xet-duyet-chuc-danh-gs-pgs#mm-12 status=None
[2025-10-14T02:57:49.332306] https://www.uit.edu.vn/tin-xet-duyet-chuc-danh-gs-pgs#mm-13 status=None
[2025-10-14T02:57:50.174614] https://www.uit.edu.vn/tin-xet-duyet-chuc-danh-gs-pgs#mm-14 status=None
[2025-10-14T02:57:50.972900] https://www.uit.edu.vn/tin-xet-duyet-chuc-danh-gs-pgs#mm-17 status=None
[2025-10-14T02:57:51.822807] https://www.uit.edu.vn/tin-xet-duyet-chuc-danh-gs-pgs#mm-18 status=None
[2025-10-14T02:57:52.683474] https://www.uit.edu.vn/tin-xet-duyet-chuc-danh-gs-pgs#mm-19 status=None
[2025-10-14T02:57:53.567632] https://www.uit.edu.vn/tin-xet-duyet-chuc-danh-gs-pgs#mm-20 status=None
[2025-10-14T02:57:54.420083] https://www.uit.edu.vn/tin-xet-duyet-chuc-danh-gs-pgs#mm-23 status=None
[2025-10-14T02:57:55.328353] https://www.uit.edu.vn/tin-xet-duyet-chuc-danh-gs-pgs#mm-24 status=None
[2025-10-14T02:57:56.286456] https://www.uit.edu.vn/tin-xet-duyet-chuc-danh-gs-pgs#mm-25 status=None
[2025-10-14T02:57:57.214320] https://www.uit.edu.vn/tin-xet-duyet-chuc-danh-gs-pgs#main status=None
[2025-10-14T02:57:58.220557] https://en.uit.edu.vn/taxonomy/term/205 status=None
[2025-10-14T02:57:59.521923] https://www.uit.edu.vn/thong-bao-cong-khai-ket-qua-xet-cong-nhan-dat-tieu-chuan-chuc-danh-giao-su-pho-giao-su-nam-2025 status=None
[2025-10-14T02:58:02.947606] https://www.uit.edu.vn/cong-khai-ban-dang-ky-xet-cong-nhan-dat-tieu-chuan-chuc-danh-giao-su-pho-giao-su-nam-2025 status=None
[2025-10-14T02:58:03.963636] https://www.uit.edu.vn/quyet-dinh-bo-nhiem-cac-chuc-danh-trong-hoi-dong-giao-su-co-so-nam-2025-cua-truong-dai-hoc-cong-nghe-thong-tin status=None
[2025-10-14T02:58:05.113324] https://www.uit.edu.vn/quyet-dinh-thanh-lap-hoi-dong-giao-su-co-so-nam-2025-cua-truong-dai-hoc-cong-nghe-thong-tin status=None
[2025-10-14T02:58:06.069972] https://www.uit.edu.vn/danh-sach-de-cu-thanh-vien-tham-gia-hoi-dong-giao-su-co-so-nam-2025-cua-truong-dai-hoc-cong-nghe-thong-tin status=None
[2025-10-14T02:58:07.337424] https://www.uit.edu.vn/thong-bao-cong-khai-ket-qua-xet-bo-nhiem-chuc-danh-pho-giao-su-nam-2024 status=None
[2025-10-14T02:58:08.590272] https://www.uit.edu.vn/thong-bao-cong-khai-ket-qua-xet-cong-nhan-dat-tieu-chuan-chuc-danh-giao-su-pho-giao-su-nam-2024 status=None
[2025-10-14T02:58:12.100983] https://www.uit.edu.vn/cong-khai-ban-dang-ky-xet-cong-nhan-dat-tieu-chuan-chuc-danh-giao-su-pho-giao-su-nam-2024 status=None
[2025-10-14T02:58:13.230592] https://www.uit.edu.vn/quyet-dinh-thanh-lap-hoi-dong-giao-su-co-so-nam-2024-cua-truong-dhcntt status=None
[2025-10-14T02:58:14.167306] https://www.uit.edu.vn/danh-sach-thanh-vien-duoc-hoi-dong-khoa-hoc-va-dao-tao-truong-de-cu-tham-gia-hoi-dong-giao-su-co-so-nam-2024-cua-truong-dhcntt status=None
[2025-10-14T02:58:14.986374] https://www.uit.edu.vn/tin-xet-duyet-chuc-danh-gs-pgs?page=1 status=None
[2025-10-14T02:58:15.817405] https://www.uit.edu.vn/tin-xet-duyet-chuc-danh-gs-pgs?page=2 status=None
[2025-10-14T02:58:16.682181] https://www.uit.edu.vn/tin-xet-duyet-chuc-danh-gs-pgs?page=3 status=None
[2025-10-14T02:58:17.673883] https://www.uit.edu.vn/taxonomy/term/83/internal status=None
[2025-10-14T02:58:18.610031] https://www.uit.edu.vn/taxonomy/term/83/external status=None
[2025-10-14T02:58:19.542840] https://www.uit.edu.vn/taxonomy/term/87/internal status=None
[2025-10-14T02:58:20.546471] https://www.uit.edu.vn/taxonomy/term/87/external status=None
[2025-10-14T02:58:21.577036] https://www.uit.edu.vn/taxonomy/term/202/internal status=None
[2025-10-14T02:58:22.647375] https://www.uit.edu.vn/taxonomy/term/202/external status=None
[2025-10-14T02:58:23.710723] https://www.uit.edu.vn/taxonomy/term/201/internal status=None
[2025-10-14T02:58:24.822991] https://www.uit.edu.vn/taxonomy/term/201/external status=None
[2025-10-14T02:58:25.885217] https://www.uit.edu.vn/node/3486 status=None
[2025-10-14T02:58:26.123333] https://www.uit.edu.vn/sites/vi/files/js/js_KVsZi8_hu7EunFLtouG8lU4y__srSqCIip5XGefDYMI.js status=None
[2025-10-14T02:58:27.034445] https://www.uit.edu.vn/tong-quan-ve-truong-dh-cong-nghe-thong-tin#mm-1 status=None
[2025-10-14T02:58:27.935848] https://www.uit.edu.vn/tong-quan-ve-truong-dh-cong-nghe-thong-tin#mm-4 status=None
[2025-10-14T02:58:28.778689] https://www.uit.edu.vn/tong-quan-ve-truong-dh-cong-nghe-thong-tin#mm-7 status=None
[2025-10-14T02:58:29.632005] https://www.uit.edu.vn/tong-quan-ve-truong-dh-cong-nghe-thong-tin#mm-11 status=None
[2025-10-14T02:58:30.476356] https://www.uit.edu.vn/tong-quan-ve-truong-dh-cong-nghe-thong-tin#mm-15 status=None
[2025-10-14T02:58:31.335865] https://www.uit.edu.vn/tong-quan-ve-truong-dh-cong-nghe-thong-tin#mm-16 status=None
[2025-10-14T02:58:32.219163] https://www.uit.edu.vn/tong-quan-ve-truong-dh-cong-nghe-thong-tin#mm-21 status=None
[2025-10-14T02:58:33.064367] https://www.uit.edu.vn/tong-quan-ve-truong-dh-cong-nghe-thong-tin#mm-22 status=None
[2025-10-14T02:58:33.900549] https://www.uit.edu.vn/tong-quan-ve-truong-dh-cong-nghe-thong-tin#mm-0 status=None
[2025-10-14T02:58:34.711476] https://www.uit.edu.vn/tong-quan-ve-truong-dh-cong-nghe-thong-tin#mm-2 status=None
[2025-10-14T02:58:35.563832] https://www.uit.edu.vn/tong-quan-ve-truong-dh-cong-nghe-thong-tin#mm-3 status=None
[2025-10-14T02:58:36.424766] https://www.uit.edu.vn/tong-quan-ve-truong-dh-cong-nghe-thong-tin#mm-5 status=None
[2025-10-14T02:58:37.324609] https://www.uit.edu.vn/tong-quan-ve-truong-dh-cong-nghe-thong-tin#mm-6 status=None
[2025-10-14T02:58:38.202549] https://www.uit.edu.vn/tong-quan-ve-truong-dh-cong-nghe-thong-tin#mm-8 status=None
[2025-10-14T02:58:39.056834] https://www.uit.edu.vn/tong-quan-ve-truong-dh-cong-nghe-thong-tin#mm-9 status=None
[2025-10-14T02:58:39.895124] https://www.uit.edu.vn/tong-quan-ve-truong-dh-cong-nghe-thong-tin#mm-10 status=None
[2025-10-14T02:58:40.765522] https://www.uit.edu.vn/tong-quan-ve-truong-dh-cong-nghe-thong-tin#mm-12 status=None
[2025-10-14T02:58:41.575313] https://www.uit.edu.vn/tong-quan-ve-truong-dh-cong-nghe-thong-tin#mm-13 status=None
[2025-10-14T02:58:42.447225] https://www.uit.edu.vn/tong-quan-ve-truong-dh-cong-nghe-thong-tin#mm-14 status=None
[2025-10-14T02:58:43.257398] https://www.uit.edu.vn/tong-quan-ve-truong-dh-cong-nghe-thong-tin#mm-17 status=None
[2025-10-14T02:58:44.093868] https://www.uit.edu.vn/tong-quan-ve-truong-dh-cong-nghe-thong-tin#mm-18 status=None
[2025-10-14T02:58:44.943040] https://www.uit.edu.vn/tong-quan-ve-truong-dh-cong-nghe-thong-tin#mm-19 status=None
[2025-10-14T02:58:45.765941] https://www.uit.edu.vn/tong-quan-ve-truong-dh-cong-nghe-thong-tin#mm-20 status=None
[2025-10-14T02:58:46.654830] https://www.uit.edu.vn/tong-quan-ve-truong-dh-cong-nghe-thong-tin#mm-23 status=None
[2025-10-14T02:58:47.624132] https://www.uit.edu.vn/tong-quan-ve-truong-dh-cong-nghe-thong-tin#mm-24 status=None
[2025-10-14T02:58:48.593185] https://www.uit.edu.vn/tong-quan-ve-truong-dh-cong-nghe-thong-tin#mm-25 status=None
[2025-10-14T02:58:49.634136] https://www.uit.edu.vn/tong-quan-ve-truong-dh-cong-nghe-thong-tin#main status=None
[2025-10-14T02:58:50.674244] https://en.uit.edu.vn/overview-vnuhcm-university-information-technology status=None
[2025-10-14T02:58:51.590461] https://www.uit.edu.vn/gioi-thieu status=None
[2025-10-14T02:58:51.819646] https://www.uit.edu.vn/sites/vi/files/uploads/files/videos/tong_quan_UIT.mp4 status=None
[2025-10-14T02:58:53.287749] https://www.uit.edu.vn/sites/vi/files/uploads/files/videos/tong_quan_UIT.ogg status=None
[2025-10-14T02:58:53.518653] https://www.uit.edu.vn/sites/vi/files/uploads/images/202002/pgs.ts_nguyen_hoang_tu_anh_hieu_truong_trao_bang_thac_si_cho_cac_hoc_vien.jpg status=None
[2025-10-14T02:58:53.726064] https://www.uit.edu.vn/sites/vi/files/uploads/images/202002/hoat_dong_giang_day_va_hoc_tai_truong_dh_cntt.jpg status=None
[2025-10-14T02:58:53.939066] https://www.uit.edu.vn/sites/vi/files/uploads/images/202002/hoi_nghi_quoc_te_mapr2019_to_chuc_tai_truong_dh_cntt.jpg status=None
[2025-10-14T02:58:54.145285] https://www.uit.edu.vn/sites/vi/files/uploads/images/202002/sinh_vien_truong_dh_cntt_tham_gia_nghien_cuu_khoa_hoc.jpg status=None
[2025-10-14T02:58:54.357224] https://www.uit.edu.vn/sites/vi/files/uploads/images/202002/to_chuc_hoi_thao_thuong_mai_dien_tu_tai_truong_dh_cntt.jpg status=None
[2025-10-14T02:58:54.563283] https://www.uit.edu.vn/sites/vi/files/uploads/images/202002/to_chuc_ngay_hoi_viec_lam_tai_nhat_ban_jobfair2019_tai_truong_dh_cntt.jpg status=None
[2025-10-14T02:58:54.782172] https://www.uit.edu.vn/sites/vi/files/uploads/images/202002/cat_bang_khanh_thanh_phong_nghien_cuu_va_phat_trien_automotive.jpg status=None
[2025-10-14T02:58:55.003263] https://www.uit.edu.vn/sites/vi/files/uploads/images/202002/le_ky_ket_tai_tro_du_an_cua_tap_doan_vingroup_voi_truong_dai_hoc_cong_nghe_thong_tin.jpg status=None
[2025-10-14T02:58:55.218300] https://www.uit.edu.vn/sites/vi/files/uploads/images/202002/hoat_dong_ngoai_khoa_cua_sinh_vien_truong_dh_cntt.jpg status=None
[2025-10-14T02:58:56.240080] https://www.uit.edu.vn/node/3489 status=None
[2025-10-14T02:58:57.166259] https://www.uit.edu.vn/tam-nhin-su-mang-va-gia-tri-cot-loi#mm-1 status=None
[2025-10-14T02:58:58.093456] https://www.uit.edu.vn/tam-nhin-su-mang-va-gia-tri-cot-loi#mm-4 status=None
[2025-10-14T02:58:59.107345] https://www.uit.edu.vn/tam-nhin-su-mang-va-gia-tri-cot-loi#mm-7 status=None
[2025-10-14T02:59:00.106420] https://www.uit.edu.vn/tam-nhin-su-mang-va-gia-tri-cot-loi#mm-11 status=None
[2025-10-14T02:59:01.031200] https://www.uit.edu.vn/tam-nhin-su-mang-va-gia-tri-cot-loi#mm-15 status=None
[2025-10-14T02:59:01.919991] https://www.uit.edu.vn/tam-nhin-su-mang-va-gia-tri-cot-loi#mm-16 status=None
[2025-10-14T02:59:02.913158] https://www.uit.edu.vn/tam-nhin-su-mang-va-gia-tri-cot-loi#mm-21 status=None
[2025-10-14T02:59:03.853793] https://www.uit.edu.vn/tam-nhin-su-mang-va-gia-tri-cot-loi#mm-22 status=None
[2025-10-14T02:59:04.779869] https://www.uit.edu.vn/tam-nhin-su-mang-va-gia-tri-cot-loi#mm-0 status=None
[2025-10-14T02:59:05.708807] https://www.uit.edu.vn/tam-nhin-su-mang-va-gia-tri-cot-loi#mm-2 status=None
[2025-10-14T02:59:06.617044] https://www.uit.edu.vn/tam-nhin-su-mang-va-gia-tri-cot-loi#mm-3 status=None
[2025-10-14T02:59:07.633779] https://www.uit.edu.vn/tam-nhin-su-mang-va-gia-tri-cot-loi#mm-5 status=None
[2025-10-14T02:59:08.571792] https://www.uit.edu.vn/tam-nhin-su-mang-va-gia-tri-cot-loi#mm-6 status=None
[2025-10-14T02:59:09.491176] https://www.uit.edu.vn/tam-nhin-su-mang-va-gia-tri-cot-loi#mm-8 status=None
[2025-10-14T02:59:10.419676] https://www.uit.edu.vn/tam-nhin-su-mang-va-gia-tri-cot-loi#mm-9 status=None
[2025-10-14T02:59:11.356232] https://www.uit.edu.vn/tam-nhin-su-mang-va-gia-tri-cot-loi#mm-10 status=None
[2025-10-14T02:59:12.278717] https://www.uit.edu.vn/tam-nhin-su-mang-va-gia-tri-cot-loi#mm-12 status=None
[2025-10-14T02:59:13.186023] https://www.uit.edu.vn/tam-nhin-su-mang-va-gia-tri-cot-loi#mm-13 status=None
[2025-10-14T02:59:14.219730] https://www.uit.edu.vn/tam-nhin-su-mang-va-gia-tri-cot-loi#mm-14 status=None
[2025-10-14T02:59:15.336972] https://www.uit.edu.vn/tam-nhin-su-mang-va-gia-tri-cot-loi#mm-17 status=None
[2025-10-14T02:59:16.224653] https://www.uit.edu.vn/tam-nhin-su-mang-va-gia-tri-cot-loi#mm-18 status=None
[2025-10-14T02:59:17.045291] https://www.uit.edu.vn/tam-nhin-su-mang-va-gia-tri-cot-loi#mm-19 status=None
[2025-10-14T02:59:17.870898] https://www.uit.edu.vn/tam-nhin-su-mang-va-gia-tri-cot-loi#mm-20 status=None
[2025-10-14T02:59:18.694143] https://www.uit.edu.vn/tam-nhin-su-mang-va-gia-tri-cot-loi#mm-23 status=None
[2025-10-14T02:59:19.536196] https://www.uit.edu.vn/tam-nhin-su-mang-va-gia-tri-cot-loi#mm-24 status=None
[2025-10-14T02:59:20.364938] https://www.uit.edu.vn/tam-nhin-su-mang-va-gia-tri-cot-loi#mm-25 status=None
[2025-10-14T02:59:21.294521] https://www.uit.edu.vn/tam-nhin-su-mang-va-gia-tri-cot-loi#main status=None
[2025-10-14T02:59:22.179756] https://en.uit.edu.vn/vision-mission-and-core-values status=None
[2025-10-14T02:59:23.042699] https://www.uit.edu.vn/node/3872 status=None
[2025-10-14T02:59:23.873756] https://www.uit.edu.vn/nhan-dien-thuong-hieu#mm-1 status=None
[2025-10-14T02:59:24.796521] https://www.uit.edu.vn/nhan-dien-thuong-hieu#mm-4 status=None
[2025-10-14T02:59:25.677753] https://www.uit.edu.vn/nhan-dien-thuong-hieu#mm-7 status=None
[2025-10-14T02:59:26.602719] https://www.uit.edu.vn/nhan-dien-thuong-hieu#mm-11 status=None
[2025-10-14T02:59:27.593528] https://www.uit.edu.vn/nhan-dien-thuong-hieu#mm-15 status=None
[2025-10-14T02:59:28.437116] https://www.uit.edu.vn/nhan-dien-thuong-hieu#mm-16 status=None
[2025-10-14T02:59:29.285059] https://www.uit.edu.vn/nhan-dien-thuong-hieu#mm-21 status=None
[2025-10-14T02:59:30.098706] https://www.uit.edu.vn/nhan-dien-thuong-hieu#mm-22 status=None
[2025-10-14T02:59:30.908462] https://www.uit.edu.vn/nhan-dien-thuong-hieu#mm-0 status=None
[2025-10-14T02:59:31.896322] https://www.uit.edu.vn/nhan-dien-thuong-hieu#mm-2 status=None
[2025-10-14T02:59:32.722895] https://www.uit.edu.vn/nhan-dien-thuong-hieu#mm-3 status=None
[2025-10-14T02:59:33.555057] https://www.uit.edu.vn/nhan-dien-thuong-hieu#mm-5 status=None
[2025-10-14T02:59:34.374656] https://www.uit.edu.vn/nhan-dien-thuong-hieu#mm-6 status=None
[2025-10-14T02:59:35.182938] https://www.uit.edu.vn/nhan-dien-thuong-hieu#mm-8 status=None
[2025-10-14T02:59:36.015475] https://www.uit.edu.vn/nhan-dien-thuong-hieu#mm-9 status=None
[2025-10-14T02:59:36.812281] https://www.uit.edu.vn/nhan-dien-thuong-hieu#mm-10 status=None
[2025-10-14T02:59:37.670390] https://www.uit.edu.vn/nhan-dien-thuong-hieu#mm-12 status=None
[2025-10-14T02:59:38.476048] https://www.uit.edu.vn/nhan-dien-thuong-hieu#mm-13 status=None
[2025-10-14T02:59:39.286313] https://www.uit.edu.vn/nhan-dien-thuong-hieu#mm-14 status=None
[2025-10-14T02:59:40.167985] https://www.uit.edu.vn/nhan-dien-thuong-hieu#mm-17 status=None
[2025-10-14T02:59:40.986548] https://www.uit.edu.vn/nhan-dien-thuong-hieu#mm-18 status=None
[2025-10-14T02:59:41.788868] https://www.uit.edu.vn/nhan-dien-thuong-hieu#mm-19 status=None
[2025-10-14T02:59:42.661177] https://www.uit.edu.vn/nhan-dien-thuong-hieu#mm-20 status=None
[2025-10-14T02:59:43.502582] https://www.uit.edu.vn/nhan-dien-thuong-hieu#mm-23 status=None
[2025-10-14T02:59:44.367157] https://www.uit.edu.vn/nhan-dien-thuong-hieu#mm-24 status=None
[2025-10-14T02:59:45.227070] https://www.uit.edu.vn/nhan-dien-thuong-hieu#mm-25 status=None
[2025-10-14T02:59:46.077805] https://www.uit.edu.vn/nhan-dien-thuong-hieu#main status=None
[2025-10-14T02:59:46.963376] https://en.uit.edu.vn/brand-name-identity status=None
[2025-10-14T02:59:47.274468] https://www.uit.edu.vn/sites/vi/files/images/Logos/Logo_UIT_In.jpg status=None
[2025-10-14T02:59:47.516752] https://www.uit.edu.vn/sites/vi/files/resize/images/Logos/Logo_UIT_In-218x260.jpg status=None
[2025-10-14T02:59:47.750776] https://www.uit.edu.vn/sites/vi/files/images/Logos/Logo_UIT_Web.png status=None
[2025-10-14T02:59:47.976658] https://www.uit.edu.vn/sites/vi/files/resize/images/Logos/Logo_UIT_Web-218x261.png status=None
[2025-10-14T02:59:48.230238] https://www.uit.edu.vn/sites/vi/files/images/Logos/Logo_UIT_Web_Transparent.png status=None
[2025-10-14T02:59:48.445885] https://www.uit.edu.vn/sites/vi/files/resize/images/Logos/Logo_UIT_Web_Transparent-218x261.png status=None
[2025-10-14T02:59:49.415655] https://www.uit.edu.vn/node/4588 status=None
[2025-10-14T02:59:50.331124] https://www.uit.edu.vn/thong-tin-quy-hoach-truong-dh-cntt-dhqg-hcm#mm-1 status=None
[2025-10-14T02:59:51.248912] https://www.uit.edu.vn/thong-tin-quy-hoach-truong-dh-cntt-dhqg-hcm#mm-4 status=None
[2025-10-14T02:59:52.191833] https://www.uit.edu.vn/thong-tin-quy-hoach-truong-dh-cntt-dhqg-hcm#mm-7 status=None
[2025-10-14T02:59:53.117067] https://www.uit.edu.vn/thong-tin-quy-hoach-truong-dh-cntt-dhqg-hcm#mm-11 status=None
[2025-10-14T02:59:54.130683] https://www.uit.edu.vn/thong-tin-quy-hoach-truong-dh-cntt-dhqg-hcm#mm-15 status=None
[2025-10-14T02:59:55.058504] https://www.uit.edu.vn/thong-tin-quy-hoach-truong-dh-cntt-dhqg-hcm#mm-16 status=None
[2025-10-14T02:59:55.971422] https://www.uit.edu.vn/thong-tin-quy-hoach-truong-dh-cntt-dhqg-hcm#mm-21 status=None
[2025-10-14T02:59:56.862513] https://www.uit.edu.vn/thong-tin-quy-hoach-truong-dh-cntt-dhqg-hcm#mm-22 status=None
[2025-10-14T02:59:57.780775] https://www.uit.edu.vn/thong-tin-quy-hoach-truong-dh-cntt-dhqg-hcm#mm-0 status=None
[2025-10-14T02:59:58.681128] https://www.uit.edu.vn/thong-tin-quy-hoach-truong-dh-cntt-dhqg-hcm#mm-2 status=None
[2025-10-14T02:59:59.640740] https://www.uit.edu.vn/thong-tin-quy-hoach-truong-dh-cntt-dhqg-hcm#mm-3 status=None
[2025-10-14T03:00:00.581425] https://www.uit.edu.vn/thong-tin-quy-hoach-truong-dh-cntt-dhqg-hcm#mm-5 status=None
[2025-10-14T03:00:01.492724] https://www.uit.edu.vn/thong-tin-quy-hoach-truong-dh-cntt-dhqg-hcm#mm-6 status=None
[2025-10-14T03:00:02.426384] https://www.uit.edu.vn/thong-tin-quy-hoach-truong-dh-cntt-dhqg-hcm#mm-8 status=None
[2025-10-14T03:00:03.383815] https://www.uit.edu.vn/thong-tin-quy-hoach-truong-dh-cntt-dhqg-hcm#mm-9 status=None
[2025-10-14T03:00:04.372540] https://www.uit.edu.vn/thong-tin-quy-hoach-truong-dh-cntt-dhqg-hcm#mm-10 status=None
[2025-10-14T03:00:05.323370] https://www.uit.edu.vn/thong-tin-quy-hoach-truong-dh-cntt-dhqg-hcm#mm-12 status=None
[2025-10-14T03:00:06.289297] https://www.uit.edu.vn/thong-tin-quy-hoach-truong-dh-cntt-dhqg-hcm#mm-13 status=None
[2025-10-14T03:00:07.243533] https://www.uit.edu.vn/thong-tin-quy-hoach-truong-dh-cntt-dhqg-hcm#mm-14 status=None
[2025-10-14T03:00:08.207402] https://www.uit.edu.vn/thong-tin-quy-hoach-truong-dh-cntt-dhqg-hcm#mm-17 status=None
[2025-10-14T03:00:09.217249] https://www.uit.edu.vn/thong-tin-quy-hoach-truong-dh-cntt-dhqg-hcm#mm-18 status=None
[2025-10-14T03:00:10.156520] https://www.uit.edu.vn/thong-tin-quy-hoach-truong-dh-cntt-dhqg-hcm#mm-19 status=None
[2025-10-14T03:00:11.147487] https://www.uit.edu.vn/thong-tin-quy-hoach-truong-dh-cntt-dhqg-hcm#mm-20 status=None
[2025-10-14T03:00:12.101676] https://www.uit.edu.vn/thong-tin-quy-hoach-truong-dh-cntt-dhqg-hcm#mm-23 status=None
[2025-10-14T03:00:13.048775] https://www.uit.edu.vn/thong-tin-quy-hoach-truong-dh-cntt-dhqg-hcm#mm-24 status=None
[2025-10-14T03:00:13.966966] https://www.uit.edu.vn/thong-tin-quy-hoach-truong-dh-cntt-dhqg-hcm#mm-25 status=None
[2025-10-14T03:00:14.933436] https://www.uit.edu.vn/thong-tin-quy-hoach-truong-dh-cntt-dhqg-hcm#main status=None
[2025-10-14T03:00:15.899412] https://en.uit.edu.vn/planning-information-university-information-technology-vnu-hcm status=None
[2025-10-14T03:00:16.731153] https://www.uit.edu.vn/sites/vi/files/uploads/images/quyhoach_cntt.jpg status=None
[2025-10-14T03:00:16.949686] https://www.uit.edu.vn/sites/vi/files/uploads/images/quyhoach_cntt_thumb.jpg status=None
[2025-10-14T03:00:17.962099] https://www.uit.edu.vn/node/3729 status=None
[2025-10-14T03:00:18.989797] https://www.uit.edu.vn/dam-bao-chat-luong#mm-1 status=None
[2025-10-14T03:00:19.989003] https://www.uit.edu.vn/dam-bao-chat-luong#mm-4 status=None
[2025-10-14T03:00:20.981082] https://www.uit.edu.vn/dam-bao-chat-luong#mm-7 status=None
[2025-10-14T03:00:21.962135] https://www.uit.edu.vn/dam-bao-chat-luong#mm-11 status=None
[2025-10-14T03:00:22.980034] https://www.uit.edu.vn/dam-bao-chat-luong#mm-15 status=None
[2025-10-14T03:00:24.000630] https://www.uit.edu.vn/dam-bao-chat-luong#mm-16 status=None
[2025-10-14T03:00:25.020454] https://www.uit.edu.vn/dam-bao-chat-luong#mm-21 status=None
[2025-10-14T03:00:25.986960] https://www.uit.edu.vn/dam-bao-chat-luong#mm-22 status=None
[2025-10-14T03:00:26.962291] https://www.uit.edu.vn/dam-bao-chat-luong#mm-0 status=None
[2025-10-14T03:00:27.940877] https://www.uit.edu.vn/dam-bao-chat-luong#mm-2 status=None
[2025-10-14T03:00:29.008713] https://www.uit.edu.vn/dam-bao-chat-luong#mm-3 status=None
[2025-10-14T03:00:30.101794] https://www.uit.edu.vn/dam-bao-chat-luong#mm-5 status=None
[2025-10-14T03:00:31.116429] https://www.uit.edu.vn/dam-bao-chat-luong#mm-6 status=None
[2025-10-14T03:00:32.169116] https://www.uit.edu.vn/dam-bao-chat-luong#mm-8 status=None
[2025-10-14T03:00:33.158520] https://www.uit.edu.vn/dam-bao-chat-luong#mm-9 status=None
[2025-10-14T03:00:34.161990] https://www.uit.edu.vn/dam-bao-chat-luong#mm-10 status=None
[2025-10-14T03:00:35.215070] https://www.uit.edu.vn/dam-bao-chat-luong#mm-12 status=None
[2025-10-14T03:00:36.268134] https://www.uit.edu.vn/dam-bao-chat-luong#mm-13 status=None
[2025-10-14T03:00:37.250371] https://www.uit.edu.vn/dam-bao-chat-luong#mm-14 status=None
[2025-10-14T03:00:38.235610] https://www.uit.edu.vn/dam-bao-chat-luong#mm-17 status=None
[2025-10-14T03:00:39.265167] https://www.uit.edu.vn/dam-bao-chat-luong#mm-18 status=None
[2025-10-14T03:00:40.241674] https://www.uit.edu.vn/dam-bao-chat-luong#mm-19 status=None
[2025-10-14T03:00:41.214115] https://www.uit.edu.vn/dam-bao-chat-luong#mm-20 status=None
[2025-10-14T03:00:42.198479] https://www.uit.edu.vn/dam-bao-chat-luong#mm-23 status=None
[2025-10-14T03:00:43.198732] https://www.uit.edu.vn/dam-bao-chat-luong#mm-24 status=None
[2025-10-14T03:00:44.208888] https://www.uit.edu.vn/dam-bao-chat-luong#mm-25 status=None
[2025-10-14T03:00:45.184460] https://www.uit.edu.vn/dam-bao-chat-luong#main status=None
[2025-10-14T03:00:52.108165] https://en.uit.edu.vn/quality-assurance status=None
[2025-10-14T03:00:52.341411] https://www.uit.edu.vn/sites/vi/files/resize/uploads/images/202105/mo_hinh_he_thong_dbcl_noi_bo_truong_dhcntt-600x395.png status=None
[2025-10-14T03:00:54.079775] https://www.uit.edu.vn/chuc-mung-uit-duoc-cong-nhan-chat-luong-csgd-theo-tieu-chuan-moet status=None
[2025-10-14T03:00:55.245239] https://www.uit.edu.vn/truong-dai-hoc-cong-nghe-thong-tin-nhan-giay-chung-nhan-kiem-dinh-chat-luong-giao-duc status=None
[2025-10-14T03:00:56.428845] https://www.uit.edu.vn/danh-gia-ngoai-noi-bo-theo-tieu-chuan-aun-qa-chuong-trinh-ky-thuat-may-tinh status=None
[2025-10-14T03:00:57.610304] https://www.uit.edu.vn/danh-gia-ngoai-noi-bo-theo-tieu-chuan-aun-qa-chuong-trinh-dao-tao-khoa-hoc-may-tinh-khoa-khoa-hoc-may-tinh status=None
[2025-10-14T03:00:58.700587] https://www.uit.edu.vn/khoa-he-thong-thong-tin-nhan-chung-nhan-dat-chuan-aun-qa status=None
[2025-10-14T03:00:59.687274] https://www.uit.edu.vn/node/4867 status=None
[2025-10-14T03:01:00.853966] https://www.uit.edu.vn/chuong-trinh-khoa-hoc-may-tinh-dat-chuan-aun status=None
[2025-10-14T03:01:02.119735] https://www.uit.edu.vn/tong-ket-chuong-trinh-kiem-dinh-chat-luong-chuan-aun-qa-nganh-ky-thuat-phan-mem status=None
[2025-10-14T03:01:03.251632] https://www.uit.edu.vn/khoa-ky-thuat-may-tinh-da-nhan-duoc-giay-chung-nhan-dat-chuan-aunqa status=None
[2025-10-14T03:01:04.347600] https://www.uit.edu.vn/aun-danh-gia-them-4-chuong-trinh-dao-tao-cua-dhqg-hcm status=None
[2025-10-14T03:01:05.500493] https://www.uit.edu.vn/chuyen-tham-va-lam-viec-thuc-te-cua-doan-kiem-dinh-asiin-danh-gia-chinh-thuc-03-chuong-trinh-dao-tao-cua-khoa-he-thong-thong-tin status=None
[2025-10-14T03:01:06.563936] https://en.uit.edu.vn/successful-conclusion-asiin-accreditation-four-academic-programs status=None
[2025-10-14T03:01:08.074032] https://www.uit.edu.vn/quyet-dinh-cap-giay-chung-nhan-kiem-dinh-chat-luong-giao-duc-cho-truong-dh-cntt-dhqg-hcm status=None
[2025-10-14T03:01:08.391638] https://www.uit.edu.vn/sites/vi/files/uploads/images/202304/chung_nhan_aun_cu_nhan_nganh_cntt.jpg status=None
[2025-10-14T03:01:09.344337] https://www.uit.edu.vn/node/3491 status=None
[2025-10-14T03:01:10.283452] https://www.uit.edu.vn/lien-he#mm-1 status=None
[2025-10-14T03:01:11.217564] https://www.uit.edu.vn/lien-he#mm-4 status=None
[2025-10-14T03:01:12.192713] https://www.uit.edu.vn/lien-he#mm-7 status=None
[2025-10-14T03:01:13.114346] https://www.uit.edu.vn/lien-he#mm-11 status=None
[2025-10-14T03:01:14.057875] https://www.uit.edu.vn/lien-he#mm-15 status=None
[2025-10-14T03:01:14.978974] https://www.uit.edu.vn/lien-he#mm-16 status=None
[2025-10-14T03:01:15.910789] https://www.uit.edu.vn/lien-he#mm-21 status=None
[2025-10-14T03:01:16.869995] https://www.uit.edu.vn/lien-he#mm-22 status=None
[2025-10-14T03:01:17.829425] https://www.uit.edu.vn/lien-he#mm-0 status=None
[2025-10-14T03:01:18.800617] https://www.uit.edu.vn/lien-he#mm-2 status=None
[2025-10-14T03:01:19.798774] https://www.uit.edu.vn/lien-he#mm-3 status=None
[2025-10-14T03:01:20.774763] https://www.uit.edu.vn/lien-he#mm-5 status=None
[2025-10-14T03:01:21.730677] https://www.uit.edu.vn/lien-he#mm-6 status=None
[2025-10-14T03:01:22.685286] https://www.uit.edu.vn/lien-he#mm-8 status=None
[2025-10-14T03:01:23.647604] https://www.uit.edu.vn/lien-he#mm-9 status=None
[2025-10-14T03:01:24.635187] https://www.uit.edu.vn/lien-he#mm-10 status=None
[2025-10-14T03:01:25.592646] https://www.uit.edu.vn/lien-he#mm-12 status=None
[2025-10-14T03:01:26.573236] https://www.uit.edu.vn/lien-he#mm-13 status=None
[2025-10-14T03:01:27.556370] https://www.uit.edu.vn/lien-he#mm-14 status=None
[2025-10-14T03:01:28.532881] https://www.uit.edu.vn/lien-he#mm-17 status=None
[2025-10-14T03:01:29.508721] https://www.uit.edu.vn/lien-he#mm-18 status=None
[2025-10-14T03:01:30.475276] https://www.uit.edu.vn/lien-he#mm-19 status=None
[2025-10-14T03:01:31.468439] https://www.uit.edu.vn/lien-he#mm-20 status=None
[2025-10-14T03:01:32.448788] https://www.uit.edu.vn/lien-he#mm-23 status=None
[2025-10-14T03:01:33.385395] https://www.uit.edu.vn/lien-he#mm-24 status=None
[2025-10-14T03:01:34.296950] https://www.uit.edu.vn/lien-he#mm-25 status=None
[2025-10-14T03:01:35.212445] https://www.uit.edu.vn/lien-he#main status=None
[2025-10-14T03:01:36.193102] https://en.uit.edu.vn/contact-us status=None
[2025-10-14T03:01:37.054179] https://www.uit.edu.vn/node/6847 status=None
[2025-10-14T03:01:37.965191] https://www.uit.edu.vn/ban-giam-hieu#mm-1 status=None
[2025-10-14T03:01:38.826579] https://www.uit.edu.vn/ban-giam-hieu#mm-4 status=None
[2025-10-14T03:01:39.692277] https://www.uit.edu.vn/ban-giam-hieu#mm-7 status=None
[2025-10-14T03:01:40.573456] https://www.uit.edu.vn/ban-giam-hieu#mm-11 status=None
[2025-10-14T03:01:41.459517] https://www.uit.edu.vn/ban-giam-hieu#mm-15 status=None
[2025-10-14T03:01:42.371804] https://www.uit.edu.vn/ban-giam-hieu#mm-16 status=None
[2025-10-14T03:01:43.256059] https://www.uit.edu.vn/ban-giam-hieu#mm-21 status=None
[2025-10-14T03:01:44.100181] https://www.uit.edu.vn/ban-giam-hieu#mm-22 status=None
[2025-10-14T03:01:44.960194] https://www.uit.edu.vn/ban-giam-hieu#mm-0 status=None
[2025-10-14T03:01:45.794923] https://www.uit.edu.vn/ban-giam-hieu#mm-2 status=None
[2025-10-14T03:01:46.670998] https://www.uit.edu.vn/ban-giam-hieu#mm-3 status=None
[2025-10-14T03:01:47.569017] https://www.uit.edu.vn/ban-giam-hieu#mm-5 status=None
[2025-10-14T03:01:48.436929] https://www.uit.edu.vn/ban-giam-hieu#mm-6 status=None
[2025-10-14T03:01:49.291236] https://www.uit.edu.vn/ban-giam-hieu#mm-8 status=None
[2025-10-14T03:01:50.188550] https://www.uit.edu.vn/ban-giam-hieu#mm-9 status=None
[2025-10-14T03:01:51.099692] https://www.uit.edu.vn/ban-giam-hieu#mm-10 status=None
[2025-10-14T03:01:52.026178] https://www.uit.edu.vn/ban-giam-hieu#mm-12 status=None
[2025-10-14T03:01:52.983652] https://www.uit.edu.vn/ban-giam-hieu#mm-13 status=None
[2025-10-14T03:01:53.904930] https://www.uit.edu.vn/ban-giam-hieu#mm-14 status=None
[2025-10-14T03:01:54.816033] https://www.uit.edu.vn/ban-giam-hieu#mm-17 status=None
[2025-10-14T03:01:55.760569] https://www.uit.edu.vn/ban-giam-hieu#mm-18 status=None
[2025-10-14T03:01:56.641716] https://www.uit.edu.vn/ban-giam-hieu#mm-19 status=None
[2025-10-14T03:01:57.538997] https://www.uit.edu.vn/ban-giam-hieu#mm-20 status=None
[2025-10-14T03:01:58.429475] https://www.uit.edu.vn/ban-giam-hieu#mm-23 status=None
[2025-10-14T03:01:59.422760] https://www.uit.edu.vn/ban-giam-hieu#mm-24 status=None
[2025-10-14T03:02:00.315335] https://www.uit.edu.vn/ban-giam-hieu#mm-25 status=None
[2025-10-14T03:02:01.237878] https://www.uit.edu.vn/ban-giam-hieu#main status=None
[2025-10-14T03:02:02.200377] https://en.uit.edu.vn/board-presidents status=None
[2025-10-14T03:02:02.401300] https://www.uit.edu.vn/sites/vi/files/uploads/images/khangnttm.jpg status=None
[2025-10-14T03:02:02.617637] https://www.uit.edu.vn/sites/vi/files/uploads/images/tu_anh-2020.jpg status=None
[2025-10-14T03:02:02.844204] https://www.uit.edu.vn/sites/vi/files/uploads/images/ngannlt.jpg status=None
[2025-10-14T03:02:03.712577] https://www.uit.edu.vn/node/3487 status=None
[2025-10-14T03:02:04.510452] https://www.uit.edu.vn/co-cau-to-chuc#mm-1 status=None
[2025-10-14T03:02:05.344943] https://www.uit.edu.vn/co-cau-to-chuc#mm-4 status=None
[2025-10-14T03:02:06.141478] https://www.uit.edu.vn/co-cau-to-chuc#mm-7 status=None
[2025-10-14T03:02:06.963330] https://www.uit.edu.vn/co-cau-to-chuc#mm-11 status=None
[2025-10-14T03:02:07.837640] https://www.uit.edu.vn/co-cau-to-chuc#mm-15 status=None
[2025-10-14T03:02:08.654784] https://www.uit.edu.vn/co-cau-to-chuc#mm-16 status=None
[2025-10-14T03:02:09.610281] https://www.uit.edu.vn/co-cau-to-chuc#mm-21 status=None
[2025-10-14T03:02:10.514253] https://www.uit.edu.vn/co-cau-to-chuc#mm-22 status=None
[2025-10-14T03:02:11.469984] https://www.uit.edu.vn/co-cau-to-chuc#mm-0 status=None
[2025-10-14T03:02:12.390379] https://www.uit.edu.vn/co-cau-to-chuc#mm-2 status=None
[2025-10-14T03:02:13.298542] https://www.uit.edu.vn/co-cau-to-chuc#mm-3 status=None
[2025-10-14T03:02:14.297857] https://www.uit.edu.vn/co-cau-to-chuc#mm-5 status=None
[2025-10-14T03:02:15.258785] https://www.uit.edu.vn/co-cau-to-chuc#mm-6 status=None
[2025-10-14T03:02:16.230978] https://www.uit.edu.vn/co-cau-to-chuc#mm-8 status=None
[2025-10-14T03:02:17.209797] https://www.uit.edu.vn/co-cau-to-chuc#mm-9 status=None
[2025-10-14T03:02:18.143333] https://www.uit.edu.vn/co-cau-to-chuc#mm-10 status=None
[2025-10-14T03:02:19.106637] https://www.uit.edu.vn/co-cau-to-chuc#mm-12 status=None
[2025-10-14T03:02:20.081290] https://www.uit.edu.vn/co-cau-to-chuc#mm-13 status=None
[2025-10-14T03:02:21.086458] https://www.uit.edu.vn/co-cau-to-chuc#mm-14 status=None
[2025-10-14T03:02:22.021324] https://www.uit.edu.vn/co-cau-to-chuc#mm-17 status=None
[2025-10-14T03:02:22.968995] https://www.uit.edu.vn/co-cau-to-chuc#mm-18 status=None
[2025-10-14T03:02:23.930540] https://www.uit.edu.vn/co-cau-to-chuc#mm-19 status=None
[2025-10-14T03:02:24.846787] https://www.uit.edu.vn/co-cau-to-chuc#mm-20 status=None
[2025-10-14T03:02:25.769682] https://www.uit.edu.vn/co-cau-to-chuc#mm-23 status=None
[2025-10-14T03:02:26.586378] https://www.uit.edu.vn/co-cau-to-chuc#mm-24 status=None
[2025-10-14T03:02:27.382013] https://www.uit.edu.vn/co-cau-to-chuc#mm-25 status=None
[2025-10-14T03:02:28.182034] https://www.uit.edu.vn/co-cau-to-chuc#main status=None
[2025-10-14T03:02:29.044503] https://en.uit.edu.vn/organizational-structure status=None
[2025-10-14T03:02:29.229494] https://www.uit.edu.vn/sites/vi/files/uploads/images/202508/so-do-to-chuc-uit-dec-2025.png status=None
[2025-10-14T03:02:30.029327] https://www.uit.edu.vn/node/5181 status=None
[2025-10-14T03:02:30.795069] https://www.uit.edu.vn/hoi-dong-truong#mm-1 status=None
[2025-10-14T03:02:31.559171] https://www.uit.edu.vn/hoi-dong-truong#mm-4 status=None
[2025-10-14T03:02:32.561173] https://www.uit.edu.vn/hoi-dong-truong#mm-7 status=None
[2025-10-14T03:02:33.425422] https://www.uit.edu.vn/hoi-dong-truong#mm-11 status=None
[2025-10-14T03:02:34.300332] https://www.uit.edu.vn/hoi-dong-truong#mm-15 status=None
[2025-10-14T03:02:35.257940] https://www.uit.edu.vn/hoi-dong-truong#mm-16 status=None
[2025-10-14T03:02:36.232191] https://www.uit.edu.vn/hoi-dong-truong#mm-21 status=None
[2025-10-14T03:02:37.091907] https://www.uit.edu.vn/hoi-dong-truong#mm-22 status=None
[2025-10-14T03:02:37.989556] https://www.uit.edu.vn/hoi-dong-truong#mm-0 status=None
[2025-10-14T03:02:39.203738] https://www.uit.edu.vn/hoi-dong-truong#mm-2 status=None
[2025-10-14T03:02:40.082224] https://www.uit.edu.vn/hoi-dong-truong#mm-3 status=None
[2025-10-14T03:02:41.018944] https://www.uit.edu.vn/hoi-dong-truong#mm-5 status=None
[2025-10-14T03:02:41.937495] https://www.uit.edu.vn/hoi-dong-truong#mm-6 status=None
[2025-10-14T03:02:42.894451] https://www.uit.edu.vn/hoi-dong-truong#mm-8 status=None
[2025-10-14T03:02:43.819097] https://www.uit.edu.vn/hoi-dong-truong#mm-9 status=None
[2025-10-14T03:02:44.752480] https://www.uit.edu.vn/hoi-dong-truong#mm-10 status=None
[2025-10-14T03:02:45.649227] https://www.uit.edu.vn/hoi-dong-truong#mm-12 status=None
[2025-10-14T03:02:46.573499] https://www.uit.edu.vn/hoi-dong-truong#mm-13 status=None
[2025-10-14T03:02:47.476447] https://www.uit.edu.vn/hoi-dong-truong#mm-14 status=None
[2025-10-14T03:02:48.409105] https://www.uit.edu.vn/hoi-dong-truong#mm-17 status=None
[2025-10-14T03:02:49.305835] https://www.uit.edu.vn/hoi-dong-truong#mm-18 status=None
[2025-10-14T03:02:50.252881] https://www.uit.edu.vn/hoi-dong-truong#mm-19 status=None
[2025-10-14T03:02:51.179032] https://www.uit.edu.vn/hoi-dong-truong#mm-20 status=None
[2025-10-14T03:02:52.079105] https://www.uit.edu.vn/hoi-dong-truong#mm-23 status=None
[2025-10-14T03:02:52.944821] https://www.uit.edu.vn/hoi-dong-truong#mm-24 status=None
[2025-10-14T03:02:53.837097] https://www.uit.edu.vn/hoi-dong-truong#mm-25 status=None
[2025-10-14T03:02:54.735258] https://www.uit.edu.vn/hoi-dong-truong#main status=None
[2025-10-14T03:02:56.152886] https://en.uit.edu.vn/uits-university-council status=None
[2025-10-14T03:02:56.356510] https://www.uit.edu.vn/modules/file/icons/application-pdf.png status=None
[2025-10-14T03:02:57.274082] https://www.uit.edu.vn/node/4726 status=None
[2025-10-14T03:02:58.255143] https://www.uit.edu.vn/hoi-dong-khoa-hoc#mm-1 status=None
[2025-10-14T03:02:59.136456] https://www.uit.edu.vn/hoi-dong-khoa-hoc#mm-4 status=None
[2025-10-14T03:03:00.018899] https://www.uit.edu.vn/hoi-dong-khoa-hoc#mm-7 status=None
[2025-10-14T03:03:00.890140] https://www.uit.edu.vn/hoi-dong-khoa-hoc#mm-11 status=None
[2025-10-14T03:03:01.773695] https://www.uit.edu.vn/hoi-dong-khoa-hoc#mm-15 status=None
[2025-10-14T03:03:02.696617] https://www.uit.edu.vn/hoi-dong-khoa-hoc#mm-16 status=None
[2025-10-14T03:03:03.558441] https://www.uit.edu.vn/hoi-dong-khoa-hoc#mm-21 status=None
[2025-10-14T03:03:04.442370] https://www.uit.edu.vn/hoi-dong-khoa-hoc#mm-22 status=None
[2025-10-14T03:03:05.354092] https://www.uit.edu.vn/hoi-dong-khoa-hoc#mm-0 status=None
[2025-10-14T03:03:06.291579] https://www.uit.edu.vn/hoi-dong-khoa-hoc#mm-2 status=None
[2025-10-14T03:03:07.216005] https://www.uit.edu.vn/hoi-dong-khoa-hoc#mm-3 status=None
[2025-10-14T03:03:08.165749] https://www.uit.edu.vn/hoi-dong-khoa-hoc#mm-5 status=None
[2025-10-14T03:03:09.089492] https://www.uit.edu.vn/hoi-dong-khoa-hoc#mm-6 status=None
[2025-10-14T03:03:09.977626] https://www.uit.edu.vn/hoi-dong-khoa-hoc#mm-8 status=None
[2025-10-14T03:03:10.851101] https://www.uit.edu.vn/hoi-dong-khoa-hoc#mm-9 status=None
[2025-10-14T03:03:11.741264] https://www.uit.edu.vn/hoi-dong-khoa-hoc#mm-10 status=None
[2025-10-14T03:03:12.615084] https://www.uit.edu.vn/hoi-dong-khoa-hoc#mm-12 status=None
[2025-10-14T03:03:13.509873] https://www.uit.edu.vn/hoi-dong-khoa-hoc#mm-13 status=None
[2025-10-14T03:03:14.394006] https://www.uit.edu.vn/hoi-dong-khoa-hoc#mm-14 status=None
[2025-10-14T03:03:15.243052] https://www.uit.edu.vn/hoi-dong-khoa-hoc#mm-17 status=None
[2025-10-14T03:03:16.133361] https://www.uit.edu.vn/hoi-dong-khoa-hoc#mm-18 status=None
[2025-10-14T03:03:17.057465] https://www.uit.edu.vn/hoi-dong-khoa-hoc#mm-19 status=None
[2025-10-14T03:03:18.014294] https://www.uit.edu.vn/hoi-dong-khoa-hoc#mm-20 status=None
[2025-10-14T03:03:18.952425] https://www.uit.edu.vn/hoi-dong-khoa-hoc#mm-23 status=None
[2025-10-14T03:03:19.838214] https://www.uit.edu.vn/hoi-dong-khoa-hoc#mm-24 status=None
[2025-10-14T03:03:20.706027] https://www.uit.edu.vn/hoi-dong-khoa-hoc#mm-25 status=None
[2025-10-14T03:03:21.565741] https://www.uit.edu.vn/hoi-dong-khoa-hoc#main status=None
[2025-10-14T03:03:22.482891] https://en.uit.edu.vn/science-council status=None
[2025-10-14T03:03:23.460971] https://www.uit.edu.vn/node/6850 status=None
[2025-10-14T03:03:24.387036] https://www.uit.edu.vn/ban-chap-hanh-dang-bo#mm-1 status=None
[2025-10-14T03:03:25.293316] https://www.uit.edu.vn/ban-chap-hanh-dang-bo#mm-4 status=None
[2025-10-14T03:03:26.245574] https://www.uit.edu.vn/ban-chap-hanh-dang-bo#mm-7 status=None
[2025-10-14T03:03:27.135873] https://www.uit.edu.vn/ban-chap-hanh-dang-bo#mm-11 status=None
[2025-10-14T03:03:28.058178] https://www.uit.edu.vn/ban-chap-hanh-dang-bo#mm-15 status=None
[2025-10-14T03:03:28.975361] https://www.uit.edu.vn/ban-chap-hanh-dang-bo#mm-16 status=None
[2025-10-14T03:03:29.890483] https://www.uit.edu.vn/ban-chap-hanh-dang-bo#mm-21 status=None
[2025-10-14T03:03:30.795145] https://www.uit.edu.vn/ban-chap-hanh-dang-bo#mm-22 status=None
[2025-10-14T03:03:31.713259] https://www.uit.edu.vn/ban-chap-hanh-dang-bo#mm-0 status=None
[2025-10-14T03:03:32.648878] https://www.uit.edu.vn/ban-chap-hanh-dang-bo#mm-2 status=None
[2025-10-14T03:03:33.534719] https://www.uit.edu.vn/ban-chap-hanh-dang-bo#mm-3 status=None
[2025-10-14T03:03:34.454491] https://www.uit.edu.vn/ban-chap-hanh-dang-bo#mm-5 status=None
[2025-10-14T03:03:35.408660] https://www.uit.edu.vn/ban-chap-hanh-dang-bo#mm-6 status=None
[2025-10-14T03:03:36.327344] https://www.uit.edu.vn/ban-chap-hanh-dang-bo#mm-8 status=None
[2025-10-14T03:03:37.274133] https://www.uit.edu.vn/ban-chap-hanh-dang-bo#mm-9 status=None
[2025-10-14T03:03:38.202372] https://www.uit.edu.vn/ban-chap-hanh-dang-bo#mm-10 status=None
[2025-10-14T03:03:39.169891] https://www.uit.edu.vn/ban-chap-hanh-dang-bo#mm-12 status=None
[2025-10-14T03:03:40.077533] https://www.uit.edu.vn/ban-chap-hanh-dang-bo#mm-13 status=None
[2025-10-14T03:03:41.004786] https://www.uit.edu.vn/ban-chap-hanh-dang-bo#mm-14 status=None
[2025-10-14T03:03:42.037985] https://www.uit.edu.vn/ban-chap-hanh-dang-bo#mm-17 status=None
[2025-10-14T03:03:42.932555] https://www.uit.edu.vn/ban-chap-hanh-dang-bo#mm-18 status=None
[2025-10-14T03:03:43.890164] https://www.uit.edu.vn/ban-chap-hanh-dang-bo#mm-19 status=None
[2025-10-14T03:03:44.840507] https://www.uit.edu.vn/ban-chap-hanh-dang-bo#mm-20 status=None
[2025-10-14T03:03:45.772735] https://www.uit.edu.vn/ban-chap-hanh-dang-bo#mm-23 status=None
[2025-10-14T03:03:46.702867] https://www.uit.edu.vn/ban-chap-hanh-dang-bo#mm-24 status=None
[2025-10-14T03:03:47.641854] https://www.uit.edu.vn/ban-chap-hanh-dang-bo#mm-25 status=None
[2025-10-14T03:03:48.558072] https://www.uit.edu.vn/ban-chap-hanh-dang-bo#main status=None
[2025-10-14T03:03:49.542840] https://en.uit.edu.vn/party-executive-committee status=None
[2025-10-14T03:03:50.439269] https://tuyensinh.uit.edu.vn/node/1554 status=None
[2025-10-14T03:03:50.692917] https://tuyensinh.uit.edu.vn/sites/default/files/css/css_ds0Vbe71a-SuDjy96Gjf4GHmTaHFJUPd1QYKBoYeOFY.css status=None
[2025-10-14T03:03:50.947007] https://tuyensinh.uit.edu.vn/sites/default/files/js/js_f6licut2OF8GwJFcp1_7jzdQUrsoB8v0YItsjHTZDQ0.js status=None
[2025-10-14T03:03:51.187513] https://tuyensinh.uit.edu.vn/sites/default/files/js/js_NdUfwgdGKm12fJxROCqRMjh4GvG_NT6OA3oH15Ml5Qc.js status=None
[2025-10-14T03:03:51.465372] https://tuyensinh.uit.edu.vn/sites/default/files/js/js_UsPQqzauEV-G0jFkeWqSDNcm-vGnzUVPASFHaI_q4c4.js status=None
[2025-10-14T03:03:52.212413] https://tuyensinh.uit.edu.vn/diem-chuan-cua-truong-dh-cong-nghe-thong-tin-qua-cac-nam#main status=None
[2025-10-14T03:03:52.973545] https://tuyensinh.uit.edu.vn/diem-chuan-cua-truong-dh-cong-nghe-thong-tin-qua-cac-nam#main-nav status=None
[2025-10-14T03:03:53.188658] https://tuyensinh.uit.edu.vn/sites/default/files/uploads/images/202502/diem-chuan-2020-2024-sheet1.jpg status=None
[2025-10-14T03:03:53.973104] https://tuyensinh.uit.edu.vn/diem-chuan-cua-truong-dh-cong-nghe-thong-tin-qua-cac-nam?page=1 status=None
[2025-10-14T03:03:54.745166] https://tuyensinh.uit.edu.vn/diem-chuan-cua-truong-dh-cong-nghe-thong-tin-qua-cac-nam?page=2 status=None
[2025-10-14T03:03:55.493437] https://tuyensinh.uit.edu.vn/diem-chuan-cua-truong-dh-cong-nghe-thong-tin-qua-cac-nam?page=3 status=None
[2025-10-14T03:03:56.254955] https://tuyensinh.uit.edu.vn/diem-chuan-cua-truong-dh-cong-nghe-thong-tin-qua-cac-nam?page=4 status=None
[2025-10-14T03:03:56.981768] https://tuyensinh.uit.edu.vn/diem-chuan-cua-truong-dh-cong-nghe-thong-tin-qua-cac-nam?page=5 status=None
[2025-10-14T03:03:57.718572] https://tuyensinh.uit.edu.vn/diem-chuan-cua-truong-dh-cong-nghe-thong-tin-qua-cac-nam?page=6 status=None
[2025-10-14T03:03:58.462731] https://tuyensinh.uit.edu.vn/diem-chuan-cua-truong-dh-cong-nghe-thong-tin-qua-cac-nam?page=7 status=None
[2025-10-14T03:03:59.202501] https://tuyensinh.uit.edu.vn/diem-chuan-cua-truong-dh-cong-nghe-thong-tin-qua-cac-nam?page=8 status=None
[2025-10-14T03:03:59.964359] https://tuyensinh.uit.edu.vn/diem-chuan-cua-truong-dh-cong-nghe-thong-tin-qua-cac-nam?page=44 status=None
[2025-10-14T03:04:00.379096] https://forum.uit.edu.vn/c/cong-dong-it/tu-van-tuyen-sinh-2022/internal status=None
[2025-10-14T03:04:00.716504] https://forum.uit.edu.vn/c/cong-dong-it/tu-van-tuyen-sinh-2022/external status=None
[2025-10-14T03:04:00.930578] https://forum.uit.edu.vn/uploads/default/optimized/1X/3ba22f2766dd0f37b37135698409ee7cc4fbbb2f_2_32x32.webp status=None
[2025-10-14T03:04:01.163844] https://forum.uit.edu.vn/uploads/default/optimized/1X/3ba22f2766dd0f37b37135698409ee7cc4fbbb2f_2_180x180.webp status=None
[2025-10-14T03:04:01.412927] https://forum.uit.edu.vn/opensearch.xml status=None
[2025-10-14T03:04:01.629651] https://forum.uit.edu.vn/assets/start-discourse-621a7369.js status=None
[2025-10-14T03:04:01.866588] https://forum.uit.edu.vn/assets/browser-update-296c1fea.js status=None
[2025-10-14T03:04:02.096898] https://forum.uit.edu.vn/assets/browser-detect-781232db.js status=None
[2025-10-14T03:04:02.328549] https://forum.uit.edu.vn/assets/vendor.04c4d6cdd3f339a9a42b3c5d7faa825e-74acb2ee.js status=None
[2025-10-14T03:04:04.926447] https://forum.uit.edu.vn/assets/chunk.72f0997b0c47f85f096c.d41d8cd9.js status=None
[2025-10-14T03:04:05.178226] https://forum.uit.edu.vn/assets/chunk.c70a02596ffcb635feac.d41d8cd9.js status=None
[2025-10-14T03:04:05.395853] https://forum.uit.edu.vn/assets/plugins/automation-62faf94a.js status=None
[2025-10-14T03:04:05.636882] https://forum.uit.edu.vn/assets/plugins/automation_admin-96e46445.js status=None
[2025-10-14T03:04:06.222898] https://forum.uit.edu.vn/assets/plugins/chat-52f22bc2.js status=None
[2025-10-14T03:04:06.454088] https://forum.uit.edu.vn/assets/plugins/chat_admin-d1b87e63.js status=None
[2025-10-14T03:04:06.689075] https://forum.uit.edu.vn/assets/plugins/checklist-a9445570.js status=None
[2025-10-14T03:04:06.922468] https://forum.uit.edu.vn/assets/plugins/discourse-details-b2fa98d5.js status=None
[2025-10-14T03:04:07.159186] https://forum.uit.edu.vn/assets/plugins/discourse-lazy-videos-66893caf.js status=None
[2025-10-14T03:04:07.412471] https://forum.uit.edu.vn/assets/plugins/discourse-local-dates-548d26ff.js status=None
[2025-10-14T03:04:07.643248] https://forum.uit.edu.vn/assets/plugins/discourse-presence-3dfe6fdb.js status=None
[2025-10-14T03:04:07.887631] https://forum.uit.edu.vn/assets/plugins/docker_manager_admin-fd419e1a.js status=None
[2025-10-14T03:04:08.120323] https://forum.uit.edu.vn/assets/plugins/footnote-69a5826d.js status=None
[2025-10-14T03:04:08.356217] https://forum.uit.edu.vn/assets/plugins/footnote_extra-95ffab71.js status=None
[2025-10-14T03:04:08.628921] https://forum.uit.edu.vn/assets/plugins/poll-60b60117.js status=None
[2025-10-14T03:04:08.879691] https://forum.uit.edu.vn/assets/plugins/spoiler-alert-eeecc11f.js status=None
[2025-10-14T03:04:09.265205] https://forum.uit.edu.vn/extra-locales/ff8ed6622a253e9136c2f04572f6e7e2e33f355d/vi/main.js status=None
[2025-10-14T03:04:09.522596] https://forum.uit.edu.vn/extra-locales/c9e57f7b3d973e6a98118975f14b644325732076/vi/mf.js?__ws=forum.uit.edu.vn status=None
[2025-10-14T03:04:09.798572] https://forum.uit.edu.vn/extra-locales/f927aa740dbf9c9769a2ddc4858117de4ad34583/vi/overrides.js?__ws=forum.uit.edu.vn status=None
[2025-10-14T03:04:10.053863] https://forum.uit.edu.vn/theme-javascripts/58976b086a567dc406db77fb20caea123109db06.js?__ws=forum.uit.edu.vn status=None
[2025-10-14T03:04:10.307585] https://forum.uit.edu.vn/theme-javascripts/2c0128a9f6f02e3dbe1950f58f0627ad8b04487b.js?__ws=forum.uit.edu.vn status=None
[2025-10-14T03:04:10.557427] https://forum.uit.edu.vn/manifest.webmanifest status=None
[2025-10-14T03:04:11.559613] https://forum.uit.edu.vn/c/cong-dong-it/tu-van-tuyen-sinh-2022/14?page=1 status=None
[2025-10-14T03:04:12.020801] https://forum.uit.edu.vn/posts.rss status=None
[2025-10-14T03:04:13.120034] https://forum.uit.edu.vn/latest.rss status=None
[2025-10-14T03:04:13.512543] https://forum.uit.edu.vn/c/cong-dong-it/tu-van-tuyen-sinh-2022/14.rss status=None
[2025-10-14T03:04:13.833156] https://forum.uit.edu.vn/svg-sprite/forum.uit.edu.vn/svg-8-fd98b17e02019a9a0aa6d4a15b2eb46663f4554e.js status=None
[2025-10-14T03:04:14.078053] https://forum.uit.edu.vn/stylesheets/color_definitions_mint-light_26_8_377739a7d905dbb2612bff72f54f27ecb3215477.css?__ws=forum.uit.edu.vn status=None
[2025-10-14T03:04:14.337751] https://forum.uit.edu.vn/stylesheets/color_definitions_wcag-light_2_8_5ca175fd6d3d9ca110f0597fc9be25c764966b9d.css?__ws=forum.uit.edu.vn status=None
[2025-10-14T03:04:14.840890] https://forum.uit.edu.vn/stylesheets/common_2e9834c5494096544574e4e892f821ccb095fef0.css?__ws=forum.uit.edu.vn status=None
[2025-10-14T03:04:15.083115] https://forum.uit.edu.vn/stylesheets/desktop_2e9834c5494096544574e4e892f821ccb095fef0.css?__ws=forum.uit.edu.vn status=None
[2025-10-14T03:04:15.313165] https://forum.uit.edu.vn/stylesheets/automation_2e9834c5494096544574e4e892f821ccb095fef0.css?__ws=forum.uit.edu.vn status=None
[2025-10-14T03:04:15.572402] https://forum.uit.edu.vn/stylesheets/chat_2e9834c5494096544574e4e892f821ccb095fef0.css?__ws=forum.uit.edu.vn status=None
[2025-10-14T03:04:15.809085] https://forum.uit.edu.vn/stylesheets/checklist_2e9834c5494096544574e4e892f821ccb095fef0.css?__ws=forum.uit.edu.vn status=None
[2025-10-14T03:04:16.050929] https://forum.uit.edu.vn/stylesheets/discourse-details_2e9834c5494096544574e4e892f821ccb095fef0.css?__ws=forum.uit.edu.vn status=None
[2025-10-14T03:04:16.296400] https://forum.uit.edu.vn/stylesheets/discourse-lazy-videos_2e9834c5494096544574e4e892f821ccb095fef0.css?__ws=forum.uit.edu.vn status=None
[2025-10-14T03:04:16.530096] https://forum.uit.edu.vn/stylesheets/discourse-local-dates_2e9834c5494096544574e4e892f821ccb095fef0.css?__ws=forum.uit.edu.vn status=None
[2025-10-14T03:04:16.752379] https://forum.uit.edu.vn/stylesheets/discourse-narrative-bot_2e9834c5494096544574e4e892f821ccb095fef0.css?__ws=forum.uit.edu.vn status=None
[2025-10-14T03:04:16.985526] https://forum.uit.edu.vn/stylesheets/discourse-presence_2e9834c5494096544574e4e892f821ccb095fef0.css?__ws=forum.uit.edu.vn status=None
[2025-10-14T03:04:17.216069] https://forum.uit.edu.vn/stylesheets/docker_manager_2e9834c5494096544574e4e892f821ccb095fef0.css?__ws=forum.uit.edu.vn status=None
[2025-10-14T03:04:17.449066] https://forum.uit.edu.vn/stylesheets/footnote_2e9834c5494096544574e4e892f821ccb095fef0.css?__ws=forum.uit.edu.vn status=None
[2025-10-14T03:04:17.685574] https://forum.uit.edu.vn/stylesheets/poll_2e9834c5494096544574e4e892f821ccb095fef0.css?__ws=forum.uit.edu.vn status=None
[2025-10-14T03:04:17.910020] https://forum.uit.edu.vn/stylesheets/spoiler-alert_2e9834c5494096544574e4e892f821ccb095fef0.css?__ws=forum.uit.edu.vn status=None
[2025-10-14T03:04:18.147643] https://forum.uit.edu.vn/stylesheets/chat_desktop_2e9834c5494096544574e4e892f821ccb095fef0.css?__ws=forum.uit.edu.vn status=None
[2025-10-14T03:04:18.362954] https://forum.uit.edu.vn/stylesheets/poll_desktop_2e9834c5494096544574e4e892f821ccb095fef0.css?__ws=forum.uit.edu.vn status=None
[2025-10-14T03:04:18.596014] https://forum.uit.edu.vn/stylesheets/common_theme_8_53ea849ae7e176ed96bc18dd54a7764bd7917b59.css?__ws=forum.uit.edu.vn status=None
[2025-10-14T03:04:18.816926] https://forum.uit.edu.vn/stylesheets/desktop_theme_8_5cf6796f5506577a72449a51ca6c4d2d94c8a46b.css?__ws=forum.uit.edu.vn status=None
[2025-10-14T03:04:19.985842] https://forum.uit.edu.vn/c/cong-dong-it/tu-van-tuyen-sinh-2022/14#main-container status=None
[2025-10-14T03:04:21.187902] https://forum.uit.edu.vn/c/cong-dong-it/tu-van-tuyen-sinh-2022/14#bars status=None
[2025-10-14T03:04:21.403043] https://forum.uit.edu.vn/uploads/default/original/3X/5/6/56a8a9529539c1ca46087d278e47e8ed5ffdf596.png status=None
[2025-10-14T03:04:22.510668] https://forum.uit.edu.vn/c/cong-dong-it/tu-van-tuyen-sinh-2022/14#user status=None
[2025-10-14T03:04:23.601175] https://forum.uit.edu.vn/c/cong-dong-it/tu-van-tuyen-sinh-2022/14#magnifying-glass status=None
[2025-10-14T03:04:24.880776] https://forum.uit.edu.vn/latest status=None
[2025-10-14T03:04:25.941099] https://forum.uit.edu.vn/c/cong-dong-it/tu-van-tuyen-sinh-2022/14#layer-group status=None
[2025-10-14T03:04:27.024508] https://forum.uit.edu.vn/c/cong-dong-it/tu-van-tuyen-sinh-2022/14#ellipsis-vertical status=None
[2025-10-14T03:04:28.077547] https://forum.uit.edu.vn/c/cong-dong-it/tu-van-tuyen-sinh-2022/14#angle-down status=None
[2025-10-14T03:04:28.983651] https://forum.uit.edu.vn/c/site-feedback/2 status=None
[2025-10-14T03:04:30.269349] https://forum.uit.edu.vn/categories status=None
[2025-10-14T03:04:31.376836] https://forum.uit.edu.vn/c/cong-dong-it/tu-van-tuyen-sinh-2022/14#list status=None
[2025-10-14T03:04:32.633123] https://forum.uit.edu.vn/tag/tuy%E1%BB%83n-d%E1%BB%A5ng status=None
[2025-10-14T03:04:33.702627] https://forum.uit.edu.vn/c/cong-dong-it/tu-van-tuyen-sinh-2022/14#tag status=None
[2025-10-14T03:04:34.958660] https://forum.uit.edu.vn/tag/fresher status=None
[2025-10-14T03:04:36.271266] https://forum.uit.edu.vn/tag/internship status=None
[2025-10-14T03:04:37.505244] https://forum.uit.edu.vn/tag/vi%E1%BB%87c-l%C3%A0m status=None
[2025-10-14T03:04:38.718975] https://forum.uit.edu.vn/tag/th%E1%BB%B1c-t%E1%BA%ADp status=None
[2025-10-14T03:04:41.334734] https://forum.uit.edu.vn/tags status=None
[2025-10-14T03:04:42.445370] https://forum.uit.edu.vn/c/cong-dong-it/tu-van-tuyen-sinh-2022/14#keyboard status=None
[2025-10-14T03:04:43.498381] https://forum.uit.edu.vn/c/cong-dong-it/tu-van-tuyen-sinh-2022/14#xmark status=None
[2025-10-14T03:04:45.510004] https://ctsv.uit.edu.vn/bai-viet/thong-bao-dua-vao-su-dung-dien-dan-uit-moi status=None
[2025-10-14T03:04:46.787055] http://forum.uit.edu.vn status=None
[2025-10-14T03:04:47.884814] https://forum.uit.edu.vn/c/cong-dong-it/tu-van-tuyen-sinh-2022/14#caret-right status=None
[2025-10-14T03:04:49.055231] https://forum.uit.edu.vn/c/cong-dong-it/tu-van-tuyen-sinh-2022/14/l/latest status=None
[2025-10-14T03:04:50.197928] https://forum.uit.edu.vn/c/cong-dong-it/tu-van-tuyen-sinh-2022/14/l/hot status=None
[2025-10-14T03:04:51.286631] https://forum.uit.edu.vn/c/cong-dong-it/tu-van-tuyen-sinh-2022/14#thumbtack status=None
[2025-10-14T03:04:52.349531] https://forum.uit.edu.vn/t/about-the-tu-van-tuyen-sinh-2022-category/111527 status=None
[2025-10-14T03:04:53.061233] https://forum.uit.edu.vn/u/system status=None
[2025-10-14T03:04:53.281805] https://forum.uit.edu.vn/uploads/default/original/1X/3ba22f2766dd0f37b37135698409ee7cc4fbbb2f.webp status=None
[2025-10-14T03:04:54.364789] https://forum.uit.edu.vn/t/about-the-tu-van-tuyen-sinh-2022-category/111527/1 status=None
[2025-10-14T03:04:55.523631] https://forum.uit.edu.vn/t/mot-ngay-lam-sv-cua-dh-cong-nghe-thong-tin-uit-qsc/144470 status=None
[2025-10-14T03:04:56.257515] https://forum.uit.edu.vn/u/toannv status=None
[2025-10-14T03:04:56.461749] https://forum.uit.edu.vn/user_avatar/forum.uit.edu.vn/toannv/24/641_2.png status=None
[2025-10-14T03:04:57.206528] https://forum.uit.edu.vn/u/11520537 status=None
[2025-10-14T03:04:57.416072] https://forum.uit.edu.vn/user_avatar/forum.uit.edu.vn/11520537/24/658_2.png status=None
[2025-10-14T03:04:58.398599] https://forum.uit.edu.vn/u/14520002 status=None
[2025-10-14T03:04:58.608004] https://forum.uit.edu.vn/user_avatar/forum.uit.edu.vn/14520002/24/2690_2.png status=None
[2025-10-14T03:04:59.516471] https://forum.uit.edu.vn/u/17520273 status=None
[2025-10-14T03:04:59.726016] https://forum.uit.edu.vn/user_avatar/forum.uit.edu.vn/17520273/24/5258_2.png status=None
[2025-10-14T03:05:00.620916] https://forum.uit.edu.vn/u/17520634 status=None
[2025-10-14T03:05:00.831353] https://forum.uit.edu.vn/user_avatar/forum.uit.edu.vn/17520634/24/5307_2.png status=None
[2025-10-14T03:05:02.047873] https://forum.uit.edu.vn/t/mot-ngay-lam-sv-cua-dh-cong-nghe-thong-tin-uit-qsc/144470/1 status=None
[2025-10-14T03:05:03.296050] https://forum.uit.edu.vn/t/mot-ngay-lam-sv-cua-dh-cong-nghe-thong-tin-uit-qsc/144470/6 status=None
[2025-10-14T03:05:04.809284] https://forum.uit.edu.vn/t/admin-tra-loi-cau-hoi-em-chung-nay-diem-thi-co-the-dau-vao-nganh-nao-cua-uit/144468 status=None
[2025-10-14T03:05:05.802416] https://forum.uit.edu.vn/u/dungtruongq status=None
[2025-10-14T03:05:06.019734] https://forum.uit.edu.vn/user_avatar/forum.uit.edu.vn/dungtruongq/24/4956_2.png status=None
[2025-10-14T03:05:06.900083] https://forum.uit.edu.vn/u/tantranuit status=None
[2025-10-14T03:05:07.113063] https://forum.uit.edu.vn/letter_avatar_proxy/v4/letter/t/58f4c7/24.png status=None
[2025-10-14T03:05:07.953791] https://forum.uit.edu.vn/u/leanhtai01 status=None
[2025-10-14T03:05:08.170766] https://forum.uit.edu.vn/user_avatar/forum.uit.edu.vn/leanhtai01/24/5014_2.png status=None
[2025-10-14T03:05:09.017840] https://forum.uit.edu.vn/u/luongvanthanh status=None
[2025-10-14T03:05:09.234693] https://forum.uit.edu.vn/letter_avatar_proxy/v4/letter/l/5f8ce5/24.png status=None
[2025-10-14T03:05:10.514479] https://forum.uit.edu.vn/t/admin-tra-loi-cau-hoi-em-chung-nay-diem-thi-co-the-dau-vao-nganh-nao-cua-uit/144468/1 status=None
[2025-10-14T03:05:11.777404] https://forum.uit.edu.vn/t/admin-tra-loi-cau-hoi-em-chung-nay-diem-thi-co-the-dau-vao-nganh-nao-cua-uit/144468/38 status=None
[2025-10-14T03:05:12.889459] https://forum.uit.edu.vn/t/i-am-unsure-if-i-am-eligible-to-apply-to-study/151384 status=None
[2025-10-14T03:05:13.723712] https://forum.uit.edu.vn/u/xaicrane status=None
[2025-10-14T03:05:13.927264] https://forum.uit.edu.vn/letter_avatar_proxy/v4/letter/x/b782af/24.png status=None
[2025-10-14T03:05:14.806883] https://forum.uit.edu.vn/u/hermiane status=None
[2025-10-14T03:05:15.018030] https://forum.uit.edu.vn/user_avatar/forum.uit.edu.vn/hermiane/24/11550_2.png status=None
[2025-10-14T03:05:16.199814] https://forum.uit.edu.vn/t/i-am-unsure-if-i-am-eligible-to-apply-to-study/151384/1 status=None
[2025-10-14T03:05:17.348341] https://forum.uit.edu.vn/t/i-am-unsure-if-i-am-eligible-to-apply-to-study/151384/3 status=None
[2025-10-14T03:05:18.469213] https://forum.uit.edu.vn/t/em-can-tu-van-nen-chon-truong-nao-de-hoc/153281 status=None
[2025-10-14T03:05:19.291332] https://forum.uit.edu.vn/u/fun88vnd status=None
[2025-10-14T03:05:19.512974] https://forum.uit.edu.vn/letter_avatar_proxy/v4/letter/f/ed655f/24.png status=None
[2025-10-14T03:05:20.470959] https://forum.uit.edu.vn/t/em-can-tu-van-nen-chon-truong-nao-de-hoc/153281/1 status=None
[2025-10-14T03:05:21.375847] https://forum.uit.edu.vn/t/em-can-tu-van-nen-chon-truong-nao-de-hoc/153281/3 status=None
[2025-10-14T03:05:22.437013] https://forum.uit.edu.vn/t/thac-mac-ve-chuong-trinh-lien-ket-bcu/152974 status=None
[2025-10-14T03:05:23.347076] https://forum.uit.edu.vn/u/21522830 status=None
[2025-10-14T03:05:23.558379] https://forum.uit.edu.vn/user_avatar/forum.uit.edu.vn/21522830/24/9718_2.png status=None
[2025-10-14T03:05:24.752168] https://forum.uit.edu.vn/t/thac-mac-ve-chuong-trinh-lien-ket-bcu/152974/1 status=None
[2025-10-14T03:05:25.943164] https://forum.uit.edu.vn/t/thac-mac-ve-chuong-trinh-lien-ket-bcu/152974/8 status=None
[2025-10-14T03:05:27.143086] https://forum.uit.edu.vn/t/van-de-chuyen-truong/151863 status=None
[2025-10-14T03:05:28.119500] https://forum.uit.edu.vn/u/19521365 status=None
[2025-10-14T03:05:28.330276] https://forum.uit.edu.vn/letter_avatar_proxy/v4/letter/1/82dd89/24.png status=None
[2025-10-14T03:05:29.207941] https://forum.uit.edu.vn/u/18521462 status=None
[2025-10-14T03:05:29.411869] https://forum.uit.edu.vn/letter_avatar_proxy/v4/letter/1/eada6e/24.png status=None
[2025-10-14T03:05:30.282785] https://forum.uit.edu.vn/u/19521603 status=None
[2025-10-14T03:05:30.492310] https://forum.uit.edu.vn/letter_avatar_proxy/v4/letter/1/ed8c4c/24.png status=None
[2025-10-14T03:05:31.718480] https://forum.uit.edu.vn/t/van-de-chuyen-truong/151863/1 status=None
[2025-10-14T03:05:33.017052] https://forum.uit.edu.vn/t/van-de-chuyen-truong/151863/9 status=None
[2025-10-14T03:05:34.083725] https://forum.uit.edu.vn/t/hoc-khoi-b-nhung-co-hsg-tin-cap-tinh-thi-co-duoc-xet-tuyen-vao-ngay-cntt-khong-a/153425 status=None
[2025-10-14T03:05:35.140845] https://forum.uit.edu.vn/t/hoc-khoi-b-nhung-co-hsg-tin-cap-tinh-thi-co-duoc-xet-tuyen-vao-ngay-cntt-khong-a/153425/1 status=None
[2025-10-14T03:05:36.281186] https://forum.uit.edu.vn/t/truong-co-xet-khoi-b-nganh-cong-nghe-thong-tin/153414 status=None
[2025-10-14T03:05:37.186317] https://forum.uit.edu.vn/u/21520029 status=None
[2025-10-14T03:05:37.392496] https://forum.uit.edu.vn/letter_avatar_proxy/v4/letter/2/ee7513/24.png status=None
[2025-10-14T03:05:38.473016] https://forum.uit.edu.vn/t/truong-co-xet-khoi-b-nganh-cong-nghe-thong-tin/153414/1 status=None
[2025-10-14T03:05:39.544766] https://forum.uit.edu.vn/t/truong-co-xet-khoi-b-nganh-cong-nghe-thong-tin/153414/2 status=None
[2025-10-14T03:05:40.652357] https://forum.uit.edu.vn/t/lam-sao-de-in-trang-so-yeu-li-lich-vay-a/152903 status=None
[2025-10-14T03:05:41.468262] https://forum.uit.edu.vn/u/18521103 status=None
[2025-10-14T03:05:41.686504] https://forum.uit.edu.vn/user_avatar/forum.uit.edu.vn/18521103/24/6144_2.png status=None
[2025-10-14T03:05:42.537079] https://forum.uit.edu.vn/u/19520025 status=None
[2025-10-14T03:05:42.745394] https://forum.uit.edu.vn/user_avatar/forum.uit.edu.vn/19520025/24/7299_2.png status=None
[2025-10-14T03:05:43.840573] https://forum.uit.edu.vn/t/lam-sao-de-in-trang-so-yeu-li-lich-vay-a/152903/1 status=None
[2025-10-14T03:05:44.925189] https://forum.uit.edu.vn/t/lam-sao-de-in-trang-so-yeu-li-lich-vay-a/152903/3 status=None
[2025-10-14T03:05:46.022941] https://forum.uit.edu.vn/t/form-dang-ky-truc-tuyen-la-o-dau-vay-tren-tramg-web-vay/152683 status=None
[2025-10-14T03:05:46.878992] https://forum.uit.edu.vn/u/tuantm status=None
[2025-10-14T03:05:47.091248] https://forum.uit.edu.vn/letter_avatar_proxy/v4/letter/t/ecc23a/24.png status=None
[2025-10-14T03:05:48.205588] https://forum.uit.edu.vn/t/form-dang-ky-truc-tuyen-la-o-dau-vay-tren-tramg-web-vay/152683/1 status=None
[2025-10-14T03:05:49.376772] https://forum.uit.edu.vn/t/form-dang-ky-truc-tuyen-la-o-dau-vay-tren-tramg-web-vay/152683/2 status=None
[2025-10-14T03:05:50.535048] https://forum.uit.edu.vn/t/van-de-tuyen-sinh/152610 status=None
[2025-10-14T03:05:51.697663] https://forum.uit.edu.vn/t/van-de-tuyen-sinh/152610/1 status=None
[2025-10-14T03:05:52.913595] https://forum.uit.edu.vn/t/van-de-tuyen-sinh/152610/4 status=None
[2025-10-14T03:05:53.895596] https://forum.uit.edu.vn/t/thac-mac-ve-viec-hoc-cac-mon-av-so-cap/152348 status=None
[2025-10-14T03:05:54.588519] https://forum.uit.edu.vn/u/21522013 status=None
[2025-10-14T03:05:54.781100] https://forum.uit.edu.vn/letter_avatar_proxy/v4/letter/2/7bcc69/24.png status=None
[2025-10-14T03:05:55.680124] https://forum.uit.edu.vn/t/thac-mac-ve-viec-hoc-cac-mon-av-so-cap/152348/1 status=None
[2025-10-14T03:05:56.808198] https://forum.uit.edu.vn/t/thac-mac-ve-viec-hoc-cac-mon-av-so-cap/152348/3 status=None
[2025-10-14T03:05:58.066013] https://forum.uit.edu.vn/t/chuong-trinh-clc-co-xet-khoi-d7-khong-a/152338 status=None
[2025-10-14T03:05:59.370642] https://forum.uit.edu.vn/u/18521414 status=None
[2025-10-14T03:05:59.583308] https://forum.uit.edu.vn/user_avatar/forum.uit.edu.vn/18521414/24/6154_2.png status=None
[2025-10-14T03:06:00.734584] https://forum.uit.edu.vn/t/chuong-trinh-clc-co-xet-khoi-d7-khong-a/152338/1 status=None
[2025-10-14T03:06:01.985117] https://forum.uit.edu.vn/t/chuong-trinh-clc-co-xet-khoi-d7-khong-a/152338/4 status=None
[2025-10-14T03:06:03.182246] https://forum.uit.edu.vn/t/thac-mac-ve-chuong-trinh-clc/152304 status=None
[2025-10-14T03:06:04.093406] https://forum.uit.edu.vn/u/tandung status=None
[2025-10-14T03:06:04.304335] https://forum.uit.edu.vn/letter_avatar_proxy/v4/letter/t/13edae/24.png status=None
[2025-10-14T03:06:05.235538] https://forum.uit.edu.vn/u/19520958 status=None
[2025-10-14T03:06:05.453138] https://forum.uit.edu.vn/letter_avatar_proxy/v4/letter/1/3ab097/24.png status=None
[2025-10-14T03:06:06.579112] https://forum.uit.edu.vn/t/thac-mac-ve-chuong-trinh-clc/152304/1 status=None
[2025-10-14T03:06:07.745993] https://forum.uit.edu.vn/t/thac-mac-ve-chuong-trinh-clc/152304/3 status=None
[2025-10-14T03:06:08.895520] https://forum.uit.edu.vn/t/thac-mac-ve-viec-dong-hoc-phi-vb2/152195 status=None
[2025-10-14T03:06:09.753514] https://forum.uit.edu.vn/u/20522194 status=None
[2025-10-14T03:06:09.971993] https://forum.uit.edu.vn/letter_avatar_proxy/v4/letter/2/cab0a1/24.png status=None
[2025-10-14T03:06:11.075984] https://forum.uit.edu.vn/t/thac-mac-ve-viec-dong-hoc-phi-vb2/152195/1 status=None
[2025-10-14T03:06:12.201883] https://forum.uit.edu.vn/t/thac-mac-ve-viec-dong-hoc-phi-vb2/152195/2 status=None
[2025-10-14T03:06:13.392992] https://forum.uit.edu.vn/t/thac-mac-ve-ho-so-xac-nhan-nhap-hoc/151856 status=None
[2025-10-14T03:06:14.144686] https://forum.uit.edu.vn/u/hiepnt status=None
[2025-10-14T03:06:14.387428] https://forum.uit.edu.vn/letter_avatar_proxy/v4/letter/h/2bfe46/24.png status=None
[2025-10-14T03:06:15.521880] https://forum.uit.edu.vn/t/thac-mac-ve-ho-so-xac-nhan-nhap-hoc/151856/1 status=None
[2025-10-14T03:06:16.710514] https://forum.uit.edu.vn/t/thac-mac-ve-ho-so-xac-nhan-nhap-hoc/151856/2 status=None
[2025-10-14T03:06:17.915135] https://forum.uit.edu.vn/t/thac-mac-ve-nop-ho-so-xac-nhan-nhap-hoc/151835 status=None
[2025-10-14T03:06:19.134446] https://forum.uit.edu.vn/t/thac-mac-ve-nop-ho-so-xac-nhan-nhap-hoc/151835/1 status=None
[2025-10-14T03:06:20.355556] https://forum.uit.edu.vn/t/thac-mac-ve-nop-ho-so-xac-nhan-nhap-hoc/151835/6 status=None
[2025-10-14T03:06:21.544111] https://forum.uit.edu.vn/t/thac-mac-ve-nop-ho-so-xac-nhan-nhap-hoc/151834 status=None
[2025-10-14T03:06:22.740696] https://forum.uit.edu.vn/t/thac-mac-ve-nop-ho-so-xac-nhan-nhap-hoc/151834/1 status=None
[2025-10-14T03:06:23.977826] https://forum.uit.edu.vn/t/thac-mac-ve-nop-ho-so-xac-nhan-nhap-hoc/151834/3 status=None
[2025-10-14T03:06:25.106639] https://forum.uit.edu.vn/t/em-co-hoi-thac-mac/151793 status=None
[2025-10-14T03:06:26.182504] https://forum.uit.edu.vn/t/em-co-hoi-thac-mac/151793/1 status=None
[2025-10-14T03:06:27.262570] https://forum.uit.edu.vn/t/em-co-hoi-thac-mac/151793/2 status=None
[2025-10-14T03:06:28.371821] https://forum.uit.edu.vn/t/tu-van-ve-xet-tuyen-thang-utxt/151048 status=None
[2025-10-14T03:06:29.259624] https://forum.uit.edu.vn/u/khoatruong13 status=None
[2025-10-14T03:06:29.479864] https://forum.uit.edu.vn/letter_avatar_proxy/v4/letter/k/c4cdca/24.png status=None
[2025-10-14T03:06:30.598939] https://forum.uit.edu.vn/t/tu-van-ve-xet-tuyen-thang-utxt/151048/1 status=None
[2025-10-14T03:06:31.784870] https://forum.uit.edu.vn/c/cong-dong-it/tu-van-tuyen-sinh-2022/14#fab-discourse status=None
[2025-10-14T03:06:32.945126] https://forum.uit.edu.vn/c/cong-dong-it/tu-van-tuyen-sinh-2022/14#backward-step status=None
[2025-10-14T03:06:34.059745] https://forum.uit.edu.vn/c/cong-dong-it/tu-van-tuyen-sinh-2022/14#forward-step status=None
[2025-10-14T03:06:34.816491] https://oep.uit.edu.vn/vi/node/8726 status=None
[2025-10-14T03:06:35.432982] https://oep.uit.edu.vn/vi/ts2021-thong-bao-tuyen-sinh-chuong-trinh-lien-ket-voi-dai-hoc-birmingham-city-vuong-quoc-anh-nam#main status=None
[2025-10-14T03:06:36.120198] https://oep.uit.edu.vn/vi/ts2021-thong-bao-tuyen-sinh-chuong-trinh-lien-ket-voi-dai-hoc-birmingham-city-vuong-quoc-anh-nam#main-nav status=None
[2025-10-14T03:06:36.757317] https://oep.uit.edu.vn/vi/ts2021-thong-bao-tuyen-sinh-chuong-trinh-lien-ket-voi-dai-hoc-birmingham-city-vuong-quoc-anh-nam?page=1 status=None
[2025-10-14T03:06:37.427987] https://oep.uit.edu.vn/vi/ts2021-thong-bao-tuyen-sinh-chuong-trinh-lien-ket-voi-dai-hoc-birmingham-city-vuong-quoc-anh-nam?page=2 status=None
[2025-10-14T03:06:38.076167] https://oep.uit.edu.vn/vi/ts2021-thong-bao-tuyen-sinh-chuong-trinh-lien-ket-voi-dai-hoc-birmingham-city-vuong-quoc-anh-nam?page=3 status=None
[2025-10-14T03:06:38.767775] https://oep.uit.edu.vn/vi/ts2021-thong-bao-tuyen-sinh-chuong-trinh-lien-ket-voi-dai-hoc-birmingham-city-vuong-quoc-anh-nam?page=4 status=None
[2025-10-14T03:06:39.384073] https://oep.uit.edu.vn/vi/ts2021-thong-bao-tuyen-sinh-chuong-trinh-lien-ket-voi-dai-hoc-birmingham-city-vuong-quoc-anh-nam?page=8 status=None
[2025-10-14T03:06:40.136937] https://tuyensinh.uit.edu.vn/2024-thong-bao-tuyen-sinh-cu-nhan-van-bang-thu-2-nganh-cong-nghe-thong-tin-he-chinh-quy-dot-1-nam-2024 status=None
[2025-10-14T03:06:40.883024] https://tuyensinh.uit.edu.vn/node/3029 status=None
[2025-10-14T03:06:41.149579] https://tuyensinh.uit.edu.vn/sites/default/files/css/css_gJAxYD0axh62Bu2T9AZHJ9vwGsIXUjZCN0y2clY10_U.css status=None
[2025-10-14T03:06:41.367288] https://tuyensinh.uit.edu.vn/sites/default/files/js/js_4XQFtoKANRF1qs7S__PdTmIqo7FcPEhzuxEquHry9_g.js status=None
[2025-10-14T03:06:41.655354] https://tuyensinh.uit.edu.vn/sites/default/files/js/js_eCtp-z2yJm69E4AvXySoFu5Odq3AEl_l0WXn6Ybw9yU.js status=None
[2025-10-14T03:06:42.471391] https://tuyensinh.uit.edu.vn/tuyen-sinh-van-bang-2#main status=None
[2025-10-14T03:06:43.281440] https://tuyensinh.uit.edu.vn/tuyen-sinh-van-bang-2#main-nav status=None
[2025-10-14T03:06:43.898775] https://tuyensinh.uit.edu.vn/dangkyvb2 status=None
[2025-10-14T03:06:44.111923] https://tuyensinh.uit.edu.vn/modules/file/icons/x-office-document.png status=None
[2025-10-14T03:06:44.831783] https://tuyensinh.uit.edu.vn/2024-thong-bao-ket-qua-xet-tuyen-van-bang-2-chinh-quy status=None
[2025-10-14T03:06:45.579676] https://tuyensinh.uit.edu.vn/2024-thong-bao-ket-qua-xet-tuyen-lien-thong-chinh-quy status=None
[2025-10-14T03:06:46.480926] https://tuyensinh.uit.edu.vn/2023-thong-bao-tuyen-sinh-cu-nhan-van-bang-hai-nganh-cong-nghe-thong-tin-dot-2-nam-2023 status=None
[2025-10-14T03:06:47.229883] https://tuyensinh.uit.edu.vn/2024-thong-bao-tuyen-sinh-cu-nhan-van-bang-thu-2-nganh-cong-nghe-thong-tin-he-chinh-quy-dot-1-nam-2024?page=1 status=None
[2025-10-14T03:06:48.009311] https://tuyensinh.uit.edu.vn/2024-thong-bao-tuyen-sinh-cu-nhan-van-bang-thu-2-nganh-cong-nghe-thong-tin-he-chinh-quy-dot-1-nam-2024?page=2 status=None
[2025-10-14T03:06:48.787860] https://tuyensinh.uit.edu.vn/2024-thong-bao-tuyen-sinh-cu-nhan-van-bang-thu-2-nganh-cong-nghe-thong-tin-he-chinh-quy-dot-1-nam-2024?page=3 status=None
[2025-10-14T03:06:49.551997] https://tuyensinh.uit.edu.vn/2024-thong-bao-tuyen-sinh-cu-nhan-van-bang-thu-2-nganh-cong-nghe-thong-tin-he-chinh-quy-dot-1-nam-2024?qt-th_ng_b_o=0#qt-th_ng_b_o status=None
[2025-10-14T03:06:50.318531] https://tuyensinh.uit.edu.vn/2024-thong-bao-tuyen-sinh-cu-nhan-van-bang-thu-2-nganh-cong-nghe-thong-tin-he-chinh-quy-dot-1-nam-2024?qt-th_ng_b_o=1#qt-th_ng_b_o status=None
[2025-10-14T03:06:51.047749] https://tuyensinh.uit.edu.vn/2024-thong-bao-ket-qua-xet-tuyen-cac-phuong-thuc-xet-tuyen-som-nam-2024 status=None
[2025-10-14T03:06:51.672402] https://tuyensinh.uit.edu.vn/tuyen-sinh-chung status=None
[2025-10-14T03:06:52.328903] http://sdh.uit.edu.vn/internal status=None
[2025-10-14T03:06:52.871062] http://sdh.uit.edu.vn/external status=None
[2025-10-14T03:06:53.069619] https://sdh.uit.edu.vn/favicon.ico status=None
[2025-10-14T03:06:53.438413] https://sdh.uit.edu.vn/thong-tin-tuyen-sinh status=None
[2025-10-14T03:06:53.627711] https://sdh.uit.edu.vn/sites/default/files/css/css_xE-rWrJf-fncB6ztZfd2huxqgxu4WO-qwma6Xer30m4.css status=None
[2025-10-14T03:06:53.816225] https://sdh.uit.edu.vn/sites/default/files/css/css_QnDqumlAmBiA-LkPKOOEj-wMlRQlYuHQdMmPGFs03GQ.css status=None
[2025-10-14T03:06:54.004459] https://sdh.uit.edu.vn/sites/default/files/css/css_Xbiz8m9WDbkgfyi7rwDsaPCEF0S7ZlbgiPbtti0l45s.css status=None
[2025-10-14T03:06:54.216371] https://sdh.uit.edu.vn/sites/default/files/css/css_ESpukHx6y033Snn0CUJlDPSXLfhGeYufORdh15V4DiQ.css status=None
[2025-10-14T03:06:54.432603] https://sdh.uit.edu.vn/sites/default/files/css/css_ALupWLtRV8jwEnUoNsepn67LC_4cucTigm9FPOtwpks.css status=None
[2025-10-14T03:06:54.625076] https://sdh.uit.edu.vn/sites/default/files/css/css_nGZ0EUi6HATidAf3pITrpLdyTGtTsmfVAzXLpUp2gr4.css status=None
[2025-10-14T03:06:54.838301] https://sdh.uit.edu.vn/sites/default/files/js/js_LzIKY2LtrqT61QtBB9c64_FZsJL6gqRfqtFq7xBebDY.js status=None
[2025-10-14T03:06:55.032305] https://sdh.uit.edu.vn/sites/default/files/js/js_85prxWevQOLb5ZKqYWZ07gcDH9vT0fg80FUidh-1kzA.js status=None
[2025-10-14T03:06:55.234968] https://sdh.uit.edu.vn/sites/default/files/js/js_Hfha9RCTNm8mqMDLXriIsKGMaghzs4ZaqJPLj2esi7s.js status=None
[2025-10-14T03:06:55.442241] https://sdh.uit.edu.vn/sites/default/files/js/js_Svi3Gfvoc2rfblM1XGkwlCdQHwQp9F1reElruFBTucs.js status=None
[2025-10-14T03:06:55.644049] https://sdh.uit.edu.vn/sites/default/files/js/js_nZTpD7lXhq6UiaC_G7LtAmKxW3PUYc_2Q06WUiC69zU.js status=None
[2025-10-14T03:06:55.833942] https://sdh.uit.edu.vn/sites/default/files/js/js_bMNcqAqOcpVB4VGYw6F9HDONHfb363vwhq0fr67kcxM.js status=None
[2025-10-14T03:06:56.053898] https://sdh.uit.edu.vn/sites/default/files/js/js_bL1gwemNA64uDbzMF2N_zUuuznpEXZ13zuN256dUCSA.js status=None
[2025-10-14T03:06:56.333166] http://sdh.uit.edu.vn/sites/all/themes/open_framework/js/html5shiv.js status=None
[2025-10-14T03:06:56.744025] http://sdh.uit.edu.vn/thong-tin-tuyen-sinh#main status=None
[2025-10-14T03:06:57.145654] http://sdh.uit.edu.vn/thong-tin-tuyen-sinh#main-nav status=None
[2025-10-14T03:06:57.591196] http://sdh.uit.edu.vn/ status=None
[2025-10-14T03:06:57.781789] https://sdh.uit.edu.vn/sites/default/files/banner.jpg status=None
[2025-10-14T03:06:57.971920] https://sdh.uit.edu.vn/sites/all/themes/open_framework/images/searchbutton.png status=None
[2025-10-14T03:06:58.429753] http://sdh.uit.edu.vn/thong-bao status=None
[2025-10-14T03:06:58.823018] http://sdh.uit.edu.vn/thong-bao-chung status=None
[2025-10-14T03:06:59.212056] http://sdh.uit.edu.vn/thong-bao/thong-bao-hoc-vu status=None
[2025-10-14T03:06:59.601135] http://sdh.uit.edu.vn/thong-bao/thong-bao-nghi-bu status=None
[2025-10-14T03:06:59.992095] http://sdh.uit.edu.vn/thong-bao-hoc-bong status=None
[2025-10-14T03:07:00.394300] http://sdh.uit.edu.vn/thong-bao-tuyen-sinh status=None
[2025-10-14T03:07:00.794071] http://sdh.uit.edu.vn/dao-tao-thac-si/ho-so-tuyen-sinh status=None
[2025-10-14T03:07:01.766607] http://sdh.uit.edu.vn/de-cuong-on-tap status=None
[2025-10-14T03:07:02.168374] http://sdh.uit.edu.vn/bai-viet/huong-dan-dong-le-phi-thi status=None
[2025-10-14T03:07:02.722443] http://sdh.uit.edu.vn/quy-che-quy-dinh status=None
[2025-10-14T03:07:03.181211] http://sdh.uit.edu.vn/quy-che-quy-dinh-thac-si status=None
[2025-10-14T03:07:03.582496] http://sdh.uit.edu.vn/quy-che-quy-dinh-tien-si status=None
